st_num,route,city,state,zipcode,full,lat,long
3150,Spain Road,Snellville,GA,30039,"3150 Spain Rd, Snellville, GA 30039, USA",33.8032306,-84.0689278
125,West Washington Street,Iowa City,IA,52242,"125 W Washington St, Iowa City, IA 52242, USA",41.659548,-91.5384411
4004,4th Avenue,Iowa City,NY,11232,"4004 4th Ave, Brooklyn, NY 11232, USA",40.6519928,-74.0072938
4521,Centerville Highway,Snellville,GA,30039,"4521 Centerville Hwy, Snellville, GA 30039, USA",33.7755485,-84.04994649999999
7340,North Rogers Avenue,Chicago,IL,60626,"7340 N Rogers Ave, Chicago, IL 60626, USA",42.0151063,-87.6780744
1145,West Wilson Avenue,Chicago,IL,60640,"1145 W Wilson Ave, Chicago, IL 60640, USA",41.9643945,-87.6599641
239,Park Avenue,Portland,ME,04102,"239 Park Ave, Portland, ME 04102, USA",43.6562887,-70.2772632
750,Classon Avenue,Portland,NY,11238,"750 Classon Ave, Brooklyn, NY 11238, USA",40.6745299,-73.9609174
929,Charles Allen Drive Northeast,Atlanta,GA,30309,"929 Charles Allen Dr NE, Atlanta, GA 30309, USA",33.780565,-84.37274699999999
644,West Belmont Avenue,Chicago,IL,60657,"644 W Belmont Ave, Chicago, IL 60657, USA",41.940274,-87.646204
443,Saint Marks Avenue,Chicago,NY,11238,"443 St Marks Ave, Brooklyn, NY 11238, USA",40.6769629,-73.9600909
15151,Northwest 82nd Avenue,Miami Lakes,FL,33016,"15151 NW 82nd Ave, Miami Lakes, FL 33016, USA",25.9114607,-80.3320767
2014,Bees Ferry Road,Charleston,SC,29414,"2014 Bees Ferry Rd, Charleston, SC 29414, USA",32.831972,-80.06937099999999
914,East Camelback Road,Phoenix,AZ,85014,"914 E Camelback Rd, Phoenix, AZ 85014, USA",33.5094011,-112.0613189
914,East Camelback Road,Phoenix,AZ,85014,"914 E Camelback Rd, Phoenix, AZ 85014, USA",33.5094011,-112.0613189
12424,Scofield Farms Drive,Austin,TX,78758,"12424 Scofield Farms Dr, Austin, TX 78758, USA",30.4099358,-97.6880703
4521,Centerville Highway,Snellville,GA,30039,"4521 Centerville Hwy, Snellville, GA 30039, USA",33.7755485,-84.04994649999999
2014,Bees Ferry Road,Charleston,SC,29414,"2014 Bees Ferry Rd, Charleston, SC 29414, USA",32.831972,-80.06937099999999
607,Airport Road Southwest,Huntsville,AL,35802,"607 Airport Rd SW, Huntsville, AL 35802, USA",34.6902694,-86.570549
4521,Centerville Highway,Snellville,GA,30039,"4521 Centerville Hwy, Snellville, GA 30039, USA",33.7755485,-84.04994649999999
3150,Spain Road,Snellville,GA,30039,"3150 Spain Rd, Snellville, GA 30039, USA",33.8032306,-84.0689278
2701,Robious Crossing Drive,Midlothian,VA,23113,"2701 Robious Crossing Dr, Midlothian, VA 23113, USA",37.52968570000001,-77.6133236
750,Classon Avenue,Midlothian,NY,11238,"750 Classon Ave, Brooklyn, NY 11238, USA",40.6745299,-73.9609174
239,Park Avenue,Portland,ME,04102,"239 Park Ave, Portland, ME 04102, USA",43.6562887,-70.2772632
120,Rogers Road,Kittery,ME,03904,"120 Rogers Rd, Kittery, ME 03904, USA",43.0974012,-70.7361291
1401,West Green Street,Urbana,IL,61801,"1401 W Green St, Urbana, IL 61801, USA",40.1092101,-88.2272225
2701,Robious Crossing Drive,Midlothian,VA,23113,"2701 Robious Crossing Dr, Midlothian, VA 23113, USA",37.52968570000001,-77.6133236
100,Byrd Way,Greenwood,IN,46143,"100 Byrd Way, Greenwood, IN 46143, USA",39.612826,-86.07831829999999
2701,Robious Crossing Drive,Midlothian,VA,23113,"2701 Robious Crossing Dr, Midlothian, VA 23113, USA",37.52968570000001,-77.6133236
80,Underhill Avenue,Midlothian,NY,11238,"80 Underhill Ave, Brooklyn, NY 11238, USA",40.6784354,-73.96583059999999
351,West University Avenue,El Paso,TX,79902,"351 W University Ave, El Paso, TX 79902, USA",31.7716956,-106.5033745
1580,Peachtree Street Northwest,Atlanta,GA,30309,"1580 Peachtree St NW, Atlanta, GA 30309, USA",33.7969369,-84.3896772
80,Underhill Avenue,Atlanta,NY,11238,"80 Underhill Ave, Brooklyn, NY 11238, USA",40.6784354,-73.96583059999999
4521,Centerville Highway,Snellville,GA,30039,"4521 Centerville Hwy, Snellville, GA 30039, USA",33.7755485,-84.04994649999999
