st_num,route,city,state,zipcode,full,lat,long
4521,Centerville Highway,Snellville,GA,30039,"4521 Centerville Hwy, Snellville, GA 30039, USA",33.7755485,-84.04994649999999
3150,Spain Road,Snellville,GA,30039,"3150 Spain Rd, Snellville, GA 30039, USA",33.8032306,-84.0689278
3150,Spain Road,Charleston,SC,30039,"Charleston, SC, USA",32.7764749,-79.93105120000001
11,East Bacon Street,Hillsdale,MI,49242,"11 E Bacon St, Hillsdale, MI 49242, USA",41.9206637,-84.6340962
861,Riverland Drive,Charleston,SC,29412,"861 Riverland Dr, Charleston, SC 29412, USA",32.7351385,-79.9902956
900,East 7th Street,Bloomington,IN,47405,"900 E 7th St, Bloomington, IN 47405, USA",39.167611,-86.5233896
3150,Spain Road,Snellville,GA,30039,"3150 Spain Rd, Snellville, GA 30039, USA",33.8032306,-84.0689278
80,Underhill Avenue,Snellville,NY,11238,"80 Underhill Ave, Brooklyn, NY 11238, USA",40.6784354,-73.96583059999999
861,Riverland Drive,Charleston,SC,29412,"861 Riverland Dr, Charleston, SC 29412, USA",32.7351385,-79.9902956
1580,Peachtree Street Northwest,Atlanta,GA,30309,"1580 Peachtree St NW, Atlanta, GA 30309, USA",33.7969369,-84.3896772
950,North Garibaldi Avenue,Bangor,PA,18013,"950 N Garibaldi Ave, Bangor, PA 18013, USA",40.8861767,-75.2251847
80,Underhill Avenue,Bangor,NY,11238,"80 Underhill Ave, Brooklyn, NY 11238, USA",40.6784354,-73.96583059999999
3150,Spain Road,Snellville,GA,30039,"3150 Spain Rd, Snellville, GA 30039, USA",33.8032306,-84.0689278
11,East Bacon Street,Hillsdale,MI,49242,"11 E Bacon St, Hillsdale, MI 49242, USA",41.9206637,-84.6340962
3150,Spain Road,Snellville,GA,30039,"3150 Spain Rd, Snellville, GA 30039, USA",33.8032306,-84.0689278
3301,Old York Road,Philadelphia,PA,19140,"3301 Old York Rd, Philadelphia, PA 19140, USA",40.0033977,-75.14833589999999
4125,Carpenter Avenue,Philadelphia,NY,10466,"4125 Carpenter Ave, Bronx, NY 10466, USA",40.8923187,-73.8618979
11,East Bacon Street,Hillsdale,MI,49242,"11 E Bacon St, Hillsdale, MI 49242, USA",41.9206637,-84.6340962
4521,Centerville Highway,Snellville,GA,30039,"4521 Centerville Hwy, Snellville, GA 30039, USA",33.7755485,-84.04994649999999
610,East Center Street,Pleasant Grove,UT,84062,"610 E Center St, Pleasant Grove, UT 84062, USA",40.3636516,-111.7275472
4521,Centerville Highway,Snellville,GA,30039,"4521 Centerville Hwy, Snellville, GA 30039, USA",33.7755485,-84.04994649999999
3301,Old York Road,Philadelphia,PA,19140,"3301 Old York Rd, Philadelphia, PA 19140, USA",40.0033977,-75.14833589999999
4521,Centerville Highway,Snellville,GA,30039,"4521 Centerville Hwy, Snellville, GA 30039, USA",33.7755485,-84.04994649999999
1401,West Green Street,Urbana,IL,61801,"1401 W Green St, Urbana, IL 61801, USA",40.1092101,-88.2272225
610,East Center Street,Pleasant Grove,UT,84062,"610 E Center St, Pleasant Grove, UT 84062, USA",40.3636516,-111.7275472
861,Riverland Drive,Charleston,SC,29412,"861 Riverland Dr, Charleston, SC 29412, USA",32.7351385,-79.9902956
3301,Old York Road,Philadelphia,PA,19140,"3301 Old York Rd, Philadelphia, PA 19140, USA",40.0033977,-75.14833589999999
4521,Centerville Highway,Snellville,GA,30039,"4521 Centerville Hwy, Snellville, GA 30039, USA",33.7755485,-84.04994649999999
3150,Spain Road,Snellville,GA,30039,"3150 Spain Rd, Snellville, GA 30039, USA",33.8032306,-84.0689278
3301,Old York Road,Philadelphia,PA,19140,"3301 Old York Rd, Philadelphia, PA 19140, USA",40.0033977,-75.14833589999999
1900,North Vermont Avenue,Los Angeles,CA,90027,"1900 N Vermont Ave, Los Angeles, CA 90027, USA",34.1057044,-118.2914882
11,East Bacon Street,Hillsdale,MI,49242,"11 E Bacon St, Hillsdale, MI 49242, USA",41.9206637,-84.6340962
4521,Centerville Highway,Snellville,GA,30039,"4521 Centerville Hwy, Snellville, GA 30039, USA",33.7755485,-84.04994649999999
950,Garibaldi Street Southwest,Atlanta,GA,30310,"950 Garibaldi St SW, Atlanta, GA 30310, USA",33.729056,-84.39910669999999
11,East Bacon Street,Hillsdale,MI,49242,"11 E Bacon St, Hillsdale, MI 49242, USA",41.9206637,-84.6340962
3301,Old York Road,Philadelphia,PA,19140,"3301 Old York Rd, Philadelphia, PA 19140, USA",40.0033977,-75.14833589999999
3301,Old York Road,Philadelphia,PA,19140,"3301 Old York Rd, Philadelphia, PA 19140, USA",40.0033977,-75.14833589999999
4521,Centerville Highway,Snellville,GA,30039,"4521 Centerville Hwy, Snellville, GA 30039, USA",33.7755485,-84.04994649999999
3150,Spain Road,Snellville,GA,30039,"3150 Spain Rd, Snellville, GA 30039, USA",33.8032306,-84.0689278
4521,Centerville Highway,Snellville,GA,30039,"4521 Centerville Hwy, Snellville, GA 30039, USA",33.7755485,-84.04994649999999
419,Waverly Avenue,Snellville,NY,11238,"419 Waverly Ave, Brooklyn, NY 11238, USA",40.6854357,-73.9658766
4521,Centerville Highway,Snellville,GA,30039,"4521 Centerville Hwy, Snellville, GA 30039, USA",33.7754561,-84.0500694
950,North Garibaldi Avenue,Bangor,PA,18013,"950 N Garibaldi Ave, Bangor, PA 18013, USA",40.8861767,-75.2251847
2875,Ashley River Road,Charleston,SC,29414,"2875 Ashley River Rd #5, Charleston, SC 29414, USA",32.84328480000001,-80.0591757
2014,Bees Ferry Road,Charleston,SC,29414,"2014 Bees Ferry Rd, Charleston, SC 29414, USA",32.831972,-80.06937099999999
