st_num,route,city,state,zipcode,full,lat,long
605,Bridge Street,Fuquay Varina,NC,27526,"605 Bridge St, Fuquay Varina, NC 27526, USA",35.592445,-78.80964
701,Pennsylvania Avenue Southeast,Washington,DC,20003,"701 Pennsylvania Ave SE, Washington, DC 20003, USA",38.8842311,-76.9958297
24,North Henry Street,Washington,NY,11222,"24 N Henry St, Brooklyn, NY 11222, USA",40.7198377,-73.94241
701,Pennsylvania Avenue Southeast,Washington,DC,20003,"701 Pennsylvania Ave SE, Washington, DC 20003, USA",38.8842311,-76.9958297
1415,Old Canton Road,Marietta,GA,30062,"1415 Old Canton Rd, Marietta, GA 30062, USA",33.9834383,-84.4634524
955,Johnson Ferry Road,Marietta,GA,30068,"955 Johnson Ferry Rd, Marietta, GA 30068, USA",33.972301,-84.4148045
100,Commerce Court,Pooler,GA,31322,"100 Commerce Ct, Pooler, GA 31322, USA",32.0917381,-81.2573038
1415,Old Canton Road,Marietta,GA,30062,"1415 Old Canton Rd, Marietta, GA 30062, USA",33.9834383,-84.4634524
1415,Old Canton Road,Snellville,GA,30062,"Snellville, GA, USA",33.857328,-84.0199108
80,Underhill Avenue,Snellville,NY,11238,"80 Underhill Ave, Brooklyn, NY 11238, USA",40.6784354,-73.96583059999999
701,Pennsylvania Avenue Southeast,Washington,DC,20003,"701 Pennsylvania Ave SE, Washington, DC 20003, USA",38.8842311,-76.9958297
701,Pennsylvania Avenue Southeast,Washington,DC,20003,"701 Pennsylvania Ave SE, Washington, DC 20003, USA",38.8842311,-76.9958297
701,Pennsylvania Avenue Southeast,Washington,DC,20003,"701 Pennsylvania Ave SE, Washington, DC 20003, USA",38.8842311,-76.9958297
701,Pennsylvania Avenue Southeast,New York,NY,20003,"New York, NY, USA",40.7127753,-74.0059728
701,Pennsylvania Avenue Southeast,Snellville,GA,20003,"Snellville, GA, USA",33.857328,-84.0199108
12400,Imperial Highway,Norwalk,CA,90650,"12400 Imperial Hwy, Norwalk, CA 90650, USA",33.9160764,-118.067914
955,Johnson Ferry Road,Marietta,GA,30068,"955 Johnson Ferry Rd, Marietta, GA 30068, USA",33.972301,-84.4148045
444,Brightfield Trail,Ballwin,MO,63021,"444 Brightfield Trail, Ballwin, MO 63021, USA",38.5708583,-90.5261146
2255,Eastland Parkway,Lexington,KY,40505,"2255 Eastland Pkwy, Lexington, KY 40505, USA",38.0495122,-84.4371646
4250,East Karen Avenue,Las Vegas,NV,89121,"4250 E Karen Ave, Las Vegas, NV 89121, USA",36.1415442,-115.0815151
883,Mikell Drive,Charleston,SC,29412,"883 Mikell Dr, Charleston, SC 29412, USA",32.7377272,-79.9295842
883,Mikell Drive,Snellville,GA,29412,"Snellville, GA, USA",33.857328,-84.0199108
12400,Imperial Highway,Norwalk,CA,90650,"12400 Imperial Hwy, Norwalk, CA 90650, USA",33.9160764,-118.067914
100,Commerce Court,Pooler,GA,31322,"100 Commerce Ct, Pooler, GA 31322, USA",32.0917381,-81.2573038
100,Commerce Court,New York,NY,31322,"New York, NY, USA",40.7127753,-74.0059728
701,Pennsylvania Avenue Southeast,Washington,DC,20003,"701 Pennsylvania Ave SE, Washington, DC 20003, USA",38.8842311,-76.9958297
12400,Imperial Highway,Norwalk,CA,90650,"12400 Imperial Hwy, Norwalk, CA 90650, USA",33.9160764,-118.067914
701,Pennsylvania Avenue Southeast,Washington,DC,20003,"701 Pennsylvania Ave SE, Washington, DC 20003, USA",38.8842311,-76.9958297
701,Pennsylvania Avenue Southeast,Washington,DC,20003,"701 Pennsylvania Ave SE, Washington, DC 20003, USA",38.8842311,-76.9958297
701,Pennsylvania Avenue Southeast,Snellville,GA,20003,"Snellville, GA, USA",33.857328,-84.0199108
950,Garibaldi Street Southwest,Atlanta,GA,30310,"950 Garibaldi St SW, Atlanta, GA 30310, USA",33.729056,-84.39910669999999
950,Garibaldi Street Southwest,Snellville,GA,30310,"Snellville, GA, USA",33.857328,-84.0199108
