st_num,route,city,state,zipcode,full,lat,long
955,Johnson Ferry Road,Marietta,GA,30068,"955 Johnson Ferry Rd, Marietta, GA 30068, USA",33.972301,-84.4148045
750,Classon Avenue,Marietta,NY,11238,"750 Classon Ave, Brooklyn, NY 11238, USA",40.6745299,-73.9609174
1070,Lane Allen Road,Lexington,KY,40504,"1070 Lane Allen Rd, Lexington, KY 40504, USA",38.0336962,-84.5569726
70,Ocean Parkway,Lexington,NY,11218,"70 Ocean Pkwy, Brooklyn, NY 11218, USA",40.648959,-73.9758478
955,Johnson Ferry Road,Marietta,GA,30068,"955 Johnson Ferry Rd, Marietta, GA 30068, USA",33.972301,-84.4148045
701,Pennsylvania Avenue Southeast,Washington,DC,20003,"701 Pennsylvania Ave SE, Washington, DC 20003, USA",38.8842311,-76.9958297
4521,Centerville Highway,Snellville,GA,30039,"4521 Centerville Hwy, Snellville, GA 30039, USA",33.7755485,-84.04994649999999
950,Garibaldi Street Southwest,Atlanta,GA,30310,"Pittman Park, 950 Garibaldi St SW, Atlanta, GA 30310, USA",33.7275654,-84.3978621
395,Chamberlain Street Southeast,Atlanta,GA,30312,"395 Chamberlain St SE, Atlanta, GA 30312, USA",33.75339640000001,-84.3747813
395,Chamberlain Street Southeast,Atlanta,GA,30312,"395 Chamberlain St SE, Atlanta, GA 30312, USA",33.75339640000001,-84.3747813
955,Johnson Ferry Road,Marietta,GA,30068,"955 Johnson Ferry Rd, Marietta, GA 30068, USA",33.972301,-84.4148045
395,Chamberlain Street Southeast,Atlanta,GA,30312,"395 Chamberlain St SE, Atlanta, GA 30312, USA",33.75339640000001,-84.3747813
10630,Bedfordtown Drive,Raleigh,NC,27614,"10630 Bedfordtown Dr, Raleigh, NC 27614, USA",35.925689,-78.56586340000001
955,Johnson Ferry Road,Marietta,GA,30068,"955 Johnson Ferry Rd, Marietta, GA 30068, USA",33.972301,-84.4148045
80,Underhill Avenue,Marietta,NY,11238,"80 Underhill Ave, Brooklyn, NY 11238, USA",40.6784354,-73.96583059999999
4521,Centerville Highway,Snellville,GA,30039,"4521 Centerville Hwy, Snellville, GA 30039, USA",33.7755485,-84.04994649999999
443,Saint Marks Avenue,Snellville,NY,11238,"443 St Marks Ave, Brooklyn, NY 11238, USA",40.6769629,-73.9600909
330,East University Drive,Tempe,AZ,85281,"330 E University Dr, Tempe, AZ 85281, USA",33.4223909,-111.9335784
955,Johnson Ferry Road,Marietta,GA,30068,"955 Johnson Ferry Rd, Marietta, GA 30068, USA",33.972301,-84.4148045
955,Johnson Ferry Road,Marietta,GA,30068,"955 Johnson Ferry Rd, Marietta, GA 30068, USA",33.972301,-84.4148045
521,East Avenue North,La Crosse,WI,54601,"521 East Avenue N, La Crosse, WI 54601, USA",43.8169905,-91.22966029999999
955,Johnson Ferry Road,Marietta,GA,30068,"955 Johnson Ferry Rd, Marietta, GA 30068, USA",33.972301,-84.4148045
955,Johnson Ferry Road,Saint Petersburg,FL,30068,"St. Petersburg, FL, USA",27.7676008,-82.64029149999999
644,West Belmont Avenue,Chicago,IL,60657,"644 W Belmont Ave, Chicago, IL 60657, USA",41.940274,-87.646204
521,East Avenue North,La Crosse,WI,54601,"521 East Avenue N, La Crosse, WI 54601, USA",43.8169905,-91.22966029999999
4521,Centerville Highway,Snellville,GA,30039,"4521 Centerville Hwy, Snellville, GA 30039, USA",33.7755485,-84.04994649999999
8111,Kirby Drive,Houston,TX,77054,"Holiday Inn Houston - Reliant Park, 8111 Kirby Dr, Houston, TX 77054, USA",29.6903479,-95.4113816
955,Johnson Ferry Road,Marietta,GA,30068,"955 Johnson Ferry Rd, Marietta, GA 30068, USA",33.972301,-84.4148045
521,East Avenue North,La Crosse,WI,54601,"521 East Avenue N, La Crosse, WI 54601, USA",43.8169905,-91.22966029999999
1780,East University Avenue,Las Cruces,NM,88003,"1780 E University Ave, Las Cruces, NM 88003, USA",32.2847126,-106.7448267
644,West Belmont Avenue,Chicago,IL,60657,"644 W Belmont Ave, Chicago, IL 60657, USA",41.940274,-87.646204
955,Johnson Ferry Road,Marietta,GA,30068,"955 Johnson Ferry Rd, Marietta, GA 30068, USA",33.972301,-84.4148045
521,East Avenue North,La Crosse,WI,54601,"521 East Avenue N, La Crosse, WI 54601, USA",43.8169905,-91.22966029999999
