st_num,route,city,state,zipcode,full,lat,long
2000,Winchester Road,Lexington,KY,40509,"2000 Winchester Rd, Lexington, KY 40509, USA",38.0395314,-84.4357461
2031,North Arizona Avenue,Chandler,AZ,85225,"2031 N Arizona Ave, Chandler, AZ 85225, USA",33.3362361,-111.8391419
750,Classon Avenue,Chandler,NY,11238,"750 Classon Ave, Brooklyn, NY 11238, USA",40.6745299,-73.9609174
412,Northeast 22nd Street,Miami,FL,33137,"412 NE 22nd St, Miami, FL 33137, USA",25.7979453,-80.1877899
950,North Garibaldi Avenue,Bangor,PA,18013,"950 N Garibaldi Ave, Bangor, PA 18013, USA",40.8861767,-75.2251847
2031,North Arizona Avenue,Chandler,AZ,85225,"2031 N Arizona Ave, Chandler, AZ 85225, USA",33.3362361,-111.8391419
2701,Robious Crossing Drive,Midlothian,VA,23113,"2701 Robious Crossing Dr, Midlothian, VA 23113, USA",37.52968570000001,-77.6133236
2031,North Arizona Avenue,Chandler,AZ,85225,"2031 N Arizona Ave, Chandler, AZ 85225, USA",33.3362361,-111.8391419
686,Museum Road,Gainesville,FL,32603,"686 Museum Rd, Gainesville, FL 32603, USA",29.6462205,-82.34778850000001
2701,Robious Crossing Drive,Midlothian,VA,23113,"2701 Robious Crossing Dr, Midlothian, VA 23113, USA",37.52968570000001,-77.6133236
2701,Robious Crossing Drive,New York,NY,23113,"New York, NY, USA",40.7127753,-74.0059728
2701,Robious Crossing Drive,Midlothian,VA,23113,"2701 Robious Crossing Dr, Midlothian, VA 23113, USA",37.52968570000001,-77.6133236
2014,Bees Ferry Road,Charleston,SC,29414,"2014 Bees Ferry Rd, Charleston, SC 29414, USA",32.831972,-80.06937099999999
2014,Bees Ferry Road,Prairie View,TX,29414,"Prairie View, TX, USA",30.0932737,-95.9877339
2031,North Arizona Avenue,Chandler,AZ,85225,"2031 N Arizona Ave, Chandler, AZ 85225, USA",33.3362361,-111.8391419
2199,Southwest Savona Boulevard,Port St. Lucie,FL,34953,"2199 SW Savona Blvd, Port St. Lucie, FL 34953, USA",27.2769244,-80.3854805
1518,Main Road,Johns Island,SC,29455,"1518 Main Rd, Johns Island, SC 29455, USA",32.724856,-80.098568
2031,North Arizona Avenue,Chandler,AZ,85225,"2031 N Arizona Ave, Chandler, AZ 85225, USA",33.3362361,-111.8391419
180,7th Avenue,Chandler,NY,11215,"180 7th Ave, Brooklyn, NY 11215, USA",40.671733,-73.9785034
950,Garibaldi Street Southwest,Atlanta,GA,30310,"Pittman Park, 950 Garibaldi St SW, Atlanta, GA 30310, USA",33.7275654,-84.3978621
950,Garibaldi Street Southwest,Detroit,MI,30310,"Eastern Market, Detroit, MI, USA",42.3484978,-83.0401653
84,Herbert Street,Detroit,NY,11222,"84 Herbert St, Brooklyn, NY 11222, USA",40.7200812,-73.94218649999999
1518,Main Road,Johns Island,SC,29455,"1518 Main Rd, Johns Island, SC 29455, USA",32.724856,-80.098568
2199,Southwest Savona Boulevard,Port St. Lucie,FL,34953,"2199 SW Savona Blvd, Port St. Lucie, FL 34953, USA",27.2769244,-80.3854805
1518,Main Road,Johns Island,SC,29455,"1518 Main Rd, Johns Island, SC 29455, USA",32.724856,-80.098568
14,Tommie Collie Jane Road,Oxford,MS,38655,"14 Tommie Collie Jane Rd, Oxford, MS 38655, USA",34.3637837,-89.5823188
120,Rogers Road,Kittery,ME,03904,"120 Rogers Rd, Kittery, ME 03904, USA",43.0974012,-70.7361291
