st_num,route,city,state,zipcode,full,lat,long
330,North Big Bend Boulevard,St. Louis,MO,63130,"330 N Big Bend Blvd, St. Louis, MO 63130, USA",38.6492556,-90.31504559999999
80,Underhill Avenue,St. Louis,NY,11238,"80 Underhill Ave, Brooklyn, NY 11238, USA",40.6784354,-73.96583059999999
4761,Luella Avenue,North Charleston,SC,29405,"4761 Luella Ave, North Charleston, SC 29405, USA",32.8789969,-79.9992419
4761,Luella Avenue,Snellville,GA,29405,"Snellville, GA, USA",33.857328,-84.0199108
10630,Bedfordtown Drive,Raleigh,NC,27614,"10630 Bedfordtown Dr, Raleigh, NC 27614, USA",35.925689,-78.56586340000001
701,Pennsylvania Avenue Southeast,Washington,DC,20003,"701 Pennsylvania Ave SE, Washington, DC 20003, USA",38.8842311,-76.9958297
330,North Big Bend Boulevard,St. Louis,MO,63130,"330 N Big Bend Blvd, St. Louis, MO 63130, USA",38.6492556,-90.31504559999999
4702,Mount Road,Aston,PA,19014,"4702 Mount Rd, Aston, PA 19014, USA",39.8903999,-75.44096069999999
