st_num,route,city,state,zipcode,full,lat,long
419,Waverly Avenue,New York,NY,11238,"New York, NY, USA",40.7127753,-74.0059728
861,Riverland Drive,Charleston,SC,29412,"861 Riverland Dr, Charleston, SC 29412, USA",32.7351385,-79.9902956
4,South Eagleville Road,Mansfield,CT,06268,"Mansfield Town Hall, 4 S Eagleville Rd, Storrs, CT 06268, USA",41.8014173,-72.2425733
1580,Peachtree Street Northwest,Atlanta,GA,30309,"1580 Peachtree St NW, Atlanta, GA 30309, USA",33.7969369,-84.3896772
861,Riverland Drive,Charleston,SC,29412,"861 Riverland Dr, Charleston, SC 29412, USA",32.7351385,-79.9902956
861,Riverland Drive,New York,NY,29412,"New York, NY, USA",40.7127753,-74.0059728
3150,Spain Road,Snellville,GA,30039,"3150 Spain Rd, Snellville, GA 30039, USA",33.8032306,-84.0689278
1580,Peachtree Street Northwest,Atlanta,GA,30309,"1580 Peachtree St NW, Atlanta, GA 30309, USA",33.7969369,-84.3896772
3150,Spain Road,Snellville,GA,30039,"3150 Spain Rd, Snellville, GA 30039, USA",33.8032306,-84.0689278
303,2nd Avenue,Fort Yates,ND,58538,"303 2nd Ave, Fort Yates, ND 58538, USA",46.0857068,-100.6307663
80,Underhill Avenue,Fort Yates,NY,11238,"80 Underhill Ave, Brooklyn, NY 11238, USA",40.6784354,-73.96583059999999
80,Underhill Avenue,Fort Yates,NY,11238,"80 Underhill Ave, Brooklyn, NY 11238, USA",40.6784354,-73.96583059999999
1580,Peachtree Street Northwest,Atlanta,GA,30309,"1580 Peachtree St NW, Atlanta, GA 30309, USA",33.7969369,-84.3896772
3150,Spain Road,Snellville,GA,30039,"3150 Spain Rd, Snellville, GA 30039, USA",33.8032306,-84.0689278
80,Underhill Avenue,Snellville,NY,11238,"80 Underhill Ave, Brooklyn, NY 11238, USA",40.6784354,-73.96583059999999
3150,Spain Road,Snellville,GA,30039,"3150 Spain Rd, Snellville, GA 30039, USA",33.8032306,-84.0689278
3150,Spain Road,New York,NY,30039,"New York, NY, USA",40.7127753,-74.0059728
1580,Peachtree Street Northwest,Atlanta,GA,30309,"1580 Peachtree St NW, Atlanta, GA 30309, USA",33.7969369,-84.3896772
419,Waverly Avenue,Atlanta,NY,11238,"419 Waverly Ave, Brooklyn, NY 11238, USA",40.6854357,-73.9658766
239,Park Avenue,Portland,ME,04102,"239 Park Ave, Portland, ME 04102, USA",43.6562887,-70.2772632
900,East 7th Street,Bloomington,IN,47405,"900 E 7th St, Bloomington, IN 47405, USA",39.167611,-86.5233896
3150,Spain Road,Snellville,GA,30039,"3150 Spain Rd, Snellville, GA 30039, USA",33.8032306,-84.0689278
3150,Spain Road,Snellville,GA,30039,"3150 Spain Rd, Snellville, GA 30039, USA",33.8032306,-84.0689278
4,South Eagleville Road,Mansfield,CT,06268,"Mansfield Town Hall, 4 S Eagleville Rd, Storrs, CT 06268, USA",41.8014173,-72.2425733
1501,Maple Street,Denton,TX,76201,"Methodist Student Center, 1501 Maple St, Denton, TX 76201, USA",33.2079439,-97.14887560000001
1501,Maple Street,New York,NY,76201,"New York, NY, USA",40.7127753,-74.0059728
950,North Garibaldi Avenue,Bangor,PA,18013,"950 N Garibaldi Ave, Bangor, PA 18013, USA",40.8861767,-75.2251847
12424,Scofield Farms Drive,Austin,TX,78758,"12424 Scofield Farms Dr, Austin, TX 78758, USA",30.4099358,-97.6880703
419,Waverly Avenue,Austin,NY,11238,"419 Waverly Ave, Brooklyn, NY 11238, USA",40.6854357,-73.9658766
412,Northeast 22nd Street,Miami,FL,33137,"412 NE 22nd St, Miami, FL 33137, USA",25.7979453,-80.1877899
1580,Peachtree Street Northwest,Atlanta,GA,30309,"1580 Peachtree St NW, Atlanta, GA 30309, USA",33.7969369,-84.3896772
1580,Peachtree Street Northwest,Atlanta,GA,30309,"1580 Peachtree St NW, Atlanta, GA 30309, USA",33.7969369,-84.3896772
1580,Peachtree Street Northwest,New York,NY,30309,"New York, NY, USA",40.7127753,-74.0059728
1580,Peachtree Street Northwest,New York,NY,30309,"New York, NY, USA",40.7127753,-74.0059728
330,East University Drive,Tempe,AZ,85281,"330 E University Dr, Tempe, AZ 85281, USA",33.4223909,-111.9335784
900,East 7th Street,Bloomington,IN,47405,"900 E 7th St, Bloomington, IN 47405, USA",39.167611,-86.5233896
900,East 7th Street,New York,NY,47405,"New York, NY, USA",40.7127753,-74.0059728
1580,Peachtree Street Northwest,Atlanta,GA,30309,"1580 Peachtree St NW, Atlanta, GA 30309, USA",33.7969369,-84.3896772
1015,North Quincy Street,Arlington,VA,22201,"1015 N Quincy St, Arlington, VA 22201, USA",38.8838438,-77.1072554
1015,North Quincy Street,New York,NY,22201,"New York, NY, USA",40.7127753,-74.0059728
1501,Maple Street,Denton,TX,76201,"Methodist Student Center, 1501 Maple St, Denton, TX 76201, USA",33.2079439,-97.14887560000001
80,Underhill Avenue,Denton,NY,11238,"80 Underhill Ave, Brooklyn, NY 11238, USA",40.6784354,-73.96583059999999
80,Underhill Avenue,New York,NY,11238,"New York, NY, USA",40.7127753,-74.0059728
80,Underhill Avenue,New York,NY,11238,"New York, NY, USA",40.7127753,-74.0059728
