st_num,route,city,state,zipcode,full,lat,long
3275,Tig Knight Road,Loganville,GA,30052,"3275 Tig Knight Rd, Loganville, GA 30052, USA",33.81485290000001,-83.874056
70,Ocean Parkway,Loganville,NY,11218,"70 Ocean Pkwy, Brooklyn, NY 11218, USA",40.648959,-73.97584789999999
80,Underhill Avenue,Loganville,NY,11238,"80 Underhill Ave, Brooklyn, NY 11238, USA",40.6784354,-73.96583059999999
550,Chestnut Street,Terre Haute,IN,47809,"550 Chestnut St, Terre Haute, IN 47809, USA",39.4711383,-87.4106802
3275,Tig Knight Road,Loganville,GA,30052,"3275 Tig Knight Rd, Loganville, GA 30052, USA",33.81485290000001,-83.874056
163,West 97th Street,New York,NY,10025,"163 W 97th St, New York, NY 10025, USA",40.7948887,-73.9684479
3275,Tig Knight Road,Loganville,GA,30052,"3275 Tig Knight Rd, Loganville, GA 30052, USA",33.81485290000001,-83.874056
444,Brightfield Trail,Ballwin,MO,63021,"444 Brightfield Trail, Ballwin, MO 63021, USA",38.5708583,-90.5261146
100,Commerce Court,Pooler,GA,31322,"100 Commerce Ct, Pooler, GA 31322, USA",32.0917381,-81.2573038
3275,Tig Knight Road,Loganville,GA,30052,"3275 Tig Knight Rd, Loganville, GA 30052, USA",33.81485290000001,-83.874056
1415,Old Canton Road,Marietta,GA,30062,"1415 Old Canton Rd, Marietta, GA 30062, USA",33.9834383,-84.4634524
1415,Old Canton Road,Snellville,GA,30062,"Snellville, GA, USA",33.857328,-84.0199108
883,Mikell Drive,Charleston,SC,29412,"883 Mikell Dr, Charleston, SC 29412, USA",32.7377272,-79.9295842
550,Chestnut Street,Terre Haute,IN,47809,"550 Chestnut St, Terre Haute, IN 47809, USA",39.4711383,-87.4106802
295,South Campus Drive,Salt Lake City,UT,84112,"295 S Campus Dr, Salt Lake City, UT 84112, USA",40.7624752,-111.8461846
550,Chestnut Street,Terre Haute,IN,47809,"550 Chestnut St, Terre Haute, IN 47809, USA",39.4711383,-87.4106802
295,South Campus Drive,Salt Lake City,UT,84112,"295 S Campus Dr, Salt Lake City, UT 84112, USA",40.7624752,-111.8461846
295,South Campus Drive,Salt Lake City,UT,84112,"295 S Campus Dr, Salt Lake City, UT 84112, USA",40.7624752,-111.8461846
100,Commerce Court,Pooler,GA,31322,"100 Commerce Ct, Pooler, GA 31322, USA",32.0917381,-81.2573038
2255,Eastland Parkway,Lexington,KY,40505,"2255 Eastland Pkwy, Lexington, KY 40505, USA",38.0495122,-84.4371646
550,Chestnut Street,Terre Haute,IN,47809,"550 Chestnut St, Terre Haute, IN 47809, USA",39.4711383,-87.4106802
295,South Campus Drive,Salt Lake City,UT,84112,"295 S Campus Dr, Salt Lake City, UT 84112, USA",40.7624752,-111.8461846
3624,Conrad Street,Philadelphia,PA,19129,"3624 Conrad St, Philadelphia, PA 19129, USA",40.0134447,-75.1917489
3624,Conrad Street,Snellville,GA,19129,"Snellville, GA, USA",33.857328,-84.0199108
3624,Conrad Street,San Bernardino,CA,92346,"4160 E. Highland Ave. #F, Ste F, San Bernardino, CA 92346, United States",34.1377344,-117.1963948
