st_num,route,city,state,zipcode,full,lat,long
1401,West Green Street,Urbana,IL,61801,"Illini Union, 1401 W Green St, Urbana, IL 61801, USA",40.1094131,-88.2271693
1015,North Quincy Street,Arlington,VA,22201,"1015 N Quincy St, Arlington, VA 22201, USA",38.8838438,-77.1072554
950,Garibaldi Street Southwest,Atlanta,GA,30310,"950 Garibaldi St SW, Atlanta, GA 30310, USA",33.729056,-84.39910669999999
950,Garibaldi Street Southwest,Atlanta,GA,30310,"Pittman Park, 950 Garibaldi St SW, Atlanta, GA 30310, USA",33.7275654,-84.3978621
3150,Spain Road,Snellville,GA,30039,"3150 Spain Rd, Snellville, GA 30039, USA",33.8032306,-84.0689278
1872,Camp Road,Charleston,SC,29412,"1872 Camp Rd, Charleston, SC 29412, USA",32.7356215,-79.9765322
929,Charles Allen Drive Northeast,Atlanta,GA,30309,"929 Charles Allen Dr NE, Atlanta, GA 30309, USA",33.780565,-84.37274699999999
850,Hungerford Drive,Rockville,MD,20850,"850 Hungerford Dr, Rockville, MD 20850, USA",39.0947689,-77.1581329
498,Farmington Avenue,Hartford,CT,06105,"498 Farmington Ave, Hartford, CT 06105, USA",41.7668955,-72.7082187
3150,Spain Road,Snellville,GA,30039,"3150 Spain Rd, Snellville, GA 30039, USA",33.8032306,-84.0689278
10700,Staples Mill Road,Glen Allen,VA,23060,"10700 Staples Mill Rd, Glen Allen, VA 23060, USA",37.666232,-77.5336923
498,Farmington Avenue,Hartford,CT,06105,"498 Farmington Ave, Hartford, CT 06105, USA",41.7668955,-72.7082187
395,Chamberlain Street Southeast,Atlanta,GA,30312,"395 Chamberlain St SE, Atlanta, GA 30312, USA",33.7535688,-84.3746768
950,Garibaldi Street Southwest,Atlanta,GA,30310,"950 Garibaldi St SW, Atlanta, GA 30310, USA",33.729056,-84.39910669999999
450,Pacific Street,Atlanta,NY,11217,"450 Pacific St, Brooklyn, NY 11217, USA",40.6850381,-73.9829164
498,Farmington Avenue,Hartford,CT,06105,"498 Farmington Ave, Hartford, CT 06105, USA",41.7668955,-72.7082187
950,Garibaldi Street Southwest,Atlanta,GA,30310,"950 Garibaldi St SW, Atlanta, GA 30310, USA",33.729056,-84.39910669999999
750,Baychester Avenue,Atlanta,NY,10475,"750 Baychester Ave, Bronx, NY 10475, USA",40.8742194,-73.83309349999999
850,Hungerford Drive,Rockville,MD,20850,"850 Hungerford Dr, Rockville, MD 20850, USA",39.0947689,-77.1581329
750,Baychester Avenue,Rockville,NY,10475,"750 Baychester Ave, Bronx, NY 10475, USA",40.8742194,-73.83309349999999
84,Herbert Street,Rockville,NY,11222,"84 Herbert St, Brooklyn, NY 11222, USA",40.7201184,-73.9421711
929,Charles Allen Drive Northeast,Atlanta,GA,30309,"929 Charles Allen Dr NE, Atlanta, GA 30309, USA",33.780565,-84.37274699999999
950,Garibaldi Street Southwest,Atlanta,GA,30310,"Pittman Park, 950 Garibaldi St SW, Atlanta, GA 30310, USA",33.7275654,-84.3978621
4125,Carpenter Avenue,Atlanta,NY,10466,"4125 Carpenter Ave, Bronx, NY 10466, USA",40.8923187,-73.8618979
750,Classon Avenue,Atlanta,NY,11238,"750 Classon Ave, Brooklyn, NY 11238, USA",40.6745299,-73.9609174
4125,Carpenter Avenue,Atlanta,NY,10466,"4125 Carpenter Ave, Bronx, NY 10466, USA",40.8923187,-73.8618979
1015,North Quincy Street,Arlington,VA,22201,"1015 N Quincy St, Arlington, VA 22201, USA",38.8838438,-77.1072554
100,Vaught Road,Winchester,KY,40391,"100 Vaught Rd, Winchester, KY 40391, USA",37.9772207,-84.1941969
4125,Carpenter Avenue,Winchester,NY,10466,"4125 Carpenter Ave, Bronx, NY 10466, USA",40.8923187,-73.8618979
605,Bridge Street,Fuquay Varina,NC,27526,"605 Bridge St, Fuquay Varina, NC 27526, USA",35.5924227,-78.80972589999999
950,Garibaldi Street Southwest,Atlanta,GA,30310,"950 Garibaldi St SW, Atlanta, GA 30310, USA",33.729056,-84.39910669999999
911,Flatbush Avenue,Atlanta,NY,11226,"911 Flatbush Ave, Brooklyn, NY 11226, USA",40.64930349999999,-73.95774899999999
395,Chamberlain Street Southeast,Atlanta,GA,30312,"395 Chamberlain St SE, Atlanta, GA 30312, USA",33.75339640000001,-84.3747813
