st_num,route,city,state,zipcode,full,lat,long
1531,Park Avenue,Baltimore,MD,21217,"1531 Park Ave, Baltimore, MD 21217, USA",39.3084439,-76.62559519999999
1531,Park Avenue,New York,NY,21217,"New York, NY, USA",40.7127753,-74.0059728
310,West 43rd Street,Austin,TX,78751,"310 W 43rd St, Austin, TX 78751, USA",30.3078139,-97.7321224
521,East Avenue North,La Crosse,WI,54601,"521 East Avenue N, La Crosse, WI 54601, USA",43.8169905,-91.22966029999999
521,East Avenue North,New York,NY,54601,"New York, NY, USA",40.7127753,-74.0059728
955,Johnson Ferry Road,Marietta,GA,30068,"955 Johnson Ferry Rd, Marietta, GA 30068, USA",33.972301,-84.4148045
955,Johnson Ferry Road,Marietta,GA,30068,"955 Johnson Ferry Rd, Marietta, GA 30068, USA",33.972301,-84.4148045
955,Johnson Ferry Road,Marietta,GA,30068,"955 Johnson Ferry Rd, Marietta, GA 30068, USA",33.972301,-84.4148045
955,Johnson Ferry Road,Marietta,GA,30068,"955 Johnson Ferry Rd, Marietta, GA 30068, USA",33.972301,-84.4148045
955,Johnson Ferry Road,New York,NY,30068,"New York, NY, USA",40.7127753,-74.0059728
8111,Kirby Drive,Houston,TX,77054,"Holiday Inn Houston - Reliant Park, 8111 Kirby Dr, Houston, TX 77054, USA",29.6903479,-95.4113816
521,East Avenue North,La Crosse,WI,54601,"521 East Avenue N, La Crosse, WI 54601, USA",43.8169905,-91.22966029999999
2740,Alpine Road,Columbia,SC,29223,"2740 Alpine Rd, Columbia, SC 29223, USA",34.0835066,-80.92584219999999
7340,North Rogers Avenue,Chicago,IL,60626,"7340 N Rogers Ave, Chicago, IL 60626, USA",42.0151063,-87.6780744
644,West Belmont Avenue,Chicago,IL,60657,"644 W Belmont Ave, Chicago, IL 60657, USA",41.940274,-87.646204
10630,Bedfordtown Drive,Raleigh,NC,27614,"10630 Bedfordtown Dr, Raleigh, NC 27614, USA",35.925689,-78.56586340000001
1531,Park Avenue,Baltimore,MD,21217,"1531 Park Ave, Baltimore, MD 21217, USA",39.3084439,-76.62559519999999
330,East University Drive,Tempe,AZ,85281,"330 E University Dr, Tempe, AZ 85281, USA",33.4223909,-111.9335784
351,West University Avenue,El Paso,TX,79902,"351 W University Ave, El Paso, TX 79902, USA",31.7716956,-106.5033745
2333,West Sunnyside Avenue,Chicago,IL,60625,"2333 W Sunnyside Ave, Chicago, IL 60625, USA",41.9628085,-87.68638709999999
3020,State University Drive,Sacramento,CA,95819,"Modoc Hall, 3020 State University Dr, Sacramento, CA 95819, USA",38.5531277,-121.4193231
351,West University Avenue,El Paso,TX,79902,"351 W University Ave, El Paso, TX 79902, USA",31.7716956,-106.5033745
10810,Globe Road,Morrisville,NC,27560,"10810 Globe Rd, Morrisville, NC 27560, USA",35.9006262,-78.8042668
1780,East University Avenue,Las Cruces,NM,88003,"1780 E University Ave, Las Cruces, NM 88003, USA",32.2847126,-106.7448267
4004,4th Avenue,Las Cruces,NY,11232,"4004 4th Ave, Brooklyn, NY 11232, USA",40.6519928,-74.0072938
1145,West Wilson Avenue,Chicago,IL,60640,"1145 W Wilson Ave, Chicago, IL 60640, USA",41.9643945,-87.6599641
1300,West Sunset Road,Henderson,NV,89014,"1300 W Sunset Rd, Henderson, NV 89014, USA",36.0673234,-115.0416159
2014,Bees Ferry Road,Charleston,SC,29414,"2014 Bees Ferry Rd, Charleston, SC 29414, USA",32.8317346,-80.0690333
2014,Bees Ferry Road,Charleston,SC,29414,"Charleston, SC, USA",32.7764749,-79.93105120000001
235,Opelika Road,Auburn,AL,36830,"235 Opelika Rd, Auburn, AL 36830, USA",32.6129064,-85.4782427
310,West 43rd Street,Austin,TX,78751,"310 W 43rd St, Austin, TX 78751, USA",30.3078139,-97.7321224
351,West University Avenue,El Paso,TX,79902,"351 W University Ave, El Paso, TX 79902, USA",31.7716956,-106.5033745
1500,Fork Shoals Road,Greenville,SC,29605,"1500 Fork Shoals Rd, Greenville, SC 29605, USA",34.7403387,-82.35324179999999
