st_num,route,city,state,zipcode,full,lat,long
2740,Alpine Road,Columbia,SC,29223,"2740 Alpine Rd, Columbia, SC 29223, USA",34.0835066,-80.92584219999999
1518,Main Road,Johns Island,SC,29455,"1518 Main Rd, Johns Island, SC 29455, USA",32.724856,-80.098568
2740,Alpine Road,Columbia,SC,29223,"2740 Alpine Rd, Columbia, SC 29223, USA",34.0835066,-80.92584219999999
498,Farmington Avenue,Hartford,CT,06105,"498 Farmington Ave, Hartford, CT 06105, USA",41.7668955,-72.7082187
7720,Boone Road,Houston,TX,77072,"7720 Boone Rd, Houston, TX 77072, USA",29.6941608,-95.5759041
911,Flatbush Avenue,Houston,NY,11226,"911 Flatbush Ave, Brooklyn, NY 11226, USA",40.64930349999999,-73.95774899999999
3150,Spain Road,Snellville,GA,30039,"3150 Spain Rd, Snellville, GA 30039, USA",33.8032306,-84.0689278
1518,Main Road,Johns Island,SC,29455,"1518 Main Rd, Johns Island, SC 29455, USA",32.724856,-80.098568
1015,North Quincy Street,Arlington,VA,22201,"1015 N Quincy St, Arlington, VA 22201, USA",38.8838438,-77.1072554
10810,Globe Road,Morrisville,NC,27560,"10810 Globe Rd, Morrisville, NC 27560, USA",35.9006262,-78.8042668
10700,Staples Mill Road,Glen Allen,VA,23060,"10700 Staples Mill Rd, Glen Allen, VA 23060, USA",37.666232,-77.5336923
911,Flatbush Avenue,Glen Allen,NY,11226,"911 Flatbush Ave, Brooklyn, NY 11226, USA",40.64930349999999,-73.95774899999999
929,Charles Allen Drive Northeast,Atlanta,GA,30309,"929 Charles Allen Dr NE, Atlanta, GA 30309, USA",33.780565,-84.37274699999999
10700,Staples Mill Road,Glen Allen,VA,23060,"10700 Staples Mill Rd, Glen Allen, VA 23060, USA",37.666232,-77.5336923
929,Charles Allen Drive Northeast,Atlanta,GA,30309,"929 Charles Allen Dr NE, Atlanta, GA 30309, USA",33.780565,-84.37274699999999
929,La Crosse Avenue,Austin,TX,78739,"La Crosse Ave, Austin, TX 78739, USA",30.1947401,-97.8910951
911,Flatbush Avenue,Austin,NY,11226,"911 Flatbush Ave, Brooklyn, NY 11226, USA",40.64930349999999,-73.95774899999999
111,Bright Street,Jersey City,NJ,07302,"111 Bright St, Jersey City, NJ 07302, USA",40.717629,-74.0515849
883,Mikell Drive,Charleston,SC,29412,"883 Mikell Dr, Charleston, SC 29412, USA",32.7377272,-79.9295842
1015,North Quincy Street,Arlington,VA,22201,"1015 N Quincy St, Arlington, VA 22201, USA",38.8838438,-77.1072554
950,Garibaldi Street Southwest,Atlanta,GA,30310,"Pittman Park, 950 Garibaldi St SW, Atlanta, GA 30310, USA",33.7275654,-84.3978621
1015,North Quincy Street,Arlington,VA,22201,"1015 N Quincy St, Arlington, VA 22201, USA",38.8838438,-77.1072554
10810,Globe Road,Morrisville,NC,27560,"10810 Globe Rd, Morrisville, NC 27560, USA",35.9006262,-78.8042668
1518,Main Road,Johns Island,SC,29455,"1518 Main Rd, Johns Island, SC 29455, USA",32.724856,-80.098568
950,Garibaldi Street Southwest,Atlanta,GA,30310,"Pittman Park, 950 Garibaldi St SW, Atlanta, GA 30310, USA",33.7275654,-84.3978621
1518,Main Road,Johns Island,SC,29455,"1518 Main Rd, Johns Island, SC 29455, USA",32.724856,-80.098568
1015,North Quincy Street,Arlington,VA,22201,"1015 N Quincy St, Arlington, VA 22201, USA",38.8838438,-77.1072554
1015,North Quincy Street,Arlington,VA,22201,"1015 N Quincy St, Arlington, VA 22201, USA",38.8838438,-77.1072554
111,Bright Street,Jersey City,NJ,07302,"111 Bright St, Jersey City, NJ 07302, USA",40.717629,-74.0515849
2095,Seven Sticks Drive,Wando,SC,29492,"2095 Seven Sticks Drive, Wando, SC 29492, USA",32.9132819,-79.8606582
111,Bright Street,Jersey City,NJ,07302,"111 Bright St, Jersey City, NJ 07302, USA",40.717629,-74.0515849
1015,North Quincy Street,Arlington,VA,22201,"1015 N Quincy St, Arlington, VA 22201, USA",38.8838438,-77.1072554
1518,Main Road,Johns Island,SC,29455,"1518 Main Rd, Johns Island, SC 29455, USA",32.724856,-80.098568
3150,Spain Road,Snellville,GA,30039,"3150 Spain Rd, Snellville, GA 30039, USA",33.8032306,-84.0689278
950,Garibaldi Street Southwest,Atlanta,GA,30310,"Pittman Park, 950 Garibaldi St SW, Atlanta, GA 30310, USA",33.7275654,-84.3978621
911,Flatbush Avenue,Atlanta,NY,11226,"911 Flatbush Ave, Brooklyn, NY 11226, USA",40.64930349999999,-73.95774899999999
950,Garibaldi Street Southwest,Atlanta,GA,30310,"Pittman Park, 950 Garibaldi St SW, Atlanta, GA 30310, USA",33.7275654,-84.3978621
80,Dupont Street,Atlanta,NY,11222,"80 Dupont St, Brooklyn, NY 11222, USA",40.7355106,-73.9570846
80,Dupont Street,Atlanta,GA,11222,"Atlanta, GA, USA",33.7489954,-84.3879824
