st_num,route,city,state,zipcode,full,lat,long
883,Mikell Drive,Charleston,SC,29412,"883 Mikell Dr, Charleston, SC 29412, USA",32.7377272,-79.9295842
644,West Belmont Avenue,Chicago,IL,60657,"644 W Belmont Ave, Chicago, IL 60657, USA",41.940274,-87.646204
883,Mikell Drive,Charleston,SC,29412,"883 Mikell Dr, Charleston, SC 29412, USA",32.7377272,-79.9295842
395,Chamberlain Street Southeast,Atlanta,GA,30312,"395 Chamberlain St SE, Atlanta, GA 30312, USA",33.75339640000001,-84.3747813
1001,Lawrenceville Highway,Lawrenceville,GA,30046,"1001 Lawrenceville Hwy, Lawrenceville, GA 30046, USA",33.9423194,-84.01467679999999
1001,Lawrenceville Highway,Lawrenceville,GA,30046,"1001 Lawrenceville Hwy, Lawrenceville, GA 30046, USA",33.9423194,-84.01467679999999
395,Chamberlain Street Southeast,Atlanta,GA,30312,"395 Chamberlain St SE, Atlanta, GA 30312, USA",33.75339640000001,-84.3747813
955,Johnson Ferry Road,Marietta,GA,30068,"955 Johnson Ferry Rd, Marietta, GA 30068, USA",33.972301,-84.4148045
1001,Lawrenceville Highway,Lawrenceville,GA,30046,"1001 Lawrenceville Hwy, Lawrenceville, GA 30046, USA",33.9423194,-84.01467679999999
950,Garibaldi Street Southwest,Atlanta,GA,30310,"Pittman Park, 950 Garibaldi St SW, Atlanta, GA 30310, USA",33.7275654,-84.3978621
395,Chamberlain Street Southeast,Atlanta,GA,30312,"395 Chamberlain St SE, Atlanta, GA 30312, USA",33.75339640000001,-84.3747813
955,Johnson Ferry Road,Marietta,GA,30068,"955 Johnson Ferry Rd, Marietta, GA 30068, USA",33.972301,-84.4148045
1001,Lawrenceville Highway,Lawrenceville,GA,30046,"1001 Lawrenceville Hwy, Lawrenceville, GA 30046, USA",33.9423194,-84.01467679999999
1531,Park Avenue,Baltimore,MD,21217,"1531 Park Ave, Baltimore, MD 21217, USA",39.3084439,-76.62559519999999
4521,Centerville Highway,Snellville,GA,30039,"4521 Centerville Hwy, Snellville, GA 30039, USA",33.7755485,-84.04994649999999
955,Johnson Ferry Road,Marietta,GA,30068,"955 Johnson Ferry Rd, Marietta, GA 30068, USA",33.972301,-84.4148045
1001,Lawrenceville Highway,Lawrenceville,GA,30046,"1001 Lawrenceville Hwy, Lawrenceville, GA 30046, USA",33.9423194,-84.01467679999999
4521,Centerville Highway,Snellville,GA,30039,"4521 Centerville Hwy, Snellville, GA 30039, USA",33.7755485,-84.04994649999999
4521,Centerville Highway,Snellville,GA,30039,"4521 Centerville Hwy, Snellville, GA 30039, USA",33.7755485,-84.04994649999999
1001,Lawrenceville Highway,Lawrenceville,GA,30046,"1001 Lawrenceville Hwy, Lawrenceville, GA 30046, USA",33.9423194,-84.01467679999999
1001,Lawrenceville Highway,Lawrenceville,GA,30046,"1001 Lawrenceville Hwy, Lawrenceville, GA 30046, USA",33.9423194,-84.01467679999999
4521,Centerville Highway,Snellville,GA,30039,"4521 Centerville Hwy, Snellville, GA 30039, USA",33.7755485,-84.04994649999999
4521,Centerville Highway,Snellville,GA,30039,"4521 Centerville Hwy, Snellville, GA 30039, USA",33.7755485,-84.04994649999999
4521,Centerville Highway,Snellville,GA,30039,"4521 Centerville Hwy, Snellville, GA 30039, USA",33.7755485,-84.04994649999999
911,Flatbush Avenue,Snellville,NY,11226,"911 Flatbush Ave, Brooklyn, NY 11226, USA",40.64930349999999,-73.95774899999999
395,Chamberlain Street Southeast,Atlanta,GA,30312,"395 Chamberlain St SE, Atlanta, GA 30312, USA",33.75339640000001,-84.3747813
4521,Centerville Highway,Snellville,GA,30039,"4521 Centerville Hwy, Snellville, GA 30039, USA",33.7755485,-84.04994649999999
3020,State University Drive,Sacramento,CA,95819,"Modoc Hall, 3020 State University Dr, Sacramento, CA 95819, USA",38.5531277,-121.4193231
4521,Centerville Highway,Snellville,GA,30039,"4521 Centerville Hwy, Snellville, GA 30039, USA",33.7755485,-84.04994649999999
3020,State University Drive,Sacramento,CA,95819,"Modoc Hall, 3020 State University Dr, Sacramento, CA 95819, USA",38.5531277,-121.4193231
200,East Poplar Street,Fayetteville,AR,72703,"2622, 200 E Poplar St, Fayetteville, AR 72703, United States",36.08883000000001,-94.155154
1780,East University Avenue,Las Cruces,NM,88003,"1780 E University Ave, Las Cruces, NM 88003, USA",32.2847126,-106.7448267
395,Chamberlain Street Southeast,Atlanta,GA,30312,"395 Chamberlain St SE, Atlanta, GA 30312, USA",33.75339640000001,-84.3747813
395,Chamberlain Street Southeast,Atlanta,GA,30312,"395 Chamberlain St SE, Atlanta, GA 30312, USA",33.75339640000001,-84.3747813
4521,Centerville Highway,Snellville,GA,30039,"4521 Centerville Hwy, Snellville, GA 30039, USA",33.7755485,-84.04994649999999
