st_num,route,city,state,zipcode,full,lat,long
2875,Ashley River Road,Charleston,SC,29414,"2875 Ashley River Rd #5, Charleston, SC 29414, USA",32.84328480000001,-80.0591757
950,Garibaldi Street Southwest,Atlanta,GA,30310,"950 Garibaldi St SW, Atlanta, GA 30310, USA",33.729056,-84.39910669999999
950,Garibaldi Street Southwest,Atlanta,GA,30310,"950 Garibaldi St SW, Atlanta, GA 30310, USA",33.729056,-84.39910669999999
950,Garibaldi Street Southwest,New York,NY,30310,"New York, NY, USA",40.7127753,-74.0059728
412,Northeast 22nd Street,Miami,FL,33137,"412 NE 22nd St, Miami, FL 33137, USA",25.7979453,-80.1877899
330,East University Drive,Tempe,AZ,85281,"330 E University Dr, Tempe, AZ 85281, USA",33.4223909,-111.9335784
330,East University Drive,Charleston,SC,85281,"Charleston, SC, USA",32.7764749,-79.93105120000001
330,East University Drive,Charleston,SC,85281,"Charleston, SC, USA",32.7764749,-79.93105120000001
330,East University Drive,Charleston,SC,85281,"Charleston, SC, USA",32.7764749,-79.93105120000001
2031,North Arizona Avenue,Chandler,AZ,85225,"2031 N Arizona Ave, Chandler, AZ 85225, USA",33.3362361,-111.8391419
2701,Robious Crossing Drive,Midlothian,VA,23113,"2701 Robious Crossing Dr, Midlothian, VA 23113, USA",37.52968570000001,-77.6133236
2295,Marietta Road Northwest,Atlanta,GA,30318,"2295 Marietta Rd NW, Atlanta, GA 30318, USA",33.8183419,-84.4605412
120,Rogers Road,Kittery,ME,03904,"120 Rogers Rd, Kittery, ME 03904, USA",43.0974012,-70.7361291
120,Rogers Road,New York,NY,03904,"New York, NY, USA",40.7127753,-74.0059728
120,Rogers Road,Kittery,ME,03904,"120 Rogers Rd, Kittery, ME 03904, USA",43.0974012,-70.7361291
2701,Robious Crossing Drive,Midlothian,VA,23113,"2701 Robious Crossing Dr, Midlothian, VA 23113, USA",37.52968570000001,-77.6133236
412,Northeast 22nd Street,Miami,FL,33137,"412 NE 22nd St, Miami, FL 33137, USA",25.7979453,-80.1877899
2031,North Arizona Avenue,Chandler,AZ,85225,"2031 N Arizona Ave, Chandler, AZ 85225, USA",33.3362361,-111.8391419
100,Byrd Way,Greenwood,IN,46143,"100 Byrd Way, Greenwood, IN 46143, USA",39.612826,-86.07831829999999
950,North Garibaldi Avenue,Bangor,PA,18013,"950 N Garibaldi Ave, Bangor, PA 18013, USA",40.8861767,-75.2251847
1518,Main Road,Johns Island,SC,29455,"1518 Main Rd, Johns Island, SC 29455, USA",32.724856,-80.098568
950,North Garibaldi Avenue,Bangor,PA,18013,"950 N Garibaldi Ave, Bangor, PA 18013, USA",40.8861767,-75.2251847
605,Bridge Street,Fuquay Varina,NC,27526,"605 Bridge St, Fuquay Varina, NC 27526, USA",35.592445,-78.80964
7720,Boone Road,Houston,TX,77072,"7720 Boone Rd, Houston, TX 77072, USA",29.6941608,-95.5759041
