st_num,route,city,state,zipcode,full,lat,long
950,Garibaldi Street Southwest,Atlanta,GA,30310,"Pittman Park, 950 Garibaldi St SW, Atlanta, GA 30310, USA",33.7275654,-84.3978621
950,Garibaldi Street Southwest,Atlanta,GA,30310,"Pittman Park, 950 Garibaldi St SW, Atlanta, GA 30310, USA",33.7275654,-84.3978621
950,Garibaldi Street Southwest,Atlanta,GA,30310,"Pittman Park, 950 Garibaldi St SW, Atlanta, GA 30310, USA",33.7275654,-84.3978621
950,Garibaldi Street Southwest,Atlanta,GA,30310,"Pittman Park, 950 Garibaldi St SW, Atlanta, GA 30310, USA",33.7275654,-84.3978621
750,Classon Avenue,Atlanta,NY,11238,"750 Classon Ave, Brooklyn, NY 11238, USA",40.6745299,-73.9609174
443,Saint Marks Avenue,Atlanta,NY,11238,"443 St Marks Ave, Brooklyn, NY 11238, USA",40.6769629,-73.9600909
443,La Crosse Avenue,Austin,TX,78739,"La Crosse Ave, Austin, TX 78739, USA",30.1947401,-97.8910951
1477,West Main Street,Greenwood,IN,46142,"1477 West Main Street Unit A, Greenwood, IN 46142, USA",39.6116663,-86.1479796
750,Classon Avenue,Greenwood,NY,11238,"750 Classon Ave, Brooklyn, NY 11238, USA",40.6745299,-73.9609174
750,Classon Avenue,Greenwood,NY,11238,"750 Classon Ave, Brooklyn, NY 11238, USA",40.6745299,-73.9609174
443,Saint Marks Avenue,Greenwood,NY,11238,"443 St Marks Ave, Brooklyn, NY 11238, USA",40.6770364,-73.9600737
750,Classon Avenue,Greenwood,NY,11238,"750 Classon Ave, Brooklyn, NY 11238, USA",40.6745299,-73.9609174
750,Classon Avenue,Greenwood,NY,11238,"750 Classon Ave, Brooklyn, NY 11238, USA",40.6745299,-73.9609174
443,Saint Marks Avenue,Greenwood,NY,11238,"443 St Marks Ave, Brooklyn, NY 11238, USA",40.6770364,-73.9600737
750,Classon Avenue,Greenwood,NY,11238,"750 Classon Ave, Brooklyn, NY 11238, USA",40.6745299,-73.9609174
750,Classon Avenue,Greenwood,NY,11238,"750 Classon Ave, Brooklyn, NY 11238, USA",40.6745299,-73.9609174
177,Myrtle Avenue,Greenwood,NY,11201,"177 Myrtle Ave, Brooklyn, NY 11201, USA",40.6938275,-73.9821728
750,Classon Avenue,Greenwood,NY,11238,"750 Classon Ave, Brooklyn, NY 11238, USA",40.6745299,-73.9609174
750,Classon Avenue,Snellville,GA,11238,"Snellville, GA, USA",33.857328,-84.0199108
520,North Kingsbury Street,Chicago,IL,60654,"520 N Kingsbury St, Chicago, IL 60654, USA",41.8909068,-87.6401544
443,Saint Marks Avenue,Chicago,NY,11238,"443 St Marks Ave, Brooklyn, NY 11238, USA",40.6770364,-73.9600737
2295,Marietta Road Northwest,Atlanta,GA,30318,"2295 Marietta Rd NW, Atlanta, GA 30318, USA",33.8183419,-84.4605412
520,North Kingsbury Street,Chicago,IL,60654,"520 N Kingsbury St, Chicago, IL 60654, USA",41.8909068,-87.6401544
750,Classon Avenue,Chicago,NY,11238,"750 Classon Ave, Brooklyn, NY 11238, USA",40.6745299,-73.9609174
3295,Atlanta Road Southeast,Smyrna,GA,30080,"3295 Atlanta Rd SE, Smyrna, GA 30080, USA",33.8729594,-84.49801149999999
750,Classon Avenue,Smyrna,NY,11238,"750 Classon Ave, Brooklyn, NY 11238, USA",40.6745299,-73.9609174
750,La Crosse Avenue,Austin,TX,78739,"La Crosse Ave, Austin, TX 78739, USA",30.1947401,-97.8910951
750,Classon Avenue,Austin,NY,11238,"750 Classon Ave, Brooklyn, NY 11238, USA",40.6745299,-73.9609174
750,La Crosse Avenue,Austin,TX,78739,"La Crosse Ave, Austin, TX 78739, USA",30.1947401,-97.8910951
70,Ocean Parkway,Austin,NY,11218,"70 Ocean Pkwy, Brooklyn, NY 11218, USA",40.648959,-73.97584789999999
1599,Wharton Street,Philadelphia,PA,19146,"1599 Wharton St, Philadelphia, PA 19146, USA",39.9349556,-75.1703617
520,North Kingsbury Street,Chicago,IL,60654,"520 N Kingsbury St, Chicago, IL 60654, USA",41.8909068,-87.6401544
2295,Marietta Road Northwest,Atlanta,GA,30318,"2295 Marietta Rd NW, Atlanta, GA 30318, USA",33.8183419,-84.4605412
1599,Wharton Street,Philadelphia,PA,19146,"1599 Wharton St, Philadelphia, PA 19146, USA",39.9349556,-75.1703617
750,Classon Avenue,Philadelphia,NY,11238,"750 Classon Ave, Brooklyn, NY 11238, USA",40.6745299,-73.9609174
750,Classon Avenue,Philadelphia,NY,11238,"750 Classon Ave, Brooklyn, NY 11238, USA",40.6745299,-73.9609174
