st_num,route,city,state,zipcode,full,lat,long
3300,Rosewood Drive,Columbia,SC,29205,"3300 Rosewood Dr, Columbia, SC 29205, USA",33.9871846,-80.9955127
1500,Fork Shoals Road,Greenville,SC,29605,"1500 Fork Shoals Rd, Greenville, SC 29605, USA",34.7403387,-82.35324179999999
1500,Fork Shoals Road,Greenville,SC,29605,"1500 Fork Shoals Rd, Greenville, SC 29605, USA",34.7403387,-82.35324179999999
163,West 97th Street,New York,NY,10025,"163 W 97th St, New York, NY 10025, USA",40.7948887,-73.9684479
163,West 97th Street,Snellville,GA,10025,"Snellville, GA, USA",33.857328,-84.0199108
100,Amsterdam Avenue,New York,NY,10023,"100 Amsterdam Ave, New York, NY 10023, USA",40.7741328,-73.9858036
5110,North Damen Avenue,Chicago,IL,60625,"Amundsen High School, 5110 N Damen Ave, Chicago, IL 60625, USA",41.9750696,-87.6800719
5110,North Damen Avenue,Snellville,GA,60625,"Snellville, GA, USA",33.857328,-84.0199108
5110,North Damen Avenue,New York,NY,60625,"New York, NY, USA",40.7127753,-74.0059728
709,North Cedar Bluff Road,Knoxville,TN,37923,"709 N Cedar Bluff Rd, Knoxville, TN 37923, USA",35.9336355,-84.0957868
709,North Cedar Bluff Road,Snellville,GA,37923,"Snellville, GA, USA",33.857328,-84.0199108
900,North Kingsbury Street,Chicago,IL,60610,"900 N Kingsbury St, Chicago, IL 60610, USA",41.898835,-87.644438
2,King Street,Charleston,SC,29401,"2 King St, Charleston, SC 29401, USA",32.7709586,-79.9318435
