st_num,route,city,state,zipcode,full,lat,long
1280,Northwest Saltzman Road,Portland,OR,97229,"1280 NW Saltzman Rd, Portland, OR 97229, USA",45.52879979999999,-122.8045629
1280,Northwest Saltzman Road,Portland,OR,97229,"1280 NW Saltzman Rd, Portland, OR 97229, USA",45.52879979999999,-122.8045629
180,7th Avenue,Portland,NY,11215,"180 7th Ave, Brooklyn, NY 11215, USA",40.671733,-73.9785034
750,Baychester Avenue,Portland,NY,10475,"750 Baychester Ave, Bronx, NY 10475, USA",40.8742194,-73.83309349999999
750,Classon Avenue,Portland,NY,11238,"750 Classon Ave, Brooklyn, NY 11238, USA",40.6745299,-73.9609174
3150,Spain Road,Snellville,GA,30039,"3150 Spain Rd, Snellville, GA 30039, USA",33.8032306,-84.0689278
3150,Spain Road,Portland,ME,30039,"Portland, ME, USA",43.6590993,-70.2568189
3150,Spain Road,Detroit,MI,30039,"Eastern Market, Detroit, MI, USA",42.3484978,-83.0401653
4521,Centerville Highway,Snellville,GA,30039,"4521 Centerville Hwy, Snellville, GA 30039, USA",33.7755485,-84.04994649999999
3150,Spain Road,Snellville,GA,30039,"3150 Spain Rd, Snellville, GA 30039, USA",33.8032306,-84.0689278
1280,Northwest Saltzman Road,Portland,OR,97229,"1280 NW Saltzman Rd, Portland, OR 97229, USA",45.52879979999999,-122.8045629
180,7th Avenue,Portland,NY,11215,"180 7th Ave, Brooklyn, NY 11215, USA",40.671733,-73.9785034
84,Herbert Street,Portland,NY,11222,"84 Herbert St, Brooklyn, NY 11222, USA",40.7200812,-73.94218649999999
84,Herbert Street,Portland,NY,11222,"84 Herbert St, Brooklyn, NY 11222, USA",40.7200812,-73.94218649999999
3150,Spain Road,Snellville,GA,30039,"3150 Spain Rd, Snellville, GA 30039, USA",33.8032306,-84.0689278
1280,Northwest Saltzman Road,Portland,OR,97229,"1280 NW Saltzman Rd, Portland, OR 97229, USA",45.52879979999999,-122.8045629
950,Garibaldi Street Southwest,Atlanta,GA,30310,"950 Garibaldi St SW, Atlanta, GA 30310, USA",33.729056,-84.39910669999999
180,7th Avenue,Atlanta,NY,11215,"180 7th Ave, Brooklyn, NY 11215, USA",40.671733,-73.9785034
950,Garibaldi Street Southwest,Atlanta,GA,30310,"950 Garibaldi St SW, Atlanta, GA 30310, USA",33.729056,-84.39910669999999
950,Garibaldi Street Southwest,Atlanta,GA,30310,"950 Garibaldi St SW, Atlanta, GA 30310, USA",33.729056,-84.39910669999999
950,North Garibaldi Avenue,Bangor,PA,18013,"950 N Garibaldi Ave, Bangor, PA 18013, USA",40.8861767,-75.2251847
8237,Kenton Avenue,Skokie,IL,60076,"8237 Kenton Ave, Skokie, IL 60076, USA",42.0306354,-87.7421686
8237,La Crosse Avenue,Austin,TX,78739,"La Crosse Ave, Austin, TX 78739, USA",30.1947401,-97.8910951
750,Classon Avenue,Austin,NY,11238,"750 Classon Ave, Brooklyn, NY 11238, USA",40.6745299,-73.9609174
750,Classon Avenue,New York,NY,11238,"New York, NY, USA",40.7127753,-74.0059728
750,Classon Avenue,New York,NY,11238,"750 Classon Ave, Brooklyn, NY 11238, USA",40.6745299,-73.9609174
3150,Spain Road,Snellville,GA,30039,"3150 Spain Rd, Snellville, GA 30039, USA",33.8032306,-84.0689278
