st_num,route,city,state,zipcode,full,lat,long
330,North Big Bend Boulevard,St. Louis,MO,63130,"330 N Big Bend Blvd, St. Louis, MO 63130, USA",38.6492556,-90.31504559999999
9110,Giles Road,La Vista,NE,68128,"9110 Giles Rd, La Vista, NE 68128, USA",41.1771757,-96.05429020000001
1001,Lawrenceville Highway,Lawrenceville,GA,30046,"1001 Lawrenceville Hwy, Lawrenceville, GA 30046, USA",33.9423194,-84.01467679999999
1001,Lawrenceville Highway,New York,NY,30046,"New York, NY, USA",40.7127753,-74.0059728
521,East Avenue North,La Crosse,WI,54601,"521 East Avenue N, La Crosse, WI 54601, USA",43.8169905,-91.22966029999999
330,North Big Bend Boulevard,St. Louis,MO,63130,"330 N Big Bend Blvd, St. Louis, MO 63130, USA",38.6492556,-90.31504559999999
4250,East Karen Avenue,Las Vegas,NV,89121,"4250 E Karen Ave, Las Vegas, NV 89121, USA",36.1415442,-115.0815151
4761,Luella Avenue,North Charleston,SC,29405,"4761 Luella Ave, North Charleston, SC 29405, USA",32.8789969,-79.9992419
100,Commerce Court,Pooler,GA,31322,"100 Commerce Ct, Pooler, GA 31322, USA",32.0917381,-81.2573038
