st_num,route,city,state,zipcode,full,lat,long
12400,Imperial Highway,Norwalk,CA,90650,"12400 Imperial Hwy, Norwalk, CA 90650, USA",33.9160764,-118.067914
955,Johnson Ferry Road,Marietta,GA,30068,"955 Johnson Ferry Rd, Marietta, GA 30068, USA",33.972301,-84.4148045
295,South Campus Drive,Salt Lake City,UT,84112,"295 S Campus Dr, Salt Lake City, UT 84112, USA",40.7624752,-111.8461846
303,2nd Avenue,Fort Yates,ND,58538,"303 2nd Ave, Fort Yates, ND 58538, USA",46.0857068,-100.6307663
521,East Avenue North,La Crosse,WI,54601,"521 East Avenue N, La Crosse, WI 54601, USA",43.8169905,-91.22966029999999
521,East Avenue North,Snellville,GA,54601,"Snellville, GA, USA",33.857328,-84.0199108
900,East 7th Street,Bloomington,IN,47405,"900 E 7th St, Bloomington, IN 47405, USA",39.167611,-86.5233896
80,Underhill Avenue,Bloomington,NY,11238,"80 Underhill Ave, Brooklyn, NY 11238, USA",40.6784354,-73.96583059999999
701,Pennsylvania Avenue Southeast,Washington,DC,20003,"701 Pennsylvania Ave SE, Washington, DC 20003, USA",38.8842311,-76.9958297
12400,Imperial Highway,Norwalk,CA,90650,"12400 Imperial Hwy, Norwalk, CA 90650, USA",33.9160764,-118.067914
12400,Imperial Highway,New York,NY,90650,"New York, NY, USA",40.7127753,-74.0059728
701,Pennsylvania Avenue Southeast,Washington,DC,20003,"701 Pennsylvania Ave SE, Washington, DC 20003, USA",38.8842311,-76.9958297
701,Pennsylvania Avenue Southeast,Washington,DC,20003,"701 Pennsylvania Ave SE, Washington, DC 20003, USA",38.8842311,-76.9958297
701,Pennsylvania Avenue Southeast,Washington,DC,20003,"701 Pennsylvania Ave SE, Washington, DC 20003, USA",38.8842311,-76.9958297
