st_num,route,city,state,zipcode,full,lat,long
907,Floyd Avenue,Richmond,VA,23284,"907 Floyd Ave, Richmond, VA 23284, USA",37.546508,-77.45345999999999
100,Commerce Court,Pooler,GA,31322,"100 Commerce Ct, Pooler, GA 31322, USA",32.0917381,-81.2573038
1151,South Forest Avenue,Tempe,AZ,85287,"1151 S Forest Ave, Tempe, AZ 85287, USA",33.4169629,-111.9362888
900,East 7th Street,Bloomington,IN,47405,"900 E 7th St, Bloomington, IN 47405, USA",39.167611,-86.5233896
80,Underhill Avenue,Bloomington,NY,11238,"80 Underhill Ave, Brooklyn, NY 11238, USA",40.6784354,-73.96583059999999
80,Underhill Avenue,Bloomington,NY,11238,"80 Underhill Ave, Brooklyn, NY 11238, USA",40.6784354,-73.96583059999999
883,Mikell Drive,Charleston,SC,29412,"883 Mikell Dr, Charleston, SC 29412, USA",32.7377272,-79.9295842
550,Chestnut Street,Terre Haute,IN,47809,"550 Chestnut St, Terre Haute, IN 47809, USA",39.4711383,-87.4106802
330,North Big Bend Boulevard,St. Louis,MO,63130,"330 N Big Bend Blvd, St. Louis, MO 63130, USA",38.6492556,-90.31504559999999
330,North Big Bend Boulevard,St. Louis,MO,63130,"330 N Big Bend Blvd, St. Louis, MO 63130, USA",38.6492556,-90.31504559999999
80,Underhill Avenue,St. Louis,NY,11238,"80 Underhill Ave, Brooklyn, NY 11238, USA",40.6784354,-73.96583059999999
80,Underhill Avenue,St. Louis,NY,11238,"80 Underhill Ave, Brooklyn, NY 11238, USA",40.6784354,-73.96583059999999
1151,South Forest Avenue,Tempe,AZ,85287,"1151 S Forest Ave, Tempe, AZ 85287, USA",33.4169629,-111.9362888
80,Underhill Avenue,Tempe,NY,11238,"80 Underhill Ave, Brooklyn, NY 11238, USA",40.6784354,-73.96583059999999
955,Johnson Ferry Road,Marietta,GA,30068,"955 Johnson Ferry Rd, Marietta, GA 30068, USA",33.972301,-84.4148045
