st_num,route,city,state,zipcode,full,lat,long
4521,Centerville Highway,Snellville,GA,30039,"4521 Centerville Hwy, Snellville, GA 30039, USA",33.7755485,-84.04994649999999
163,West 97th Street,New York,NY,10025,"163 W 97th St, New York, NY 10025, USA",40.7948887,-73.9684479
750,Classon Avenue,New York,NY,11238,"750 Classon Ave, Brooklyn, NY 11238, USA",40.6745299,-73.9609174
750,Classon Avenue,New York,NY,11238,"750 Classon Ave, Brooklyn, NY 11238, USA",40.6745299,-73.9609174
750,Classon Avenue,New York,NY,11238,"New York, NY, USA",40.7127753,-74.0059728
750,Classon Avenue,New York,NY,11238,"New York, NY, USA",40.7127753,-74.0059728
709,North Cedar Bluff Road,Knoxville,TN,37923,"709 N Cedar Bluff Rd, Knoxville, TN 37923, USA",35.9336355,-84.0957868
709,North Cedar Bluff Road,Knoxville,TN,37923,"709 N Cedar Bluff Rd, Knoxville, TN 37923, USA",35.9336355,-84.0957868
709,North Cedar Bluff Road,Knoxville,TN,37923,"709 N Cedar Bluff Rd, Knoxville, TN 37923, USA",35.9336355,-84.0957868
5110,North Damen Avenue,Chicago,IL,60625,"Amundsen High School, 5110 N Damen Ave, Chicago, IL 60625, USA",41.9750696,-87.6800719
875,State Park Road,Greenville,SC,29609,"875 State Park Rd, Greenville, SC 29609, USA",34.8981065,-82.396281
4521,Centerville Highway,Snellville,GA,30039,"4521 Centerville Hwy, Snellville, GA 30039, USA",33.7755485,-84.04994649999999
4521,Centerville Highway,Snellville,GA,30039,"4521 Centerville Hwy, Snellville, GA 30039, USA",33.7755485,-84.04994649999999
875,State Park Road,Greenville,SC,29609,"875 State Park Rd, Greenville, SC 29609, USA",34.8981065,-82.396281
875,William Kennerty Drive,Greenville,SC,29407,"William Kennerty Dr, West Ashley, SC 29407, USA",32.8106671,-80.0249023
3295,Atlanta Road Southeast,Smyrna,GA,30080,"3295 Atlanta Rd SE, Smyrna, GA 30080, USA",33.8729594,-84.49801149999999
911,Flatbush Avenue,Smyrna,NY,11226,"911 Flatbush Ave, Brooklyn, NY 11226, USA",40.6492617,-73.9580402
163,West 97th Street,New York,NY,10025,"163 W 97th St, New York, NY 10025, USA",40.7948887,-73.9684479
7340,North Rogers Avenue,Chicago,IL,60626,"7340 N Rogers Ave, Chicago, IL 60626, USA",42.0151063,-87.6780744
2100,Ridge Avenue,Evanston,IL,60201,"2100 Ridge Ave, Evanston, IL 60201, USA",42.0567327,-87.6871578
2333,West Sunnyside Avenue,Chicago,IL,60625,"2333 W Sunnyside Ave, Chicago, IL 60625, USA",41.9628085,-87.68638709999999
175,West Washington Street,Chicago,IL,60602,"175 W Washington St, Chicago, IL 60602, USA",41.88305520000001,-87.6333294
2100,Ridge Avenue,Evanston,IL,60201,"2100 Ridge Ave, Evanston, IL 60201, USA",42.0567327,-87.6871578
7340,North Rogers Avenue,Chicago,IL,60626,"7340 N Rogers Ave, Chicago, IL 60626, USA",42.0151063,-87.6780744
