st_num,route,city,state,zipcode,full,lat,long
303,2nd Avenue,Fort Yates,ND,58538,"303 2nd Ave, Fort Yates, ND 58538, USA",46.0857068,-100.6307663
229,Saint Philip Street,Charleston,SC,29403,"229 St Philip St, Charleston, SC 29403, USA",32.7934614,-79.94346
911,Flatbush Avenue,Charleston,NY,11226,"911 Flatbush Ave, Brooklyn, NY 11226, USA",40.64930349999999,-73.95774899999999
911,Flatbush Avenue,New York,NY,11226,"New York, NY, USA",40.7127753,-74.0059728
911,Flatbush Avenue,New York,NY,11226,"911 Flatbush Ave, Brooklyn, NY 11226, USA",40.64930349999999,-73.95774899999999
14,Tommie Collie Jane Road,Oxford,MS,38655,"14 Tommie Collie Jane Rd, Oxford, MS 38655, USA",34.3637837,-89.5823188
2031,North Arizona Avenue,Chandler,AZ,85225,"2031 N Arizona Ave, Chandler, AZ 85225, USA",33.3362361,-111.8391419
950,Garibaldi Street Southwest,Atlanta,GA,30310,"950 Garibaldi St SW, Atlanta, GA 30310, USA",33.729056,-84.39910669999999
950,Garibaldi Street Southwest,Atlanta,GA,30310,"950 Garibaldi St SW, Atlanta, GA 30310, USA",33.729056,-84.39910669999999
950,Garibaldi Street Southwest,Charleston,SC,30310,"Charleston, SC, USA",32.7764749,-79.93105120000001
950,Leonard Street,Charleston,NY,30310,"Leonard St, Brooklyn, NY, USA",40.7170348,-73.9481976
950,Garibaldi Street Southwest,Atlanta,GA,30310,"950 Garibaldi St SW, Atlanta, GA 30310, USA",33.729056,-84.39910669999999
950,Garibaldi Street Southwest,New York,NY,30310,"New York, NY, USA",40.7127753,-74.0059728
20770,Northeast 14th Avenue,Miami,FL,33179,"20770 NE 14th Ave, Miami, FL 33179, USA",25.966337,-80.1748719
20770,Northeast 14th Avenue,Miami,FL,33179,"20770 NE 14th Ave, Miami, FL 33179, USA",25.966337,-80.1748719
950,Garibaldi Street Southwest,Atlanta,GA,30310,"950 Garibaldi St SW, Atlanta, GA 30310, USA",33.729056,-84.39910669999999
2875,Ashley River Road,Charleston,SC,29414,"2875 Ashley River Rd #5, Charleston, SC 29414, USA",32.84328480000001,-80.0591757
883,Mikell Drive,Charleston,SC,29412,"883 Mikell Dr, Charleston, SC 29412, USA",32.7377272,-79.9295842
1002,King Street,Charleston,SC,29403,"1002 King St, Charleston, SC 29403, USA",32.8029598,-79.9501641
100,Byrd Way,Greenwood,IN,46143,"100 Byrd Way, Greenwood, IN 46143, USA",39.612826,-86.07831829999999
100,Byrd Way,Greenwood,IN,46143,"100 Byrd Way, Greenwood, IN 46143, USA",39.612826,-86.07831829999999
950,North Garibaldi Avenue,Bangor,PA,18013,"950 N Garibaldi Ave, Bangor, PA 18013, USA",40.8861767,-75.2251847
2875,Ashley River Road,Charleston,SC,29414,"2875 Ashley River Rd #5, Charleston, SC 29414, USA",32.84328480000001,-80.0591757
