st_num,route,city,state,zipcode,full,lat,long
900,East 7th Street,Bloomington,IN,47405,"900 E 7th St, Bloomington, IN 47405, USA",39.167611,-86.5233896
900,East 7th Street,Bloomington,IN,47405,"900 E 7th St, Bloomington, IN 47405, USA",39.167611,-86.5233896
211,27th Avenue North,Nashville,TN,37203,"211 27th Ave N, Nashville, TN 37203, USA",36.1475443,-86.8131295
3155,Jiles Road,Kennesaw,GA,30144,"3155 Jiles Rd, Kennesaw, GA 30144, USA",34.0322587,-84.6285841
3155,Jiles Road,Kennesaw,GA,30144,"3155 Jiles Rd, Kennesaw, GA 30144, USA",34.0322587,-84.6285841
3155,Jiles Road,Las Vegas,NV,30144,"Las Vegas, NV, USA",36.1147074,-115.1728497
1903,West Michigan Avenue,Kalamazoo,MI,49008,"1903 W Michigan Ave, Kalamazoo, MI 49008, USA",42.2851393,-85.6122304
7501,Calender Road,Arlington,TX,76001,"7501 Calender Rd, Arlington, TX 76001, USA",32.6208382,-97.1528678
1200,South Dunton Avenue,Arlington Heights,IL,60005,"1200 S Dunton Ave, Arlington Heights, IL 60005, USA",42.06200399999999,-87.9816993
4250,East Karen Avenue,Las Vegas,NV,89121,"4250 E Karen Ave, Las Vegas, NV 89121, USA",36.1415442,-115.0815151
1903,West Michigan Avenue,Kalamazoo,MI,49008,"1903 W Michigan Ave, Kalamazoo, MI 49008, USA",42.2851393,-85.6122304
4521,Centerville Highway,Snellville,GA,30039,"4521 Centerville Hwy, Snellville, GA 30039, USA",33.7755485,-84.04994649999999
4521,Centerville Highway,Las Vegas,NV,30039,"Las Vegas, NV, USA",36.1147074,-115.1728497
3275,Tig Knight Road,Loganville,GA,30052,"3275 Tig Knight Rd, Loganville, GA 30052, USA",33.81485290000001,-83.874056
395,Chamberlain Street Southeast,Atlanta,GA,30312,"395 Chamberlain St SE, Atlanta, GA 30312, USA",33.75339640000001,-84.3747813
395,Chamberlain Street Southeast,New York,NY,30312,"New York, NY, USA",40.7127753,-74.0059728
900,East 7th Street,Bloomington,IN,47405,"900 E 7th St, Bloomington, IN 47405, USA",39.167611,-86.5233896
900,East 7th Street,Bloomington,IN,47405,"900 E 7th St, Bloomington, IN 47405, USA",39.167611,-86.5233896
900,East 7th Street,Bloomington,IN,47405,"900 E 7th St, Bloomington, IN 47405, USA",39.167611,-86.5233896
1200,South Dunton Avenue,Arlington Heights,IL,60005,"1200 S Dunton Ave, Arlington Heights, IL 60005, USA",42.06200399999999,-87.9816993
