st_num,route,city,state,zipcode,full,lat,long
900,East 7th Street,Bloomington,IN,47405,"900 E 7th St, Bloomington, IN 47405, USA",39.167611,-86.5233896
2031,North Arizona Avenue,Chandler,AZ,85225,"2031 N Arizona Ave, Chandler, AZ 85225, USA",33.3362361,-111.8391419
80,Underhill Avenue,Chandler,NY,11238,"80 Underhill Ave, Brooklyn, NY 11238, USA",40.6784354,-73.96583059999999
500,Tate Street,Greensboro,NC,27403,"500 Tate St, Greensboro, NC 27403, USA",36.066115,-79.8057445
1001,Lawrenceville Highway,Lawrenceville,GA,30046,"1001 Lawrenceville Hwy, Lawrenceville, GA 30046, USA",33.9423194,-84.01467679999999
4521,Centerville Highway,Snellville,GA,30039,"4521 Centerville Hwy, Snellville, GA 30039, USA",33.7755485,-84.04994649999999
2500,Georgia Avenue Northwest,Washington,DC,20001,"2500 Georgia Ave NW, Washington, DC 20001, USA",38.9226989,-77.0225767
1200,South Basilica Avenue,Hanahan,SC,29410,"1200 S Basilica Ave, Hanahan, SC 29410, USA",32.9558626,-80.0386035
1192,Clarendon Avenue,Avondale Estates,GA,30002,"1192 Clarendon Ave, Avondale Estates, GA 30002, USA",33.7591907,-84.2670054
1401,West Green Street,Urbana,IL,61801,"Illini Union, 1401 W Green St, Urbana, IL 61801, USA",40.1094131,-88.2271693
1192,Clarendon Avenue,Avondale Estates,GA,30002,"1192 Clarendon Ave, Avondale Estates, GA 30002, USA",33.7591907,-84.2670054
330,East University Drive,Tempe,AZ,85281,"330 E University Dr, Tempe, AZ 85281, USA",33.4223909,-111.9335784
3905,Post Oak Tritt Road,Marietta,GA,30062,"3905 Post Oak Tritt Rd, Marietta, GA 30062, USA",34.017435,-84.4377799
395,Chamberlain Street Southeast,Atlanta,GA,30312,"395 Chamberlain St SE, Atlanta, GA 30312, USA",33.75339640000001,-84.3747813
330,East University Drive,Tempe,AZ,85281,"330 E University Dr, Tempe, AZ 85281, USA",33.4223909,-111.9335784
1101,Center Avenue Mall,Fort Collins,CO,80521,"1101 Center Ave Mall, Fort Collins, CO 80521, USA",40.5747844,-105.0847697
395,Chamberlain Street Southeast,Atlanta,GA,30312,"395 Chamberlain St SE, Atlanta, GA 30312, USA",33.75339640000001,-84.3747813
3905,Post Oak Tritt Road,Marietta,GA,30062,"3905 Post Oak Tritt Rd, Marietta, GA 30062, USA",34.017435,-84.4377799
900,East 7th Street,Bloomington,IN,47405,"900 E 7th St, Bloomington, IN 47405, USA",39.167611,-86.5233896
1192,Clarendon Avenue,Avondale Estates,GA,30002,"1192 Clarendon Ave, Avondale Estates, GA 30002, USA",33.7591907,-84.2670054
3020,State University Drive,Sacramento,CA,95819,"Modoc Hall, 3020 State University Dr, Sacramento, CA 95819, USA",38.5531277,-121.4193231
1101,Center Avenue Mall,Fort Collins,CO,80521,"1101 Center Ave Mall, Fort Collins, CO 80521, USA",40.5747844,-105.0847697
900,East 7th Street,Bloomington,IN,47405,"900 E 7th St, Bloomington, IN 47405, USA",39.167611,-86.5233896
3905,Post Oak Tritt Road,Marietta,GA,30062,"3905 Post Oak Tritt Rd, Marietta, GA 30062, USA",34.017435,-84.4377799
100,North University Street,Normal,IL,61761,"100 N University St, Normal, IL 61761, USA",40.51184600000001,-88.99223099999999
900,East 7th Street,Bloomington,IN,47405,"900 E 7th St, Bloomington, IN 47405, USA",39.167611,-86.5233896
1192,Clarendon Avenue,Avondale Estates,GA,30002,"1192 Clarendon Ave, Avondale Estates, GA 30002, USA",33.7591907,-84.2670054
1101,Center Avenue Mall,Fort Collins,CO,80521,"1101 Center Ave Mall, Fort Collins, CO 80521, USA",40.5747844,-105.0847697
3905,Post Oak Tritt Road,Marietta,GA,30062,"3905 Post Oak Tritt Rd, Marietta, GA 30062, USA",34.017435,-84.4377799
1001,Lawrenceville Highway,Lawrenceville,GA,30046,"1001 Lawrenceville Hwy, Lawrenceville, GA 30046, USA",33.9423194,-84.01467679999999
900,East 7th Street,Bloomington,IN,47405,"900 E 7th St, Bloomington, IN 47405, USA",39.167611,-86.5233896
500,Tate Street,Greensboro,NC,27403,"500 Tate St, Greensboro, NC 27403, USA",36.066115,-79.8057445
900,East 7th Street,Bloomington,IN,47405,"900 E 7th St, Bloomington, IN 47405, USA",39.167611,-86.5233896
330,East University Drive,Tempe,AZ,85281,"330 E University Dr, Tempe, AZ 85281, USA",33.4223909,-111.9335784
500,Tate Street,Greensboro,NC,27403,"500 Tate St, Greensboro, NC 27403, USA",36.066115,-79.8057445
4521,Centerville Highway,Snellville,GA,30039,"4521 Centerville Hwy, Snellville, GA 30039, USA",33.7755485,-84.04994649999999
100,North University Street,Normal,IL,61761,"100 N University St, Normal, IL 61761, USA",40.51184600000001,-88.99223099999999
500,Tate Street,Greensboro,NC,27403,"500 Tate St, Greensboro, NC 27403, USA",36.066115,-79.8057445
4521,Centerville Highway,Snellville,GA,30039,"4521 Centerville Hwy, Snellville, GA 30039, USA",33.7754561,-84.0500694
1401,West Green Street,Urbana,IL,61801,"Illini Union, 1401 W Green St, Urbana, IL 61801, USA",40.1094131,-88.2271693
500,Tate Street,Greensboro,NC,27403,"500 Tate St, Greensboro, NC 27403, USA",36.066115,-79.8057445
4521,Centerville Highway,Snellville,GA,30039,"4521 Centerville Hwy, Snellville, GA 30039, USA",33.7755485,-84.04994649999999
150,Michigan Avenue,Chicago,IL,60603,"150 Michigan Avenue, Chicago, IL 60603, USA",41.8796816,-87.6246821
