st_num,route,city,state,zipcode,full,lat,long
900,East 7th Street,Bloomington,IN,47405,"900 E 7th St, Bloomington, IN 47405, USA",39.167611,-86.5233896
3155,Jiles Road,Kennesaw,GA,30144,"3155 Jiles Rd, Kennesaw, GA 30144, USA",34.0322587,-84.6285841
4250,East Karen Avenue,Las Vegas,NV,89121,"4250 E Karen Ave, Las Vegas, NV 89121, USA",36.1415442,-115.0815151
211,27th Avenue North,Nashville,TN,37203,"211 27th Ave N, Nashville, TN 37203, USA",36.1475443,-86.8131295
4250,East Karen Avenue,Las Vegas,NV,89121,"4250 E Karen Ave, Las Vegas, NV 89121, USA",36.1415442,-115.0815151
4521,Centerville Highway,Snellville,GA,30039,"4521 Centerville Hwy, Snellville, GA 30039, USA",33.7755485,-84.04994649999999
4250,East Karen Avenue,Las Vegas,NV,89121,"4250 E Karen Ave, Las Vegas, NV 89121, USA",36.1415442,-115.0815151
395,Chamberlain Street Southeast,Atlanta,GA,30312,"395 Chamberlain St SE, Atlanta, GA 30312, USA",33.75339640000001,-84.3747813
211,27th Avenue North,Nashville,TN,37203,"211 27th Ave N, Nashville, TN 37203, USA",36.1475443,-86.8131295
13600,Minnieville Road,Woodbridge,VA,22193,"13600 Minnieville Rd, Woodbridge, VA 22193, USA",38.6545772,-77.3138654
1477,West Main Street,Greenwood,IN,46142,"1477 West Main Street, Greenwood, IN 46142, USA",39.6116663,-86.1479796
12400,Imperial Highway,Norwalk,CA,90650,"12400 Imperial Hwy, Norwalk, CA 90650, USA",33.9160764,-118.067914
4250,East Karen Avenue,Las Vegas,NV,89121,"4250 E Karen Ave, Las Vegas, NV 89121, USA",36.1415442,-115.0815151
950,Garibaldi Street Southwest,Atlanta,GA,30310,"950 Garibaldi St SW, Atlanta, GA 30310, USA",33.729056,-84.39910669999999
396,Branigin Boulevard,Franklin,IN,46131,"396 Branigin Blvd, Franklin, IN 46131, USA",39.47613500000001,-86.0476829
3155,Jiles Road,Kennesaw,GA,30144,"3155 Jiles Rd, Kennesaw, GA 30144, USA",34.0322587,-84.6285841
1903,West Michigan Avenue,Kalamazoo,MI,49008,"1903 W Michigan Ave, Kalamazoo, MI 49008, USA",42.2851393,-85.6122304
1200,South Dunton Avenue,Arlington Heights,IL,60005,"1200 S Dunton Ave, Arlington Heights, IL 60005, USA",42.06200399999999,-87.9816993
7501,Calender Road,Arlington,TX,76001,"7501 Calender Rd, Arlington, TX 76001, USA",32.6208382,-97.1528678
211,27th Avenue North,Nashville,TN,37203,"211 27th Ave N, Nashville, TN 37203, USA",36.1475443,-86.8131295
1200,South Dunton Avenue,Arlington Heights,IL,60005,"1200 S Dunton Ave, Arlington Heights, IL 60005, USA",42.06200399999999,-87.9816993
4250,East Karen Avenue,Las Vegas,NV,89121,"4250 E Karen Ave, Las Vegas, NV 89121, USA",36.1415442,-115.0815151
211,27th Avenue North,Nashville,TN,37203,"211 27th Ave N, Nashville, TN 37203, USA",36.1475443,-86.8131295
4250,East Karen Avenue,Las Vegas,NV,89121,"4250 E Karen Ave, Las Vegas, NV 89121, USA",36.1415442,-115.0815151
4250,East Karen Avenue,Las Vegas,NV,89121,"4250 E Karen Ave, Las Vegas, NV 89121, USA",36.1415442,-115.0815151
4250,East Karen Avenue,Las Vegas,NV,89121,"4250 E Karen Ave, Las Vegas, NV 89121, USA",36.1415442,-115.0815151
1001,Lawrenceville Highway,Lawrenceville,GA,30046,"1001 Lawrenceville Hwy, Lawrenceville, GA 30046, USA",33.9423194,-84.01467679999999
7501,Calender Road,Arlington,TX,76001,"7501 Calender Rd, Arlington, TX 76001, USA",32.6208382,-97.1528678
1200,South Dunton Avenue,Arlington Heights,IL,60005,"1200 S Dunton Ave, Arlington Heights, IL 60005, USA",42.06200399999999,-87.9816993
