st_num,route,city,state,zipcode,full,lat,long
12424,Scofield Farms Drive,Austin,TX,78758,"12424 Scofield Farms Dr, Austin, TX 78758, USA",30.4099358,-97.6880703
12424,Scofield Farms Drive,Austin,TX,78758,"12424 Scofield Farms Dr, Austin, TX 78758, USA",30.4099358,-97.6880703
239,Park Avenue,Portland,ME,04102,"239 Park Ave, Portland, ME 04102, USA",43.6562887,-70.2772632
419,Waverly Avenue,Portland,NY,11238,"419 Waverly Ave, Brooklyn, NY 11238, USA",40.6854357,-73.9658766
330,East University Drive,Tempe,AZ,85281,"330 E University Dr, Tempe, AZ 85281, USA",33.4223909,-111.9335784
330,East University Drive,Snellville,GA,85281,"Snellville, GA, USA",33.857328,-84.0199108
419,Waverly Avenue,Snellville,NY,11238,"419 Waverly Ave, Brooklyn, NY 11238, USA",40.6854357,-73.9658766
419,Waverly Avenue,Snellville,NY,11238,"419 Waverly Ave, Brooklyn, NY 11238, USA",40.6854357,-73.9658766
4,South Eagleville Road,Mansfield,CT,06268,"Mansfield Town Hall, 4 S Eagleville Rd, Storrs, CT 06268, USA",41.8014173,-72.2425733
4,South Eagleville Road,Saint Petersburg,FL,06268,"St. Petersburg, FL, USA",27.7676008,-82.64029149999999
1501,Maple Street,Denton,TX,76201,"Methodist Student Center, 1501 Maple St, Denton, TX 76201, USA",33.2079439,-97.14887560000001
12424,Scofield Farms Drive,Austin,TX,78758,"12424 Scofield Farms Dr, Austin, TX 78758, USA",30.4099358,-97.6880703
419,Waverly Avenue,Austin,NY,11238,"419 Waverly Ave, Brooklyn, NY 11238, USA",40.6854357,-73.9658766
2014,Bees Ferry Road,Charleston,SC,29414,"2014 Bees Ferry Rd, Charleston, SC 29414, USA",32.831972,-80.06937099999999
950,North Garibaldi Avenue,Bangor,PA,18013,"950 N Garibaldi Ave, Bangor, PA 18013, USA",40.8861767,-75.2251847
330,East University Drive,Tempe,AZ,85281,"330 E University Dr, Tempe, AZ 85281, USA",33.4223909,-111.9335784
419,Waverly Avenue,Tempe,NY,11238,"419 Waverly Ave, Brooklyn, NY 11238, USA",40.6854357,-73.9658766
2014,Bees Ferry Road,Charleston,SC,29414,"2014 Bees Ferry Rd, Charleston, SC 29414, USA",32.831972,-80.06937099999999
419,Waverly Avenue,Charleston,NY,11238,"419 Waverly Ave, Brooklyn, NY 11238, USA",40.6854357,-73.9658766
419,Waverly Avenue,Saint Petersburg,FL,11238,"St. Petersburg, FL, USA",27.7676008,-82.64029149999999
1501,Maple Street,Denton,TX,76201,"Methodist Student Center, 1501 Maple St, Denton, TX 76201, USA",33.2079439,-97.14887560000001
4,South Eagleville Road,Mansfield,CT,06268,"Mansfield Town Hall, 4 S Eagleville Rd, Storrs, CT 06268, USA",41.8014173,-72.2425733
125,West Washington Street,Iowa City,IA,52242,"125 W Washington St, Iowa City, IA 52242, USA",41.659548,-91.5384411
1501,Maple Street,Denton,TX,76201,"Methodist Student Center, 1501 Maple St, Denton, TX 76201, USA",33.2079439,-97.14887560000001
4,South Eagleville Road,Mansfield,CT,06268,"Mansfield Town Hall, 4 S Eagleville Rd, Storrs, CT 06268, USA",41.8014173,-72.2425733
125,West Washington Street,Iowa City,IA,52242,"125 W Washington St, Iowa City, IA 52242, USA",41.659548,-91.5384411
510,East University Drive,Tempe,AZ,85281,"510 E University Dr, Tempe, AZ 85281, USA",33.4224163,-111.9320081
2031,North Arizona Avenue,Chandler,AZ,85225,"2031 N Arizona Ave, Chandler, AZ 85225, USA",33.3362361,-111.8391419
1300,West Sunset Road,Henderson,NV,89014,"1300 W Sunset Rd, Henderson, NV 89014, USA",36.0673234,-115.0416159
