st_num,route,city,state,zipcode,full,lat,long
605,Bridge Street,Fuquay Varina,NC,27526,"605 Bridge St, Fuquay Varina, NC 27526, USA",35.592445,-78.80964
900,North Kingsbury Street,Chicago,IL,60610,"900 N Kingsbury St, Chicago, IL 60610, USA",41.898835,-87.644438
180,7th Avenue,Chicago,NY,11215,"180 7th Ave, Brooklyn, NY 11215, USA",40.671733,-73.9785034
3150,Spain Road,Snellville,GA,30039,"3150 Spain Rd, Snellville, GA 30039, USA",33.8032306,-84.0689278
2295,Marietta Road Northwest,Atlanta,GA,30318,"2295 Marietta Rd NW, Atlanta, GA 30318, USA",33.8183419,-84.4605412
195,North Ashland Avenue,Lexington,KY,40502,"195 N Ashland Ave, Lexington, KY 40502, USA",38.038063,-84.480942
195,North Ashland Avenue,Lexington,KY,40502,"195 N Ashland Ave, Lexington, KY 40502, USA",38.038063,-84.480942
498,Farmington Avenue,Hartford,CT,06105,"498 Farmington Ave, Hartford, CT 06105, USA",41.7668955,-72.7082187
195,North Ashland Avenue,Lexington,KY,40502,"195 N Ashland Ave, Lexington, KY 40502, USA",38.038063,-84.480942
2295,Marietta Road Northwest,Atlanta,GA,30318,"2295 Marietta Rd NW, Atlanta, GA 30318, USA",33.8183419,-84.4605412
3300,Rosewood Drive,Columbia,SC,29205,"3300 Rosewood Dr, Columbia, SC 29205, USA",33.9871846,-80.9955127
7720,Boone Road,Houston,TX,77072,"7720 Boone Rd, Houston, TX 77072, USA",29.6941608,-95.5759041
914,East Camelback Road,Phoenix,AZ,85014,"914 E Camelback Rd, Phoenix, AZ 85014, USA",33.5094011,-112.0613189
330,North Big Bend Boulevard,St. Louis,MO,63130,"330 N Big Bend Blvd, St. Louis, MO 63130, USA",38.6492556,-90.31504559999999
850,Hungerford Drive,Rockville,MD,20850,"850 Hungerford Dr, Rockville, MD 20850, USA",39.0947689,-77.1581329
850,Hungerford Drive,Snellville,GA,20850,"Snellville, GA, USA",33.857328,-84.0199108
929,Charles Allen Drive Northeast,Atlanta,GA,30309,"929 Charles Allen Dr NE, Atlanta, GA 30309, USA",33.780565,-84.37274699999999
330,North Big Bend Boulevard,St. Louis,MO,63130,"330 N Big Bend Blvd, St. Louis, MO 63130, USA",38.6492556,-90.31504559999999
950,North Garibaldi Avenue,Bangor,PA,18013,"950 N Garibaldi Ave, Bangor, PA 18013, USA",40.8861767,-75.2251847
1401,West Green Street,Urbana,IL,61801,"Illini Union, 1401 W Green St, Urbana, IL 61801, USA",40.1094131,-88.2271693
750,Baychester Avenue,Urbana,NY,10475,"750 Baychester Ave, Bronx, NY 10475, USA",40.8742194,-73.83309349999999
3150,Spain Road,Snellville,GA,30039,"3150 Spain Rd, Snellville, GA 30039, USA",33.8032306,-84.0689278
914,East Camelback Road,Phoenix,AZ,85014,"914 E Camelback Rd, Phoenix, AZ 85014, USA",33.5094011,-112.0613189
1401,West Green Street,Urbana,IL,61801,"Illini Union, 1401 W Green St, Urbana, IL 61801, USA",40.1094131,-88.2271693
950,Garibaldi Street Southwest,Atlanta,GA,30310,"950 Garibaldi St SW, Atlanta, GA 30310, USA",33.729056,-84.39910669999999
330,North Big Bend Boulevard,St. Louis,MO,63130,"330 N Big Bend Blvd, St. Louis, MO 63130, USA",38.6492556,-90.31504559999999
