st_num,route,city,state,zipcode,full,lat,long
3700,Old Hundred Road South,Midlothian,VA,23112,"3700 Old Hundred Rd S, Midlothian, VA 23112, USA",37.4394867,-77.64520050000002
100,Byrd Way,Greenwood,IN,46143,"100 Byrd Way, Greenwood, IN 46143, USA",39.612826,-86.07831829999999
2701,Robious Crossing Drive,Midlothian,VA,23113,"2701 Robious Crossing Dr, Midlothian, VA 23113, USA",37.52968570000001,-77.6133236
2701,Robious Crossing Drive,Midlothian,VA,23113,"2701 Robious Crossing Dr, Midlothian, VA 23113, USA",37.52968570000001,-77.6133236
229,Saint Philip Street,Charleston,SC,29403,"229 St Philip St, Charleston, SC 29403, USA",32.7934614,-79.94346
11001,West Providence Road,Richmond,VA,23236,"11001 W Providence Rd, Richmond, VA 23236, USA",37.457963,-77.601972
3150,Spain Road,Snellville,GA,30039,"3150 Spain Rd, Snellville, GA 30039, USA",33.8032306,-84.0689278
229,Saint Philip Street,Charleston,SC,29403,"229 St Philip St, Charleston, SC 29403, USA",32.7934614,-79.94346
412,Northeast 22nd Street,Miami,FL,33137,"412 NE 22nd St, Miami, FL 33137, USA",25.7979453,-80.1877899
1518,Main Road,Johns Island,SC,29455,"1518 Main Rd, Johns Island, SC 29455, USA",32.724856,-80.098568
2031,North Arizona Avenue,Chandler,AZ,85225,"2031 N Arizona Ave, Chandler, AZ 85225, USA",33.3362361,-111.8391419
