st_num,route,city,state,zipcode,full,lat,long
900,East 7th Street,Bloomington,IN,47405,"900 E 7th St, Bloomington, IN 47405, USA",39.167611,-86.5233896
900,East 7th Street,Bloomington,IN,47405,"900 E 7th St, Bloomington, IN 47405, USA",39.167611,-86.5233896
396,Branigin Boulevard,Franklin,IN,46131,"396 Branigin Blvd, Franklin, IN 46131, USA",39.47613500000001,-86.0476829
900,East 7th Street,Bloomington,IN,47405,"900 E 7th St, Bloomington, IN 47405, USA",39.167611,-86.5233896
950,North Garibaldi Avenue,Bangor,PA,18013,"950 N Garibaldi Ave, Bangor, PA 18013, USA",40.8861767,-75.2251847
396,Branigin Boulevard,Franklin,IN,46131,"396 Branigin Blvd, Franklin, IN 46131, USA",39.47613500000001,-86.0476829
1200,South Dunton Avenue,Arlington Heights,IL,60005,"1200 S Dunton Ave, Arlington Heights, IL 60005, USA",42.06200399999999,-87.9816993
3155,Jiles Road,Kennesaw,GA,30144,"3155 Jiles Rd, Kennesaw, GA 30144, USA",34.0322587,-84.6285841
950,Garibaldi Street Southwest,Atlanta,GA,30310,"950 Garibaldi St SW, Atlanta, GA 30310, USA",33.729056,-84.39910669999999
