st_num,route,city,state,zipcode,full,lat,long
100,Commerce Court,Pooler,GA,31322,"100 Commerce Ct, Pooler, GA 31322, USA",32.0917381,-81.2573038
100,Commerce Court,Snellville,GA,31322,"Snellville, GA, USA",33.857328,-84.0199108
100,Commerce Court,Snellville,GA,31322,"Snellville, GA, USA",33.857328,-84.0199108
100,Commerce Court,Pooler,GA,31322,"100 Commerce Ct, Pooler, GA 31322, USA",32.0917381,-81.2573038
11,East Bacon Street,Hillsdale,MI,49242,"11 E Bacon St, Hillsdale, MI 49242, USA",41.9206637,-84.6340962
330,North Big Bend Boulevard,St. Louis,MO,63130,"330 N Big Bend Blvd, St. Louis, MO 63130, USA",38.6492556,-90.31504559999999
163,West 97th Street,New York,NY,10025,"163 W 97th St, New York, NY 10025, USA",40.7948887,-73.9684479
165,Church Street,New Haven,CT,06510,"165 Church St # 154, New Haven, CT 06510, USA",41.3072905,-72.9243414
11,East Bacon Street,Hillsdale,MI,49242,"11 E Bacon St, Hillsdale, MI 49242, USA",41.9206637,-84.6340962
1151,South Forest Avenue,Tempe,AZ,85287,"1151 S Forest Ave, Tempe, AZ 85287, USA",33.4169629,-111.9362888
