st_num,route,city,state,zipcode,full,lat,long
1002,King Street,Charleston,SC,29403,"1002 King St, Charleston, SC 29403, USA",32.8029598,-79.9501641
1002,King Street,Saint Petersburg,FL,29403,"St. Petersburg, FL, USA",27.7676008,-82.64029149999999
239,Park Avenue,Portland,ME,04102,"239 Park Ave, Portland, ME 04102, USA",43.6562887,-70.2772632
239,Park Avenue,Saint Petersburg,FL,04102,"St. Petersburg, FL, USA",27.7676008,-82.64029149999999
1501,Maple Street,Denton,TX,76201,"Methodist Student Center, 1501 Maple St, Denton, TX 76201, USA",33.2079439,-97.14887560000001
1501,Maple Street,Denton,TX,76201,"Methodist Student Center, 1501 Maple St, Denton, TX 76201, USA",33.2079439,-97.14887560000001
1501,Maple Street,Denton,TX,76201,"Methodist Student Center, 1501 Maple St, Denton, TX 76201, USA",33.2079439,-97.14887560000001
1501,Maple Street,Saint Petersburg,FL,76201,"St. Petersburg, FL, USA",27.7676008,-82.64029149999999
1501,Maple Street,Denton,TX,76201,"Methodist Student Center, 1501 Maple St, Denton, TX 76201, USA",33.2079439,-97.14887560000001
701,Pennsylvania Avenue Southeast,Washington,DC,20003,"701 Pennsylvania Ave SE, Washington, DC 20003, USA",38.8842311,-76.9958297
911,Flatbush Avenue,Washington,NY,11226,"911 Flatbush Ave, Brooklyn, NY 11226, USA",40.64930349999999,-73.95774899999999
701,Pennsylvania Avenue Southeast,Washington,DC,20003,"701 Pennsylvania Ave SE, Washington, DC 20003, USA",38.8842311,-76.9958297
2031,North Arizona Avenue,Chandler,AZ,85225,"2031 N Arizona Ave, Chandler, AZ 85225, USA",33.3362361,-111.8391419
239,Park Avenue,Portland,ME,04102,"239 Park Ave, Portland, ME 04102, USA",43.6562887,-70.2772632
701,Pennsylvania Avenue Southeast,Washington,DC,20003,"701 Pennsylvania Ave SE, Washington, DC 20003, USA",38.8842311,-76.9958297
701,Pennsylvania Avenue Southeast,Washington,WA,20003,"King County, WA, USA",47.5480339,-121.9836029
2031,North Arizona Avenue,Chandler,AZ,85225,"2031 N Arizona Ave, Chandler, AZ 85225, USA",33.3362361,-111.8391419
