st_num,route,city,state,zipcode,full,lat,long
1401,West Green Street,Urbana,IL,61801,"Illini Union, 1401 W Green St, Urbana, IL 61801, USA",40.1094131,-88.2271693
12400,Imperial Highway,Norwalk,CA,90650,"12400 Imperial Hwy, Norwalk, CA 90650, USA",33.9160764,-118.067914
2500,Georgia Avenue Northwest,Washington,DC,20001,"2500 Georgia Ave NW, Washington, DC 20001, USA",38.9226989,-77.0225767
3155,Jiles Road,Kennesaw,GA,30144,"3155 Jiles Rd, Kennesaw, GA 30144, USA",34.0322587,-84.6285841
4521,Centerville Highway,Snellville,GA,30039,"4521 Centerville Hwy, Snellville, GA 30039, USA",33.7755485,-84.04994649999999
4521,Centerville Highway,Snellville,GA,30039,"4521 Centerville Hwy, Snellville, GA 30039, USA",33.7755485,-84.04994649999999
3905,Post Oak Tritt Road,Marietta,GA,30062,"3905 Post Oak Tritt Rd, Marietta, GA 30062, USA",34.017435,-84.4377799
395,Chamberlain Street Southeast,Atlanta,GA,30312,"395 Chamberlain St SE, Atlanta, GA 30312, USA",33.75339640000001,-84.3747813
12400,Imperial Highway,Norwalk,CA,90650,"12400 Imperial Hwy, Norwalk, CA 90650, USA",33.9160764,-118.067914
1200,South Basilica Avenue,Hanahan,SC,29410,"1200 S Basilica Ave, Hanahan, SC 29410, USA",32.9558626,-80.0386035
330,East University Drive,Tempe,AZ,85281,"330 E University Dr, Tempe, AZ 85281, USA",33.4223909,-111.9335784
2500,Georgia Avenue Northwest,Washington,DC,20001,"2500 Georgia Ave NW, Washington, DC 20001, USA",38.9226989,-77.0225767
955,Johnson Ferry Road,Marietta,GA,30068,"955 Johnson Ferry Rd, Marietta, GA 30068, USA",33.972301,-84.4148045
8111,Kirby Drive,Houston,TX,77054,"Holiday Inn Houston - Reliant Park, 8111 Kirby Dr, Houston, TX 77054, USA",29.6903479,-95.4113816
950,Garibaldi Street Southwest,Atlanta,GA,30310,"950 Garibaldi St SW, Atlanta, GA 30310, USA",33.729056,-84.39910669999999
750,Classon Avenue,Atlanta,NY,11238,"750 Classon Ave, Brooklyn, NY 11238, USA",40.6745299,-73.9609174
1200,South Basilica Avenue,Hanahan,SC,29410,"1200 S Basilica Ave, Hanahan, SC 29410, USA",32.9558626,-80.0386035
500,Tate Street,Greensboro,NC,27403,"500 Tate St, Greensboro, NC 27403, USA",36.066115,-79.8057445
1101,Center Avenue Mall,Fort Collins,CO,80521,"1101 Center Ave Mall, Fort Collins, CO 80521, USA",40.5747844,-105.0847697
