st_num,route,city,state,zipcode,full,lat,long
1401,West Green Street,Urbana,IL,61801,"Illini Union, 1401 W Green St, Urbana, IL 61801, USA",40.1094131,-88.2271693
165,Church Street,New Haven,CT,06510,"165 Church St # 154, New Haven, CT 06510, USA",41.3072905,-72.9243414
330,North Big Bend Boulevard,St. Louis,MO,63130,"330 N Big Bend Blvd, St. Louis, MO 63130, USA",38.6492556,-90.31504559999999
419,Waverly Avenue,St. Louis,NY,11238,"419 Waverly Ave, Brooklyn, NY 11238, USA",40.6854357,-73.9658766
601,13th Avenue Southeast,Minneapolis,MN,55414,"601 13th Ave SE, Minneapolis, MN 55414, USA",44.9834975,-93.23576489999999
701,Pennsylvania Avenue Southeast,Washington,DC,20003,"701 Pennsylvania Ave SE, Washington, DC 20003, USA",38.8842311,-76.9958297
701,Pennsylvania Avenue Southeast,Snellville,GA,20003,"Snellville, GA, USA",33.857328,-84.0199108
1525,Fitzwater Street,Philadelphia,PA,19146,"1525 Fitzwater St, Philadelphia, PA 19146, USA",39.9424148,-75.1685377
550,Chestnut Street,Terre Haute,IN,47809,"550 Chestnut St, Terre Haute, IN 47809, USA",39.4711383,-87.4106802
550,Chestnut Street,Snellville,GA,47809,"Snellville, GA, USA",33.857328,-84.0199108
2255,Eastland Parkway,Lexington,KY,40505,"2255 Eastland Pkwy, Lexington, KY 40505, USA",38.0495122,-84.4371646
