st_num,route,city,state,zipcode,full,lat,long
1401,West Green Street,Urbana,IL,61801,"Illini Union, 1401 W Green St, Urbana, IL 61801, USA",40.1094131,-88.2271693
914,East Camelback Road,Phoenix,AZ,85014,"914 E Camelback Rd, Phoenix, AZ 85014, USA",33.5094011,-112.0613189
750,Classon Avenue,Phoenix,NY,11238,"750 Classon Ave, Brooklyn, NY 11238, USA",40.6745299,-73.9609174
3150,Spain Road,Snellville,GA,30039,"3150 Spain Rd, Snellville, GA 30039, USA",33.8032306,-84.0689278
750,Classon Avenue,Snellville,NY,11238,"750 Classon Ave, Brooklyn, NY 11238, USA",40.6745299,-73.9609174
750,Classon Avenue,New York,NY,11238,"New York, NY, USA",40.7127753,-74.0059728
510,Clermont Avenue,New York,NY,11238,"510 Clermont Ave, Brooklyn, NY 11238, USA",40.68276059999999,-73.9689502
