st_num,route,city,state,zipcode,full,lat,long
111,Bright Street,Jersey City,NJ,07302,"111 Bright St, Jersey City, NJ 07302, USA",40.717629,-74.0515849
10700,Staples Mill Road,Glen Allen,VA,23060,"10700 Staples Mill Rd, Glen Allen, VA 23060, USA",37.666232,-77.5336923
111,Bright Street,Jersey City,NJ,07302,"111 Bright St, Jersey City, NJ 07302, USA",40.717629,-74.0515849
111,Bright Street,Jersey City,NJ,07302,"111 Bright St, Jersey City, NJ 07302, USA",40.717629,-74.0515849
1518,Main Road,Johns Island,SC,29455,"1518 Main Rd, Johns Island, SC 29455, USA",32.724856,-80.098568
443,Saint Marks Avenue,Johns Island,NY,11238,"443 St Marks Ave, Brooklyn, NY 11238, USA",40.6770364,-73.9600737
3150,Spain Road,Snellville,GA,30039,"3150 Spain Rd, Snellville, GA 30039, USA",33.8032306,-84.0689278
3150,Spain Road,Snellville,GA,30039,"3150 Spain Rd, Snellville, GA 30039, USA",33.8032306,-84.0689278
443,Saint Marks Avenue,Snellville,NY,11238,"443 St Marks Ave, Brooklyn, NY 11238, USA",40.6769629,-73.9600909
443,Saint Marks Avenue,Atlanta,GA,11238,"Atlanta, GA, USA",33.7489954,-84.3879824
4125,Carpenter Avenue,Atlanta,NY,10466,"4125 Carpenter Ave, Bronx, NY 10466, USA",40.8923187,-73.8618979
4125,Carpenter Avenue,Atlanta,GA,10466,"Atlanta, GA, USA",33.7489954,-84.3879824
4125,Carpenter Avenue,Atlanta,NY,10466,"4125 Carpenter Ave, Bronx, NY 10466, USA",40.8923187,-73.8618979
10700,Staples Mill Road,Glen Allen,VA,23060,"10700 Staples Mill Rd, Glen Allen, VA 23060, USA",37.666232,-77.5336923
520,North Kingsbury Street,Chicago,IL,60654,"520 N Kingsbury St, Chicago, IL 60654, USA",41.8909068,-87.6401544
1518,Main Road,Johns Island,SC,29455,"1518 Main Rd, Johns Island, SC 29455, USA",32.724856,-80.098568
1518,Main Road,Atlanta,GA,29455,"Atlanta, GA, USA",33.7489954,-84.3879824
847,New Hope Road,Fayetteville,GA,30214,"847 New Hope Rd, Fayetteville, GA 30214, USA",33.508131,-84.48258799999999
1518,Main Road,Johns Island,SC,29455,"1518 Main Rd, Johns Island, SC 29455, USA",32.724856,-80.098568
1518,Main Road,Atlanta,GA,29455,"Atlanta, GA, USA",33.7489954,-84.3879824
2740,Alpine Road,Columbia,SC,29223,"2740 Alpine Rd, Columbia, SC 29223, USA",34.0835066,-80.92584219999999
395,Chamberlain Street Southeast,Atlanta,GA,30312,"395 Chamberlain St SE, Atlanta, GA 30312, USA",33.75339640000001,-84.3747813
395,Chamberlain Street Southeast,Atlanta,GA,30312,"Atlanta, GA, USA",33.7489954,-84.3879824
395,Chamberlain Street Southeast,Atlanta,GA,30312,"Atlanta, GA, USA",33.7489954,-84.3879824
950,Garibaldi Street Southwest,Atlanta,GA,30310,"Pittman Park, 950 Garibaldi St SW, Atlanta, GA 30310, USA",33.7275654,-84.3978621
950,Garibaldi Street Southwest,Atlanta,GA,30310,"Atlanta, GA, USA",33.7489954,-84.3879824
847,New Hope Road,Fayetteville,GA,30214,"847 New Hope Rd, Fayetteville, GA 30214, USA",33.508131,-84.48258799999999
1518,Main Road,Johns Island,SC,29455,"1518 Main Rd, Johns Island, SC 29455, USA",32.724856,-80.098568
950,North Garibaldi Avenue,Bangor,PA,18013,"950 N Garibaldi Ave, Bangor, PA 18013, USA",40.8861767,-75.2251847
2740,Alpine Road,Columbia,SC,29223,"2740 Alpine Rd, Columbia, SC 29223, USA",34.0835066,-80.92584219999999
1518,Main Road,Johns Island,SC,29455,"1518 Main Rd, Johns Island, SC 29455, USA",32.724856,-80.098568
750,Classon Avenue,Johns Island,NY,11238,"750 Classon Ave, Brooklyn, NY 11238, USA",40.6745299,-73.9609174
750,Classon Avenue,Atlanta,GA,11238,"Atlanta, GA, USA",33.7489954,-84.3879824
3150,Spain Road,Snellville,GA,30039,"3150 Spain Rd, Snellville, GA 30039, USA",33.8032306,-84.0689278
847,New Hope Road,Fayetteville,GA,30214,"847 New Hope Rd, Fayetteville, GA 30214, USA",33.508131,-84.48258799999999
847,New Hope Road,Atlanta,GA,30214,"Atlanta, GA, USA",33.7489954,-84.3879824
847,New Hope Road,Atlanta,GA,30214,"Atlanta, GA, USA",33.7489954,-84.3879824
2095,Seven Sticks Drive,Wando,SC,29492,"2095 Seven Sticks Drive, Wando, SC 29492, USA",32.9132819,-79.8606582
443,Saint Marks Avenue,Wando,NY,11238,"443 St Marks Ave, Brooklyn, NY 11238, USA",40.6769629,-73.9600909
443,Saint Marks Avenue,Atlanta,GA,11238,"Atlanta, GA, USA",33.7489954,-84.3879824
443,Saint Marks Avenue,Atlanta,GA,11238,"Atlanta, GA, USA",33.7489954,-84.3879824
