st_num,route,city,state,zipcode,full,lat,long
163,West 97th Street,New York,NY,10025,"163 W 97th St, New York, NY 10025, USA",40.7948887,-73.9684479
24,North Henry Street,New York,NY,11222,"24 N Henry St, Brooklyn, NY 11222, USA",40.7198377,-73.94241
701,Pennsylvania Avenue Southeast,Washington,DC,20003,"701 Pennsylvania Ave SE, Washington, DC 20003, USA",38.8842311,-76.9958297
295,South Campus Drive,Salt Lake City,UT,84112,"295 S Campus Dr, Salt Lake City, UT 84112, USA",40.7624752,-111.8461846
701,Pennsylvania Avenue Southeast,Washington,DC,20003,"701 Pennsylvania Ave SE, Washington, DC 20003, USA",38.8842311,-76.9958297
701,Pennsylvania Avenue Southeast,New York,NY,20003,"New York, NY, USA",40.7127753,-74.0059728
12400,Imperial Highway,Norwalk,CA,90650,"12400 Imperial Hwy, Norwalk, CA 90650, USA",33.9160764,-118.067914
2255,Eastland Parkway,Lexington,KY,40505,"2255 Eastland Pkwy, Lexington, KY 40505, USA",38.0495122,-84.4371646
12400,Imperial Highway,Norwalk,CA,90650,"12400 Imperial Hwy, Norwalk, CA 90650, USA",33.9160764,-118.067914
163,West 97th Street,New York,NY,10025,"163 W 97th St, New York, NY 10025, USA",40.7948887,-73.9684479
163,West 97th Street,Snellville,GA,10025,"Snellville, GA, USA",33.857328,-84.0199108
900,East 7th Street,Bloomington,IN,47405,"900 E 7th St, Bloomington, IN 47405, USA",39.167611,-86.5233896
12400,Imperial Highway,Norwalk,CA,90650,"12400 Imperial Hwy, Norwalk, CA 90650, USA",33.9160764,-118.067914
12400,Imperial Highway,Snellville,GA,90650,"Snellville, GA, USA",33.857328,-84.0199108
12400,Imperial Highway,Norwalk,CA,90650,"12400 Imperial Hwy, Norwalk, CA 90650, USA",33.9160764,-118.067914
500,Tate Street,Greensboro,NC,27403,"500 Tate St, Greensboro, NC 27403, USA",36.066115,-79.8057445
500,Tate Street,New York,NY,27403,"New York, NY, USA",40.7127753,-74.0059728
444,Brightfield Trail,Ballwin,MO,63021,"444 Brightfield Trail, Ballwin, MO 63021, USA",38.5708583,-90.5261146
550,Chestnut Street,Terre Haute,IN,47809,"550 Chestnut St, Terre Haute, IN 47809, USA",39.4711383,-87.4106802
3624,Conrad Street,Philadelphia,PA,19129,"3624 Conrad St, Philadelphia, PA 19129, USA",40.0134447,-75.1917489
12400,Imperial Highway,Norwalk,CA,90650,"12400 Imperial Hwy, Norwalk, CA 90650, USA",33.9160764,-118.067914
550,Chestnut Street,Terre Haute,IN,47809,"550 Chestnut St, Terre Haute, IN 47809, USA",39.4711383,-87.4106802
900,East 7th Street,Bloomington,IN,47405,"900 E 7th St, Bloomington, IN 47405, USA",39.167611,-86.5233896
907,Floyd Avenue,Richmond,VA,23284,"907 Floyd Ave, Richmond, VA 23284, USA",37.546508,-77.45345999999999
907,Floyd Avenue,Snellville,GA,23284,"Snellville, GA, USA",33.857328,-84.0199108
