st_num,route,city,state,zipcode,full,lat,long
1328,West Peachtree Street Northeast,Atlanta,GA,30309,"1328 W Peachtree St NE, Atlanta, GA 30309, USA",33.7907208,-84.3856084
3150,Spain Road,Snellville,GA,30039,"3150 Spain Rd, Snellville, GA 30039, USA",33.8032306,-84.0689278
1328,West Peachtree Street Northeast,Atlanta,GA,30309,"1328 W Peachtree St NE, Atlanta, GA 30309, USA",33.7907208,-84.3856084
1518,Main Road,Johns Island,SC,29455,"1518 Main Rd, Johns Island, SC 29455, USA",32.724856,-80.098568
950,North Garibaldi Avenue,Bangor,PA,18013,"950 N Garibaldi Ave, Bangor, PA 18013, USA",40.8861767,-75.2251847
3150,Spain Road,Snellville,GA,30039,"3150 Spain Rd, Snellville, GA 30039, USA",33.8032306,-84.0689278
14,Tommie Collie Jane Road,Oxford,MS,38655,"14 Tommie Collie Jane Rd, Oxford, MS 38655, USA",34.3637837,-89.5823188
3150,Spain Road,Snellville,GA,30039,"3150 Spain Rd, Snellville, GA 30039, USA",33.8032306,-84.0689278
80,Underhill Avenue,Snellville,NY,11238,"80 Underhill Ave, Brooklyn, NY 11238, USA",40.6784354,-73.96583059999999
120,Rogers Road,Kittery,ME,03904,"120 Rogers Rd, Kittery, ME 03904, USA",43.0974012,-70.7361291
3150,Spain Road,Snellville,GA,30039,"3150 Spain Rd, Snellville, GA 30039, USA",33.8032306,-84.0689278
2199,Southwest Savona Boulevard,Port St. Lucie,FL,34953,"2199 SW Savona Blvd, Port St. Lucie, FL 34953, USA",27.2769244,-80.3854805
605,Bridge Street,Fuquay Varina,NC,27526,"605 Bridge St, Fuquay Varina, NC 27526, USA",35.5924227,-78.80972589999999
120,Rogers Road,Kittery,ME,03904,"120 Rogers Rd, Kittery, ME 03904, USA",43.0974012,-70.7361291
3150,Spain Road,Snellville,GA,30039,"3150 Spain Rd, Snellville, GA 30039, USA",33.8032306,-84.0689278
950,Garibaldi Street Southwest,Atlanta,GA,30310,"950 Garibaldi St SW, Atlanta, GA 30310, USA",33.729056,-84.39910669999999
239,Park Avenue,Portland,ME,04102,"239 Park Ave, Portland, ME 04102, USA",43.6562887,-70.2772632
1872,Camp Road,Charleston,SC,29412,"1872 Camp Rd, Charleston, SC 29412, USA",32.7356215,-79.9765322
750,Baychester Avenue,Charleston,NY,10475,"750 Baychester Ave, Bronx, NY 10475, USA",40.8742194,-73.83309349999999
4521,Centerville Highway,Snellville,GA,30039,"4521 Centerville Hwy, Snellville, GA 30039, USA",33.7754561,-84.0500694
120,Rogers Road,Kittery,ME,03904,"120 Rogers Rd, Kittery, ME 03904, USA",43.0974012,-70.7361291
3150,Spain Road,Snellville,GA,30039,"3150 Spain Rd, Snellville, GA 30039, USA",33.8032306,-84.0689278
8237,Kenton Avenue,Skokie,IL,60076,"8237 Kenton Ave, Skokie, IL 60076, USA",42.0306354,-87.7421686
3150,Spain Road,Snellville,GA,30039,"3150 Spain Rd, Snellville, GA 30039, USA",33.8032306,-84.0689278
515,John Wesley Dobbs Avenue Northeast,Atlanta,GA,30312,"515 John Wesley Dobbs Ave NE, Atlanta, GA 30312, USA",33.7586651,-84.3710444
330,North Big Bend Boulevard,St. Louis,MO,63130,"330 N Big Bend Blvd, St. Louis, MO 63130, USA",38.6492556,-90.31504559999999
3700,Old Hundred Road South,Midlothian,VA,23112,"3700 Old Hundred Rd S, Midlothian, VA 23112, USA",37.4394867,-77.64520050000002
3150,Spain Road,Snellville,GA,30039,"3150 Spain Rd, Snellville, GA 30039, USA",33.8032306,-84.0689278
180,7th Avenue,Snellville,NY,11215,"180 7th Ave, Brooklyn, NY 11215, USA",40.671733,-73.9785034
195,North Ashland Avenue,Lexington,KY,40502,"195 N Ashland Ave, Lexington, KY 40502, USA",38.038063,-84.480942
1280,Northwest Saltzman Road,Portland,OR,97229,"1280 NW Saltzman Rd, Portland, OR 97229, USA",45.52879979999999,-122.8045629
84,Herbert Street,Portland,NY,11222,"84 Herbert St, Brooklyn, NY 11222, USA",40.7200812,-73.94218649999999
84,Herbert Street,Portland,ME,11222,"Portland, ME, USA",43.6590993,-70.2568189
750,Classon Avenue,Portland,NY,11238,"750 Classon Ave, Brooklyn, NY 11238, USA",40.6745299,-73.9609174
80,Underhill Avenue,Portland,NY,11238,"80 Underhill Ave, Brooklyn, NY 11238, USA",40.6784354,-73.96583059999999
2014,Bees Ferry Road,Charleston,SC,29414,"2014 Bees Ferry Rd, Charleston, SC 29414, USA",32.831972,-80.06937099999999
2199,Southwest Savona Boulevard,Port St. Lucie,FL,34953,"2199 SW Savona Blvd, Port St. Lucie, FL 34953, USA",27.2769244,-80.3854805
2014,Bees Ferry Road,Charleston,SC,29414,"2014 Bees Ferry Rd, Charleston, SC 29414, USA",32.831972,-80.06937099999999
3150,Spain Road,Snellville,GA,30039,"3150 Spain Rd, Snellville, GA 30039, USA",33.8032306,-84.0689278
2014,Bees Ferry Road,Charleston,SC,29414,"2014 Bees Ferry Rd, Charleston, SC 29414, USA",32.831972,-80.06937099999999
