st_num,route,city,state,zipcode,full,lat,long
330,North Big Bend Boulevard,St. Louis,MO,63130,"330 N Big Bend Blvd, St. Louis, MO 63130, USA",38.6492556,-90.31504559999999
601,13th Avenue Southeast,Minneapolis,MN,55414,"601 13th Ave SE, Minneapolis, MN 55414, USA",44.9834975,-93.23576489999999
330,North Big Bend Boulevard,St. Louis,MO,63130,"330 N Big Bend Blvd, St. Louis, MO 63130, USA",38.6492556,-90.31504559999999
330,North Big Bend Boulevard,Snellville,GA,63130,"Snellville, GA, USA",33.857328,-84.0199108
330,North Big Bend Boulevard,St. Louis,MO,63130,"330 N Big Bend Blvd, St. Louis, MO 63130, USA",38.6492556,-90.31504559999999
2880,Osceola Street,Denver,CO,80212,"2880 Osceola St, Denver, CO 80212, USA",39.7582114,-105.0376519
330,North Big Bend Boulevard,St. Louis,MO,63130,"330 N Big Bend Blvd, St. Louis, MO 63130, USA",38.6492556,-90.31504559999999
419,Waverly Avenue,St. Louis,NY,11238,"419 Waverly Ave, Brooklyn, NY 11238, USA",40.6854357,-73.9658766
2500,Georgia Avenue Northwest,Washington,DC,20001,"2500 Georgia Ave NW, Washington, DC 20001, USA",38.9226989,-77.0225767
330,North Big Bend Boulevard,St. Louis,MO,63130,"330 N Big Bend Blvd, St. Louis, MO 63130, USA",38.6492556,-90.31504559999999
521,East Avenue North,La Crosse,WI,54601,"521 East Avenue N, La Crosse, WI 54601, USA",43.8169905,-91.22966029999999
12400,Imperial Highway,Norwalk,CA,90650,"12400 Imperial Hwy, Norwalk, CA 90650, USA",33.9160764,-118.067914
12400,Imperial Highway,Snellville,GA,90650,"Snellville, GA, USA",33.857328,-84.0199108
12400,Imperial Highway,Charleston,SC,90650,"Charleston, SC, USA",32.7764749,-79.93105120000001
4111,Wesley Chapel Road,Marietta,GA,30062,"4111 Wesley Chapel Rd, Marietta, GA 30062, USA",34.0502829,-84.4352689
4111,Wesley Chapel Road,Snellville,GA,30062,"Snellville, GA, USA",33.857328,-84.0199108
