st_num,route,city,state,zipcode,full,lat,long
3275,Tig Knight Road,Loganville,GA,30052,"3275 Tig Knight Rd, Loganville, GA 30052, USA",33.81485290000001,-83.874056
900,East 7th Street,Bloomington,IN,47405,"900 E 7th St, Bloomington, IN 47405, USA",39.167611,-86.5233896
295,South Campus Drive,Salt Lake City,UT,84112,"295 S Campus Dr, Salt Lake City, UT 84112, USA",40.7624752,-111.8461846
295,South Campus Drive,Salt Lake City,UT,84112,"295 S Campus Dr, Salt Lake City, UT 84112, USA",40.7624752,-111.8461846
900,East 7th Street,Bloomington,IN,47405,"900 E 7th St, Bloomington, IN 47405, USA",39.167611,-86.5233896
550,Chestnut Street,Terre Haute,IN,47809,"550 Chestnut St, Terre Haute, IN 47809, USA",39.4711383,-87.4106802
3155,Jiles Road,Kennesaw,GA,30144,"3155 Jiles Rd, Kennesaw, GA 30144, USA",34.0322587,-84.6285841
968,Meyer Road,Wentzville,MO,63385,"968 Meyer Rd, Wentzville, MO 63385, USA",38.8227721,-90.8569584
361,Main Street,Suwanee,GA,30024,"361 Main St, Suwanee, GA 30024, USA",34.0576444,-84.0672021
550,Chestnut Street,Terre Haute,IN,47809,"550 Chestnut St, Terre Haute, IN 47809, USA",39.4711383,-87.4106802
900,East 7th Street,Bloomington,IN,47405,"900 E 7th St, Bloomington, IN 47405, USA",39.167611,-86.5233896
4250,East Karen Avenue,Las Vegas,NV,89121,"4250 E Karen Ave, Las Vegas, NV 89121, USA",36.1415442,-115.0815151
550,Chestnut Street,Terre Haute,IN,47809,"550 Chestnut St, Terre Haute, IN 47809, USA",39.4711383,-87.4106802
968,Meyer Road,Wentzville,MO,63385,"968 Meyer Rd, Wentzville, MO 63385, USA",38.8227721,-90.8569584
900,East 7th Street,Bloomington,IN,47405,"900 E 7th St, Bloomington, IN 47405, USA",39.167611,-86.5233896
101,N Street Northwest,Washington,DC,20001,"101 N St NW, Washington, DC 20001, USA",38.9077814,-77.0129006
955,Johnson Ferry Road,Marietta,GA,30068,"955 Johnson Ferry Rd, Marietta, GA 30068, USA",33.972301,-84.4148045
968,Meyer Road,Wentzville,MO,63385,"968 Meyer Rd, Wentzville, MO 63385, USA",38.8227721,-90.8569584
125,West Washington Street,Iowa City,IA,52242,"125 W Washington St, Iowa City, IA 52242, USA",41.659548,-91.5384411
