st_num,route,city,state,zipcode,full,lat,long
883,Mikell Drive,Charleston,SC,29412,"883 Mikell Dr, Charleston, SC 29412, USA",32.7377272,-79.9295842
883,Mikell Drive,Snellville,GA,29412,"Snellville, GA, USA",33.857328,-84.0199108
521,East Avenue North,La Crosse,WI,54601,"521 East Avenue N, La Crosse, WI 54601, USA",43.8169905,-91.22966029999999
160,West 78th Street,New York,NY,10024,"160 W 78th St, New York, NY 10024, USA",40.781867,-73.97782769999999
750,Long Point Road,Mount Pleasant,SC,29464,"750 Long Point Rd, Mt Pleasant, SC 29464, USA",32.8405289,-79.85002899999999
3275,Tig Knight Road,Loganville,GA,30052,"3275 Tig Knight Rd, Loganville, GA 30052, USA",33.81485290000001,-83.874056
701,Pennsylvania Avenue Southeast,Washington,DC,20003,"701 Pennsylvania Ave SE, Washington, DC 20003, USA",38.8842311,-76.9958297
701,Pennsylvania Avenue Southeast,Snellville,GA,20003,"Snellville, GA, USA",33.857328,-84.0199108
2255,Eastland Parkway,Lexington,KY,40505,"2255 Eastland Pkwy, Lexington, KY 40505, USA",38.0495122,-84.4371646
165,Church Street,New Haven,CT,06510,"165 Church St # 154, New Haven, CT 06510, USA",41.3072905,-72.9243414
165,Church Street,Snellville,GA,06510,"Snellville, GA, USA",33.857328,-84.0199108
295,South Campus Drive,Salt Lake City,UT,84112,"295 S Campus Dr, Salt Lake City, UT 84112, USA",40.7624752,-111.8461846
4250,East Karen Avenue,Las Vegas,NV,89121,"4250 E Karen Ave, Las Vegas, NV 89121, USA",36.1415442,-115.0815151
4250,East Karen Avenue,Snellville,GA,89121,"Snellville, GA, USA",33.857328,-84.0199108
