st_num,route,city,state,zipcode,full,lat,long
163,West 97th Street,New York,NY,10025,"163 W 97th St, New York, NY 10025, USA",40.7948887,-73.9684479
5110,North Damen Avenue,Chicago,IL,60625,"Amundsen High School, 5110 N Damen Ave, Chicago, IL 60625, USA",41.9750696,-87.6800719
3295,Atlanta Road Southeast,Smyrna,GA,30080,"3295 Atlanta Rd SE, Smyrna, GA 30080, USA",33.8729594,-84.49801149999999
3295,Atlanta Road Southeast,Smyrna,GA,30080,"3295 Atlanta Rd SE, Smyrna, GA 30080, USA",33.8729594,-84.49801149999999
163,West 97th Street,New York,NY,10025,"163 W 97th St, New York, NY 10025, USA",40.7948887,-73.9684479
5110,North Damen Avenue,Chicago,IL,60625,"Amundsen High School, 5110 N Damen Ave, Chicago, IL 60625, USA",41.9750696,-87.6800719
3295,Atlanta Road Southeast,Smyrna,GA,30080,"3295 Atlanta Rd SE, Smyrna, GA 30080, USA",33.8729594,-84.49801149999999
3295,Atlanta Road Southeast,Smyrna,GA,30080,"3295 Atlanta Rd SE, Smyrna, GA 30080, USA",33.8729594,-84.49801149999999
3295,Atlanta Road Southeast,Smyrna,GA,30080,"3295 Atlanta Rd SE, Smyrna, GA 30080, USA",33.8729594,-84.49801149999999
3295,Atlanta Road Southeast,Smyrna,GA,30080,"3295 Atlanta Rd SE, Smyrna, GA 30080, USA",33.8729594,-84.49801149999999
