st_num,route,city,state,zipcode,full,lat,long
1599,Wharton Street,Philadelphia,PA,19146,"1599 Wharton St, Philadelphia, PA 19146, USA",39.9349556,-75.1703617
306,Fort Washington Avenue,New York,NY,10033,"306 Fort Washington Ave, New York, NY 10033, USA",40.845562,-73.9400804
3900,West Columbus Avenue,Chicago,IL,60652,"3900 W Columbus Ave, Chicago, IL 60652, USA",41.737208,-87.719752
177,Myrtle Avenue,Chicago,NY,11201,"177 Myrtle Ave, Brooklyn, NY 11201, USA",40.6938275,-73.9821728
270,West 70th Street,New York,NY,10023,"270 W 70th St, New York, NY 10023, USA",40.7779517,-73.98470259999999
2295,Marietta Road Northwest,Atlanta,GA,30318,"2295 Marietta Rd NW, Atlanta, GA 30318, USA",33.8183419,-84.4605412
2295,Marietta Road Northwest,Atlanta,GA,30318,"2295 Marietta Rd NW, Atlanta, GA 30318, USA",33.8183419,-84.4605412
2295,Marietta Road Northwest,Atlanta,GA,30318,"2295 Marietta Rd NW, Atlanta, GA 30318, USA",33.8183419,-84.4605412
2295,Marietta Road Northwest,Atlanta,GA,30318,"2295 Marietta Rd NW, Atlanta, GA 30318, USA",33.8183419,-84.4605412
1515,Golden Gate Parkway,Naples,FL,34105,"1515 Golden Gate Pkwy, Naples, FL 34105, USA",26.174703,-81.787437
1515,Golden Gate Parkway,Naples,FL,34105,"1515 Golden Gate Pkwy, Naples, FL 34105, USA",26.174703,-81.787437
1120,Rifle Range Road,Mount Pleasant,SC,29464,"1120 Rifle Range Rd, Mt Pleasant, SC 29464, USA",32.797294,-79.8530728
3300,Rosewood Drive,Columbia,SC,29205,"3300 Rosewood Dr, Columbia, SC 29205, USA",33.9871846,-80.9955127
5801,Forbes Avenue,Pittsburgh,PA,15217,"5801 Forbes Ave, Pittsburgh, PA 15217, USA",40.43844139999999,-79.9227826
