st_num,route,city,state,zipcode,full,lat,long
1401,West Green Street,Urbana,IL,61801,"Illini Union, 1401 W Green St, Urbana, IL 61801, USA",40.1094131,-88.2271693
4521,Centerville Highway,Snellville,GA,30039,"4521 Centerville Hwy, Snellville, GA 30039, USA",33.7755485,-84.04994649999999
500,Tate Street,Greensboro,NC,27403,"500 Tate St, Greensboro, NC 27403, USA",36.066115,-79.8057445
1001,Lawrenceville Highway,Lawrenceville,GA,30046,"1001 Lawrenceville Hwy, Lawrenceville, GA 30046, USA",33.9423194,-84.01467679999999
4521,Centerville Highway,Snellville,GA,30039,"4521 Centerville Hwy, Snellville, GA 30039, USA",33.7755485,-84.04994649999999
883,Mikell Drive,Charleston,SC,29412,"883 Mikell Dr, Charleston, SC 29412, USA",32.7377272,-79.9295842
395,Chamberlain Street Southeast,Atlanta,GA,30312,"395 Chamberlain St SE, Atlanta, GA 30312, USA",33.75339640000001,-84.3747813
395,Chamberlain Street Southeast,Atlanta,GA,30312,"395 Chamberlain St SE, Atlanta, GA 30312, USA",33.75339640000001,-84.3747813
4521,Centerville Highway,Snellville,GA,30039,"4521 Centerville Hwy, Snellville, GA 30039, USA",33.7755485,-84.04994649999999
330,East University Drive,Tempe,AZ,85281,"330 E University Dr, Tempe, AZ 85281, USA",33.4223909,-111.9335784
