st_num,route,city,state,zipcode,full,lat,long
2109,East Rose Garden Lane,Phoenix,AZ,85024,"2109 E Rose Garden Ln, Phoenix, AZ 85024, USA",33.676432,-112.0371135
2900,Southwest 13th Street,Gainesville,FL,32608,"2900 SW 13th St, Gainesville, FL 32608, USA",29.6237359,-82.3401726
1415,Old Canton Road,Marietta,GA,30062,"1415 Old Canton Rd, Marietta, GA 30062, USA",33.9834383,-84.4634524
4250,East Karen Avenue,Las Vegas,NV,89121,"4250 E Karen Ave, Las Vegas, NV 89121, USA",36.1415442,-115.0815151
12400,Imperial Highway,Norwalk,CA,90650,"12400 Imperial Hwy, Norwalk, CA 90650, USA",33.9160764,-118.067914
12400,Imperial Highway,New York,NY,90650,"New York, NY, USA",40.7127753,-74.0059728
330,East University Drive,Tempe,AZ,85281,"330 E University Dr, Tempe, AZ 85281, USA",33.4223909,-111.9335784
330,East University Drive,Snellville,GA,85281,"Snellville, GA, USA",33.857328,-84.0199108
5898,Hannover Drive,Frederick,MD,21703,"5898 Hannover Dr, Frederick, MD 21703, USA",39.3948669,-77.440705
1120,Rifle Range Road,Mount Pleasant,SC,29464,"1120 Rifle Range Rd, Mt Pleasant, SC 29464, USA",32.797294,-79.8530728
2820,North Alafaya Trail,Orlando,FL,32826,"2820 N Alafaya Trail, Orlando, FL 32826, USA",28.579904,-81.208623
1151,South Forest Avenue,Tempe,AZ,85287,"1151 S Forest Ave, Tempe, AZ 85287, USA",33.4169629,-111.9362888
550,Chestnut Street,Terre Haute,IN,47809,"550 Chestnut St, Terre Haute, IN 47809, USA",39.4711383,-87.4106802
950,North Garibaldi Avenue,Bangor,PA,18013,"950 N Garibaldi Ave, Bangor, PA 18013, USA",40.8861767,-75.2251847
883,Mikell Drive,Charleston,SC,29412,"883 Mikell Dr, Charleston, SC 29412, USA",32.7377272,-79.9295842
883,Mikell Drive,Charleston,SC,29412,"883 Mikell Dr, Charleston, SC 29412, USA",32.7377272,-79.9295842
550,Chestnut Street,Terre Haute,IN,47809,"550 Chestnut St, Terre Haute, IN 47809, USA",39.4711383,-87.4106802
4250,East Karen Avenue,Las Vegas,NV,89121,"4250 E Karen Ave, Las Vegas, NV 89121, USA",36.1415442,-115.0815151
2255,Eastland Parkway,Lexington,KY,40505,"2255 Eastland Pkwy, Lexington, KY 40505, USA",38.0495122,-84.4371646
2255,Eastland Parkway,Snellville,GA,40505,"Snellville, GA, USA",33.857328,-84.0199108
4250,East Karen Avenue,Las Vegas,NV,89121,"4250 E Karen Ave, Las Vegas, NV 89121, USA",36.1415442,-115.0815151
161,North Section Street,Fairhope,AL,36532,"161 N Section St, Fairhope, AL 36532, USA",30.5265062,-87.9038094
