st_num,route,city,state,zipcode,full,lat,long
165,Church Street,New Haven,CT,06510,"165 Church St, New Haven, CT 06510, USA",41.3072494,-72.9245613
950,Garibaldi Street Southwest,Atlanta,GA,30310,"950 Garibaldi St SW, Atlanta, GA 30310, USA",33.729056,-84.39910669999999
950,North Garibaldi Avenue,Bangor,PA,18013,"950 N Garibaldi Ave, Bangor, PA 18013, USA",40.8861767,-75.2251847
701,Pennsylvania Avenue Southeast,Washington,DC,20003,"701 Pennsylvania Ave SE, Washington, DC 20003, USA",38.8842311,-76.9958297
950,North Garibaldi Avenue,Bangor,PA,18013,"950 N Garibaldi Ave, Bangor, PA 18013, USA",40.8861767,-75.2251847
2031,North Arizona Avenue,Chandler,AZ,85225,"2031 N Arizona Ave, Chandler, AZ 85225, USA",33.3362361,-111.8391419
3150,Spain Road,Snellville,GA,30039,"3150 Spain Rd, Snellville, GA 30039, USA",33.8032306,-84.0689278
701,Pennsylvania Avenue Southeast,Washington,DC,20003,"701 Pennsylvania Ave SE, Washington, DC 20003, USA",38.8842311,-76.9958297
4521,Centerville Highway,Snellville,GA,30039,"4521 Centerville Hwy, Snellville, GA 30039, USA",33.7754561,-84.0500694
180,7th Avenue,Snellville,NY,11215,"180 7th Ave, Brooklyn, NY 11215, USA",40.671733,-73.9785034
1002,King Street,Charleston,SC,29403,"1002 King St, Charleston, SC 29403, USA",32.8029598,-79.9501641
655,Reitz Union Drive,Gainesville,FL,32603,"655 Reitz Union Drive, Gainesville, FL 32603, USA",29.6465073,-82.34801159999999
4521,Centerville Highway,Snellville,GA,30039,"4521 Centerville Hwy, Snellville, GA 30039, USA",33.7754561,-84.0500694
911,Flatbush Avenue,Snellville,NY,11226,"911 Flatbush Ave, Brooklyn, NY 11226, USA",40.64930349999999,-73.95774899999999
655,Reitz Union Drive,Gainesville,FL,32603,"655 Reitz Union Drive, Gainesville, FL 32603, USA",29.6465073,-82.34801159999999
2900,Southwest 13th Street,Gainesville,FL,32608,"2900 SW 13th St, Gainesville, FL 32608, USA",29.6237359,-82.3401726
303,2nd Avenue,Fort Yates,ND,58538,"303 2nd Ave, Fort Yates, ND 58538, USA",46.0857068,-100.6307663
1002,King Street,Charleston,SC,29403,"1002 King St, Charleston, SC 29403, USA",32.8029598,-79.9501641
