st_num,route,city,state,zipcode,full,lat,long
4521,Centerville Highway,Snellville,GA,30039,"4521 Centerville Hwy, Snellville, GA 30039, USA",33.7755485,-84.04994649999999
900,East 7th Street,Bloomington,IN,47405,"900 E 7th St, Bloomington, IN 47405, USA",39.167611,-86.5233896
80,Underhill Avenue,Bloomington,NY,11238,"80 Underhill Ave, Brooklyn, NY 11238, USA",40.6784354,-73.96583059999999
8971,West Ridgewood Drive,Parma Heights,OH,44130,"8971 W Ridgewood Dr, Parma Heights, OH 44130, USA",41.3821977,-81.7482969
8971,West Ridgewood Drive,Dallas,GA,44130,"Dallas, GA, USA",33.9244531,-84.8413056
1830,Connecticut Avenue Northwest,Washington,DC,20009,"1830 Connecticut Ave NW, Washington, DC 20009, USA",38.9153951,-77.0465351
1830,Connecticut Avenue Northwest,Dallas,GA,20009,"Dallas, GA, USA",33.9244531,-84.8413056
1830,Connecticut Avenue Northwest,San Bernardino,CA,92346,"4160 E. Highland Ave. #F, Ste F, San Bernardino, CA 92346, United States",34.1377344,-117.1963948
4250,East Karen Avenue,Las Vegas,NV,89121,"4250 E Karen Ave, Las Vegas, NV 89121, USA",36.1415442,-115.0815151
4222,Fayetteville Road,Durham,NC,27713,"4222 Fayetteville Rd, Durham, NC 27713, USA",35.9443736,-78.90585329999999
1477,West Main Street,Greenwood,IN,46142,"1477 West Main Street, Greenwood, IN 46142, USA",39.6116663,-86.1479796
