{"results": [{"timePeriod": "201811061100", "count": 69}, {"timePeriod": "201811061200", "count": 278}, {"timePeriod": "201811061300", "count": 655}, {"timePeriod": "201811061400", "count": 605}, {"timePeriod": "201811061500", "count": 687}, {"timePeriod": "201811061600", "count": 966}, {"timePeriod": "201811061700", "count": 2022}, {"timePeriod": "201811061800", "count": 2287}, {"timePeriod": "201811061900", "count": 2915}, {"timePeriod": "201811062000", "count": 3211}, {"timePeriod": "201811062100", "count": 5393}, {"timePeriod": "201811062200", "count": 5224}, {"timePeriod": "201811062300", "count": 4015}], "totalCount": 28327, "requestParameters": {"bucket": "hour", "fromDate": "201811061100", "toDate": "201811062359"}}