[{"created_at": "Tue Nov 06 17:12:16 +0000 2018", "text": "@kira_lerner Hey @PizzaToThePolls !!!", "id": 1059856000122056704}, {"created_at": "Tue Nov 06 17:12:12 +0000 2018", "text": "RT @girlsreallyrule: Bring a chair, set up camp and send out a request for @PizzaToThePolls: https://t.co/8AzngBNEgP #WaveCastNY #WaveCast\u2026", "id": 1059855986427641856}, {"created_at": "Tue Nov 06 17:12:11 +0000 2018", "text": "RT @JROstergaard: Lines are long &amp; voters are hungry. So I just donated to @pizzatothepolls! You can give today at https://t.co/1lmGDXwacz", "id": 1059855980983242752}, {"created_at": "Tue Nov 06 17:12:09 +0000 2018", "text": "RT @girlsreallyrule: Bring a chair, set up camp and send out a request for @PizzaToThePolls: https://t.co/8AzngBNEgP #WaveCastNY #WaveCast\u2026", "id": 1059855973668536321}, {"created_at": "Tue Nov 06 17:12:09 +0000 2018", "text": "RT @Coalminetweety: @croifaileas @tomreganWSB @wsbtv The thing is, long lines deter people and so does news of long lines.  We need volunte\u2026", "id": 1059855970271137792}, {"created_at": "Tue Nov 06 17:12:04 +0000 2018", "text": "RT @TheAtrium985: @BamaWing05 @PizzaToThePolls @fkaburns @tomreganWSB Not to be snarky... But any polling place Atlanta, GA...", "id": 1059855949316481024}, {"created_at": "Tue Nov 06 17:12:03 +0000 2018", "text": "RT @Alyssa_Milano: Do you all know about @PizzaToThePolls? \n\nYou can donate to the fund at https://t.co/3bdV8hIS0a! \n\nAnd if you see hungry\u2026", "id": 1059855947475095559}, {"created_at": "Tue Nov 06 17:12:02 +0000 2018", "text": "@PizzaToThePolls just bought a pizza! Hoping to help some folks stay motivated to stay in line! Especially in GA wh\u2026 https://t.co/otqJePAhAz", "id": 1059855944115470336}, {"created_at": "Tue Nov 06 17:12:00 +0000 2018", "text": "@nycsouthpaw @PizzaToThePolls  this is Pittman Park in Fulton County   \n\n950 Garibaldi Street , Atlanta, GA 30310", "id": 1059855932778340352}, {"created_at": "Tue Nov 06 17:11:59 +0000 2018", "text": "@Alyssa_Milano @PizzaToThePolls Isn't that illegal? I thought the law was put in place decades ago because people u\u2026 https://t.co/E5kdg2wAEA", "id": 1059855928168603648}, {"created_at": "Tue Nov 06 17:11:58 +0000 2018", "text": "RT @catinlaca: @adamstein @grantstern @PizzaToThePolls Donate to @PizzaToThePolls here: https://t.co/egaCAskcLM\nThey will bring pizza to an\u2026", "id": 1059855924872036354}, {"created_at": "Tue Nov 06 17:11:57 +0000 2018", "text": "If you are waiting in a long line at the polls anywhere in the US on this #ElectionDay, let @PizzaToThePolls know: https://t.co/j2KDvQg6fX", "id": 1059855920149204994}, {"created_at": "Tue Nov 06 17:11:56 +0000 2018", "text": "RT @PizzaToThePolls: Help bring smiles to the faces of everyone hangning out at over-crowded polling places with a donation today \u27a1\ufe0f https:\u2026", "id": 1059855915422117888}, {"created_at": "Tue Nov 06 17:11:55 +0000 2018", "text": "RT @Alyssa_Milano: Do you all know about @PizzaToThePolls? \n\nYou can donate to the fund at https://t.co/3bdV8hIS0a! \n\nAnd if you see hungry\u2026", "id": 1059855912117170177}, {"created_at": "Tue Nov 06 17:11:50 +0000 2018", "text": "Do you need @PizzaToThePolls? https://t.co/wuMazIk4Is", "id": 1059855892693348354}, {"created_at": "Tue Nov 06 17:11:48 +0000 2018", "text": "Yo @PizzaToThePolls is doing the lords work delivering pizza to polling places with long lines \ud83d\udc4c\ud83c\udffe", "id": 1059855885202161664}, {"created_at": "Tue Nov 06 17:11:48 +0000 2018", "text": "RT @Alyssa_Milano: Do you all know about @PizzaToThePolls? \n\nYou can donate to the fund at https://t.co/3bdV8hIS0a! \n\nAnd if you see hungry\u2026", "id": 1059855882740289536}, {"created_at": "Tue Nov 06 17:11:47 +0000 2018", "text": "Bring a chair, set up camp and send out a request for @PizzaToThePolls: https://t.co/8AzngBNEgP #WaveCastNY\u2026 https://t.co/0kRkx9hHpW", "id": 1059855879531565057}, {"created_at": "Tue Nov 06 17:11:45 +0000 2018", "text": "RT @tweetmommybop: Let\u2019s encourage our fellow Americans to stay and vote. Wanna send them a pizza? Send some dough to  @PizzaToThePolls htt\u2026", "id": 1059855873101639680}, {"created_at": "Tue Nov 06 17:11:45 +0000 2018", "text": "RT @kazweida: Ruh oh, Atlanta.\n\n@PizzaToThePolls to the rescue.\nBut seriously though. This is unacceptable, Georgia.\n\n#WaveCast #WaveCastGA\u2026", "id": 1059855872908759041}, {"created_at": "Tue Nov 06 17:11:43 +0000 2018", "text": "RT @mansi_kat: @chescaleigh If you tweet at @PizzaToThePolls they\u2019ll bring pizza to folks waiting in line to vote!", "id": 1059855863815553024}, {"created_at": "Tue Nov 06 17:11:41 +0000 2018", "text": "RT @kazweida: Ruh oh, Atlanta.\n\n@PizzaToThePolls to the rescue.\nBut seriously though. This is unacceptable, Georgia.\n\n#WaveCast #WaveCastGA\u2026", "id": 1059855852343967746}, {"created_at": "Tue Nov 06 17:11:39 +0000 2018", "text": "@PizzaToThePolls https://t.co/CUimIVunUk", "id": 1059855845478072320}, {"created_at": "Tue Nov 06 17:11:36 +0000 2018", "text": "RT @WaywardWinifred: If the lines are long and the functioning machines are few, tweet to @PizzaToThePolls and get pizzas sent over asap.", "id": 1059855833104834562}, {"created_at": "Tue Nov 06 17:11:34 +0000 2018", "text": "RT @PizzaToThePolls: @fkaburns @tomreganWSB Do you know the exact location?  Thank you, you are amazing!", "id": 1059855823588020224}, {"created_at": "Tue Nov 06 17:11:31 +0000 2018", "text": "RT @kazweida: Ruh oh, Atlanta.\n\n@PizzaToThePolls to the rescue.\nBut seriously though. This is unacceptable, Georgia.\n\n#WaveCast #WaveCastGA\u2026", "id": 1059855813509111808}, {"created_at": "Tue Nov 06 17:11:29 +0000 2018", "text": "RT @BamaWing05: @PizzaToThePolls @fkaburns @tomreganWSB @tomreganWSB can you tell them the location so we can get some pizza to these peopl\u2026", "id": 1059855802679418881}, {"created_at": "Tue Nov 06 17:11:27 +0000 2018", "text": "RT @PizzaToThePolls: @fkaburns @tomreganWSB Do you know the exact location?  Thank you, you are amazing!", "id": 1059855796664700928}, {"created_at": "Tue Nov 06 17:11:25 +0000 2018", "text": "RT @fkaburns: @tomreganWSB @PizzaToThePolls can we y'all get some pizza to this location?", "id": 1059855785583435777}, {"created_at": "Tue Nov 06 17:11:24 +0000 2018", "text": "RT @kazweida: Ruh oh, Atlanta.\n\n@PizzaToThePolls to the rescue.\nBut seriously though. This is unacceptable, Georgia.\n\n#WaveCast #WaveCastGA\u2026", "id": 1059855784345923584}, {"created_at": "Tue Nov 06 17:11:23 +0000 2018", "text": "RT @PizzaToThePolls: {\\__/}\n( \u2022 . \u2022)\n/ &gt; \ud83d\uddf3  psst. look at this polling place at it 4521 Centerville Hwy, Snellville, GA 30039, USA\n\n{\\__/}\u2026", "id": 1059855780676075522}, {"created_at": "Tue Nov 06 17:11:18 +0000 2018", "text": "@BamaWing05 @PizzaToThePolls @fkaburns @tomreganWSB Pittman Park in Fulton County   \n\n950 Garibaldi Street , Atlanta, GA 30310", "id": 1059855759700160512}, {"created_at": "Tue Nov 06 17:11:12 +0000 2018", "text": "RT @PizzaToThePolls: Help bring smiles to the faces of everyone hangning out at over-crowded polling places with a donation today \u27a1\ufe0f https:\u2026", "id": 1059855732789731329}, {"created_at": "Tue Nov 06 17:11:10 +0000 2018", "text": "RT @PizzaToThePolls: \u2063\u2002\u2002\ud83d\udca6\u2002\ud83d\udca6\n\u2002\u2002\u2002\ud83d\udca6\u2002\u2002\u2002\u2002\u2002\n\u2002\u2002\u2002\ud83d\udca7\u2002\u2002\u2002      \u2002\ud83d\udc33\u2002\ud83d\udc33\n\u2002\u2063\ud83d\udc33\ud83d\udc33\ud83d\udc33\u2002\u2002\u2002\u2002   \ud83d\udc33\n\ud83d\udc33\ud83c\udfb1\ud83d\udc33\ud83d\udc33\ud83d\udc33\u2002\ud83d\udc33\n\ud83d\udc33\ud83d\udc33\ud83d\udc33\ud83d\udc33\ud83d\udc33\ud83d\udc33\n\u2002\ud83d\udc33\ud83d\udc33\ud83d\udc33\ud83d\udc33\ud83d\udc33\nAVAST - WE HEAR THEY MAY BE NEEDING PIZZA OVER\u2026", "id": 1059855725348954112}, {"created_at": "Tue Nov 06 17:11:10 +0000 2018", "text": "@PizzaToThePolls @tomreganWSB Thank you! I believe it\u2019s Pittman Park Rec Center - 950 Garibaldi St SW, Atlanta, GA 30310.", "id": 1059855723813842946}, {"created_at": "Tue Nov 06 17:11:09 +0000 2018", "text": "@VinceValence @theresa_beer @pattigandolfini @MattGertz @thegarance @PizzaToThePolls I'm in Toronto .. 25 wards/pre\u2026 https://t.co/KBwOIETjsa", "id": 1059855721687277570}, {"created_at": "Tue Nov 06 17:11:09 +0000 2018", "text": "RT @Alyssa_Milano: Do you all know about @PizzaToThePolls? \n\nYou can donate to the fund at https://t.co/3bdV8hIS0a! \n\nAnd if you see hungry\u2026", "id": 1059855721582485505}, {"created_at": "Tue Nov 06 17:11:08 +0000 2018", "text": "RT @kazweida: Ruh oh, Atlanta.\n\n@PizzaToThePolls to the rescue.\nBut seriously though. This is unacceptable, Georgia.\n\n#WaveCast #WaveCastGA\u2026", "id": 1059855716867928115}, {"created_at": "Tue Nov 06 17:11:07 +0000 2018", "text": "@PizzaToThePolls @fkaburns @tomreganWSB to be exact: \n\nPittman Park in Fulton County   \n\n950 Garibaldi Street , Atlanta, GA 30310", "id": 1059855709804867585}, {"created_at": "Tue Nov 06 17:11:05 +0000 2018", "text": "@AllisonLCarter @indystar Use @PizzaToThePolls for free pizza delivered to long lines!", "id": 1059855703710621697}, {"created_at": "Tue Nov 06 17:11:04 +0000 2018", "text": "RT @jomareewade: @teresa_atHome @ChocoHarveyMilk @TheLoyalO @KidCasteel @AllensOpEd @SnowBiAuthor @joncoopertweets @NWPinPDX @CyrusToulabi\u2026", "id": 1059855698539016193}, {"created_at": "Tue Nov 06 17:11:03 +0000 2018", "text": "@sarahkendzior @PizzaToThePolls!", "id": 1059855695527456768}, {"created_at": "Tue Nov 06 17:11:03 +0000 2018", "text": "@KarenEDempsey @anylaurie16 I just donated a pizza through @PizzaToThePolls hopefully folks in GA will send an address for the long lines.", "id": 1059855694554451968}, {"created_at": "Tue Nov 06 17:11:03 +0000 2018", "text": "RT @BlueWaveCS: \"Waiting in line for hours to vote? Tummies grumblin? Pizza to the Polls is here to help. Send us reports of long lines and\u2026", "id": 1059855694273359873}, {"created_at": "Tue Nov 06 17:10:48 +0000 2018", "text": "RT @PizzaToThePolls: Somebody told us they might need pizzas at 750 Classon Ave, Brooklyn, NY 11238, USA \n\nvia https://t.co/kYNBswPn7A", "id": 1059855630113169409}, {"created_at": "Tue Nov 06 17:10:48 +0000 2018", "text": "RT @Alyssa_Milano: Do you all know about @PizzaToThePolls? \n\nYou can donate to the fund at https://t.co/3bdV8hIS0a! \n\nAnd if you see hungry\u2026", "id": 1059855630020820992}, {"created_at": "Tue Nov 06 17:10:45 +0000 2018", "text": "RT @kazweida: Ruh oh, Atlanta.\n\n@PizzaToThePolls to the rescue.\nBut seriously though. This is unacceptable, Georgia.\n\n#WaveCast #WaveCastGA\u2026", "id": 1059855621250519041}, {"created_at": "Tue Nov 06 17:10:41 +0000 2018", "text": "RT @kazweida: Ruh oh, Atlanta.\n\n@PizzaToThePolls to the rescue.\nBut seriously though. This is unacceptable, Georgia.\n\n#WaveCast #WaveCastGA\u2026", "id": 1059855604225859584}, {"created_at": "Tue Nov 06 17:10:41 +0000 2018", "text": "RT @melissacwalker: If you see reports of long lines, quote-tweet to @pizzatothepolls and they will get pizza there promptly.", "id": 1059855601457618945}, {"created_at": "Tue Nov 06 17:10:38 +0000 2018", "text": "RT @joshchafetz: I just threw $100 to @PizzaToThePolls. It may sound somewhat silly, but long lines at polling places are largely a result\u2026", "id": 1059855589940047873}, {"created_at": "Tue Nov 06 17:10:35 +0000 2018", "text": "RT @PizzaToThePolls: Investigating reports at 443 St Marks Ave, Brooklyn, NY 11238, USA\n\nvia https://t.co/3qMVITgZbS", "id": 1059855575452766210}, {"created_at": "Tue Nov 06 17:10:32 +0000 2018", "text": "RT @PizzaToThePolls: Checking our list (twice) but we hear lines aren't nice at 78117 La Crosse Ave, Austin, TX 78739, USA\n\n\u2002\u2002\u2002\u2002\ud83c\udf55\n\u2002\u2002\u2002\u2002\ud83c\udf84\u2026", "id": 1059855565806071808}, {"created_at": "Tue Nov 06 17:10:26 +0000 2018", "text": "@ElephantEating @PizzaToThePolls It is things like this that make me thing America is going to be ok, despite some darkness in the times.", "id": 1059855541084872704}, {"created_at": "Tue Nov 06 17:10:26 +0000 2018", "text": "Stay in line and vote! You could get free pizza. @PizzaToThePolls https://t.co/f89yoIQySt", "id": 1059855538589036544}, {"created_at": "Tue Nov 06 17:10:23 +0000 2018", "text": "RT @Alyssa_Milano: Do you all know about @PizzaToThePolls? \n\nYou can donate to the fund at https://t.co/3bdV8hIS0a! \n\nAnd if you see hungry\u2026", "id": 1059855528719863809}, {"created_at": "Tue Nov 06 17:10:19 +0000 2018", "text": "RT @Alyssa_Milano: Do you all know about @PizzaToThePolls? \n\nYou can donate to the fund at https://t.co/3bdV8hIS0a! \n\nAnd if you see hungry\u2026", "id": 1059855510873276417}, {"created_at": "Tue Nov 06 17:10:17 +0000 2018", "text": "RT @Alyssa_Milano: Do you all know about @PizzaToThePolls? \n\nYou can donate to the fund at https://t.co/3bdV8hIS0a! \n\nAnd if you see hungry\u2026", "id": 1059855502425968640}, {"created_at": "Tue Nov 06 17:10:15 +0000 2018", "text": "@shaunking If you see reports of long lines, quote-tweet @pizzatothepolls and they\u2018ll get pizza there promptly. \n\nM\u2026 https://t.co/XFIWKCOU0M", "id": 1059855495555702785}, {"created_at": "Tue Nov 06 17:10:15 +0000 2018", "text": "RT @Alyssa_Milano: Do you all know about @PizzaToThePolls? \n\nYou can donate to the fund at https://t.co/3bdV8hIS0a! \n\nAnd if you see hungry\u2026", "id": 1059855493760458753}, {"created_at": "Tue Nov 06 17:10:14 +0000 2018", "text": "RT @Alyssa_Milano: Do you all know about @PizzaToThePolls? \n\nYou can donate to the fund at https://t.co/3bdV8hIS0a! \n\nAnd if you see hungry\u2026", "id": 1059855491306844161}, {"created_at": "Tue Nov 06 17:10:14 +0000 2018", "text": "@kira_lerner @PizzaToThePolls", "id": 1059855489062879232}, {"created_at": "Tue Nov 06 17:10:12 +0000 2018", "text": "RT @HaunSoloProject: Help us @PizzaToThePolls you\u2019re our only hope!! https://t.co/FADshFwtl8", "id": 1059855480225329153}, {"created_at": "Tue Nov 06 17:10:12 +0000 2018", "text": "RT @Alyssa_Milano: Do you all know about @PizzaToThePolls? \n\nYou can donate to the fund at https://t.co/3bdV8hIS0a! \n\nAnd if you see hungry\u2026", "id": 1059855479218696192}, {"created_at": "Tue Nov 06 17:10:11 +0000 2018", "text": "RT @Alyssa_Milano: Do you all know about @PizzaToThePolls? \n\nYou can donate to the fund at https://t.co/3bdV8hIS0a! \n\nAnd if you see hungry\u2026", "id": 1059855476555427840}, {"created_at": "Tue Nov 06 17:10:11 +0000 2018", "text": "@PizzaToThePolls https://t.co/JAAwYyOqAc", "id": 1059855475393601536}, {"created_at": "Tue Nov 06 17:10:10 +0000 2018", "text": "RT @PizzaToThePolls: Happy voting everyone!! Here\u2019s hoping your voting journey is quick and easy today but if you get stuck in line, we\u2019re\u2026", "id": 1059855472960905216}, {"created_at": "Tue Nov 06 17:10:10 +0000 2018", "text": "RT @IndyMattStone: Is there a long line at a polling place? Report to @PizzaToThePolls at https://t.co/vMlrCvi0fz", "id": 1059855472629563394}, {"created_at": "Tue Nov 06 17:10:08 +0000 2018", "text": "Ruh oh, Atlanta.\n\n@PizzaToThePolls to the rescue.\nBut seriously though. This is unacceptable, Georgia.\n\n#WaveCast\u2026 https://t.co/Ju3rgwKHb5", "id": 1059855465406857217}, {"created_at": "Tue Nov 06 17:10:07 +0000 2018", "text": "@DavidCornDC @PizzaToThePolls Wait it out people, it\u2019s all worth it!", "id": 1059855461913190400}, {"created_at": "Tue Nov 06 17:10:07 +0000 2018", "text": "RT @BlueWaveCS: \"Waiting in line for hours to vote? Tummies grumblin? Pizza to the Polls is here to help. Send us reports of long lines and\u2026", "id": 1059855458272530432}, {"created_at": "Tue Nov 06 17:10:03 +0000 2018", "text": "RT @SweatpantsCafe: If you see a long line at a polling place, did you know you can Tweet the location to @pizzatothepolls and they\u2019ll magi\u2026", "id": 1059855443206553600}, {"created_at": "Tue Nov 06 17:09:57 +0000 2018", "text": "RT @Alyssa_Milano: Do you all know about @PizzaToThePolls? \n\nYou can donate to the fund at https://t.co/3bdV8hIS0a! \n\nAnd if you see hungry\u2026", "id": 1059855416589348865}, {"created_at": "Tue Nov 06 17:09:56 +0000 2018", "text": "Awesome shout-out to @PizzaToThePolls!! https://t.co/WUCStUcPp7", "id": 1059855413003223041}, {"created_at": "Tue Nov 06 17:09:53 +0000 2018", "text": "RT @shannonrwatts: It\u2019s voting day. Please don\u2019t tweet or RT rumors. Only RT official orgs. Call 866-OUR-VOTE to report verified issues.\u2026", "id": 1059855401649344517}, {"created_at": "Tue Nov 06 17:09:52 +0000 2018", "text": "RT @RachelKasten: @shaunking Report the location to @PizzaToThePolls !!", "id": 1059855397660561409}, {"created_at": "Tue Nov 06 17:09:50 +0000 2018", "text": "@PizzaToThePolls https://t.co/13kz4SEk4k", "id": 1059855390614175746}, {"created_at": "Tue Nov 06 17:09:46 +0000 2018", "text": "\u201cWe send pizza to polling places with long lines.\u201d @PizzaToThePolls are the heroes we deserve.", "id": 1059855370645131264}, {"created_at": "Tue Nov 06 17:09:41 +0000 2018", "text": "I just wanna know who the hell is ordering pizza at 8 am @PizzaToThePolls https://t.co/GdytgpJi8I", "id": 1059855351816880128}, {"created_at": "Tue Nov 06 17:09:40 +0000 2018", "text": "RT @kevindgrant: A reminder that if the line is terribly long at your polling place, Tweet at @PizzaToThePolls and they'll hook you up with\u2026", "id": 1059855348897587207}, {"created_at": "Tue Nov 06 17:09:40 +0000 2018", "text": "@Alyssa_Milano @PizzaToThePolls Order all the meats and piss off the Vegans.", "id": 1059855348889206784}, {"created_at": "Tue Nov 06 17:09:37 +0000 2018", "text": "RT @melissacwalker: If you see reports of long lines, quote-tweet to @pizzatothepolls and they will get pizza there promptly.", "id": 1059855335832334337}, {"created_at": "Tue Nov 06 17:09:31 +0000 2018", "text": "@pemalevy @PizzaToThePolls Nevermind, someone already told you!", "id": 1059855310981087232}, {"created_at": "Tue Nov 06 17:09:29 +0000 2018", "text": "RT @PizzaToThePolls https://t.co/qNqWMpphG6", "id": 1059855300256251905}, {"created_at": "Tue Nov 06 17:09:26 +0000 2018", "text": "RT @Alyssa_Milano: Do you all know about @PizzaToThePolls? \n\nYou can donate to the fund at https://t.co/3bdV8hIS0a! \n\nAnd if you see hungry\u2026", "id": 1059855288776450049}, {"created_at": "Tue Nov 06 17:09:23 +0000 2018", "text": "RT @Alyssa_Milano: Do you all know about @PizzaToThePolls? \n\nYou can donate to the fund at https://t.co/3bdV8hIS0a! \n\nAnd if you see hungry\u2026", "id": 1059855275383910401}, {"created_at": "Tue Nov 06 17:09:20 +0000 2018", "text": "If you're stuck in line to vote, be sure to hit up @PizzaToThePolls. Best idea ever? It's close.", "id": 1059855263128346630}, {"created_at": "Tue Nov 06 17:09:20 +0000 2018", "text": "Help us @PizzaToThePolls you\u2019re our only hope!! https://t.co/FADshFwtl8", "id": 1059855263019130880}, {"created_at": "Tue Nov 06 17:09:15 +0000 2018", "text": "I feel like @PizzaToThePolls is going to have a very busy day.", "id": 1059855242882437120}, {"created_at": "Tue Nov 06 17:09:14 +0000 2018", "text": "RT @RachelKasten: @PizzaToThePolls @shaunking Also, everyone please donate to @PizzaToThePolls. Buy a pizza and save democracy! https://t.c\u2026", "id": 1059855236754563072}, {"created_at": "Tue Nov 06 17:09:10 +0000 2018", "text": "@mollyringle @PizzaToThePolls Hey, just noticed your work, looks right up my alley, LOVE to find new local authors!\u2026 https://t.co/RQF7N4Q6xi", "id": 1059855222581809152}, {"created_at": "Tue Nov 06 17:09:10 +0000 2018", "text": "RT @PaigeVurp: @BOB0101RLC @EileenForBlue @Bornabrit1 Contact @PizzaToThePolls if you're in line and hungry! Or detect that others are... p\u2026", "id": 1059855222149918720}, {"created_at": "Tue Nov 06 17:09:09 +0000 2018", "text": "RT @tweetmommybop: Let\u2019s encourage our fellow Americans to stay and vote. Wanna send them a pizza? Send some dough to  @PizzaToThePolls htt\u2026", "id": 1059855218085629952}, {"created_at": "Tue Nov 06 17:09:05 +0000 2018", "text": "@PizzaToThePolls Added some wings via grub hub delivery..\nOrdered from\n\nSuper Wings and Philly\n(770) 282-8534", "id": 1059855200779931648}, {"created_at": "Tue Nov 06 17:09:02 +0000 2018", "text": "RT @PizzaToThePolls: {\\__/}\n( \u2022 . \u2022)\n/ &gt; \ud83d\uddf3  psst. look at this polling place at it 4521 Centerville Hwy, Snellville, GA 30039, USA\n\n{\\__/}\u2026", "id": 1059855188981440512}, {"created_at": "Tue Nov 06 17:08:57 +0000 2018", "text": "@nytimes Go to @PizzaToThePolls    You can send a few bucks so these folks don\u2019t need to leave the line.", "id": 1059855168441737216}, {"created_at": "Tue Nov 06 17:08:57 +0000 2018", "text": "RT @nancylevine: I just donated to @pizzatothepolls! Help feed hungry people who are standing on long lines to VOTE on #ElectionDay! You ca\u2026", "id": 1059855165698695168}, {"created_at": "Tue Nov 06 17:08:49 +0000 2018", "text": "@PizzaToThePolls @MelanieMedia 1477 W Main St\nUnit A\nGreenwood, IN  46142\nUnited States", "id": 1059855132811317248}, {"created_at": "Tue Nov 06 17:08:44 +0000 2018", "text": "RT @PizzaToThePolls: Help bring smiles to the faces of everyone hangning out at over-crowded polling places with a donation today \u27a1\ufe0f https:\u2026", "id": 1059855113458716672}, {"created_at": "Tue Nov 06 17:08:43 +0000 2018", "text": "RT @skyhighmila: also if you don\u2019t have a way to your polling place, uber and lyft are offering rides all day and if you get stuck in a sup\u2026", "id": 1059855105963384833}, {"created_at": "Tue Nov 06 17:08:42 +0000 2018", "text": "RT @PizzaToThePolls: Help bring smiles to the faces of everyone hangning out at over-crowded polling places with a donation today \u27a1\ufe0f https:\u2026", "id": 1059855105376378893}, {"created_at": "Tue Nov 06 17:08:41 +0000 2018", "text": "RT @PizzaToThePolls: Somebody told us they might need pizzas at 750 Classon Ave, Brooklyn, NY 11238, USA \n\nvia https://t.co/kYNBswPn7A", "id": 1059855100112396288}, {"created_at": "Tue Nov 06 17:08:41 +0000 2018", "text": "RT @ChazReddBear: @teamabrams @staceyabrams Hungry while standing in long lines to vote today? @PizzaToThePolls got ya covered!\n\nPizza to t\u2026", "id": 1059855097327509506}, {"created_at": "Tue Nov 06 17:08:38 +0000 2018", "text": "RT @PizzaToThePolls: Somebody told us they might need pizzas at 750 Classon Ave, Brooklyn, NY 11238, USA \n\nvia https://t.co/kYNBswPn7A", "id": 1059855088712404992}, {"created_at": "Tue Nov 06 17:08:38 +0000 2018", "text": "@PizzaToThePolls @fkaburns @tomreganWSB Thank you!!", "id": 1059855087621824512}, {"created_at": "Tue Nov 06 17:08:37 +0000 2018", "text": "RT @Alyssa_Milano: Do you all know about @PizzaToThePolls? \n\nYou can donate to the fund at https://t.co/3bdV8hIS0a! \n\nAnd if you see hungry\u2026", "id": 1059855081338658816}, {"created_at": "Tue Nov 06 17:08:37 +0000 2018", "text": "RT @ChazReddBear: @SocialPowerOne1 Hungry while standing in long lines to vote today? @PizzaToThePolls got ya covered!\n\nPizza to the Polls\u2026", "id": 1059855080839622656}, {"created_at": "Tue Nov 06 17:08:36 +0000 2018", "text": "RT @Alyssa_Milano: Do you all know about @PizzaToThePolls? \n\nYou can donate to the fund at https://t.co/3bdV8hIS0a! \n\nAnd if you see hungry\u2026", "id": 1059855080197898240}, {"created_at": "Tue Nov 06 17:08:36 +0000 2018", "text": "I just donated to @pizzatothepolls! You can give today at https://t.co/LfWGzfk3X3", "id": 1059855079686266881}, {"created_at": "Tue Nov 06 17:08:36 +0000 2018", "text": "RT @redfilaments: @PizzaToThePolls \u2014 Voters at PS 22 in Crown Heights have been dealing with long lines in the rain; no working scanners; a\u2026", "id": 1059855077991686144}, {"created_at": "Tue Nov 06 17:08:35 +0000 2018", "text": "I just donated to @pizzatothepolls! You can give today at https://t.co/XZB1KLcnrO", "id": 1059855075735154689}, {"created_at": "Tue Nov 06 17:08:35 +0000 2018", "text": "RT @BlueWaveCS: \"Waiting in line for hours to vote? Tummies grumblin? Pizza to the Polls is here to help. Send us reports of long lines and\u2026", "id": 1059855075634503680}, {"created_at": "Tue Nov 06 17:08:30 +0000 2018", "text": "RT @WaywardWinifred: If the lines are long and the functioning machines are few, tweet to @PizzaToThePolls and get pizzas sent over asap.", "id": 1059855053522132993}, {"created_at": "Tue Nov 06 17:08:30 +0000 2018", "text": "RT @SweatpantsCafe: If you see a long line at a polling place, did you know you can Tweet the location to @pizzatothepolls and they\u2019ll magi\u2026", "id": 1059855052855238657}, {"created_at": "Tue Nov 06 17:08:28 +0000 2018", "text": "RT @ChazReddBear: @MollyJongFast @JadedCreative Hungry while standing in long lines to vote today? @PizzaToThePolls got ya covered!\n\nPizza\u2026", "id": 1059855045720592384}, {"created_at": "Tue Nov 06 17:08:28 +0000 2018", "text": "If you're dealing with the long lines in Gwinnett county, hang in there. Looks like there might be pizza coming you\u2026 https://t.co/WLPXdZapHm", "id": 1059855045020315650}, {"created_at": "Tue Nov 06 17:08:26 +0000 2018", "text": "RT @Alyssa_Milano: Do you all know about @PizzaToThePolls? \n\nYou can donate to the fund at https://t.co/3bdV8hIS0a! \n\nAnd if you see hungry\u2026", "id": 1059855036992446465}, {"created_at": "Tue Nov 06 17:08:24 +0000 2018", "text": "I just donated to @pizzatothepolls! You can give today at https://t.co/Q74sCKJA2j", "id": 1059855027077046273}, {"created_at": "Tue Nov 06 17:08:23 +0000 2018", "text": "RT @WaywardWinifred: If the lines are long and the functioning machines are few, tweet to @PizzaToThePolls and get pizzas sent over asap.", "id": 1059855025525153793}, {"created_at": "Tue Nov 06 17:08:23 +0000 2018", "text": "@PizzaToThePolls https://t.co/AQjM1XdjIo", "id": 1059855024636002306}, {"created_at": "Tue Nov 06 17:08:22 +0000 2018", "text": "RT @fkaburns: @tomreganWSB @PizzaToThePolls can we y'all get some pizza to this location?", "id": 1059855020756254720}, {"created_at": "Tue Nov 06 17:08:21 +0000 2018", "text": "RT @tweetmommybop: Can I get a follower to send these dedicated Americans a pizza?  Click on @PizzaToThePolls and send them some dough so t\u2026", "id": 1059855014628192256}, {"created_at": "Tue Nov 06 17:08:18 +0000 2018", "text": "@tommyomalley @Asher_Wolf @PizzaToThePolls", "id": 1059855004410892288}, {"created_at": "Tue Nov 06 17:08:11 +0000 2018", "text": "@mollyringle @PizzaToThePolls Awesome!!!!", "id": 1059854974803296256}, {"created_at": "Tue Nov 06 17:08:10 +0000 2018", "text": "RT @Alyssa_Milano: Do you all know about @PizzaToThePolls? \n\nYou can donate to the fund at https://t.co/3bdV8hIS0a! \n\nAnd if you see hungry\u2026", "id": 1059854968776261632}, {"created_at": "Tue Nov 06 17:08:10 +0000 2018", "text": "RT @PizzaToThePolls: \u2063\u2002\u2002\ud83d\udca6\u2002\ud83d\udca6\n\u2002\u2002\u2002\ud83d\udca6\u2002\u2002\u2002\u2002\u2002\n\u2002\u2002\u2002\ud83d\udca7\u2002\u2002\u2002      \u2002\ud83d\udc33\u2002\ud83d\udc33\n\u2002\u2063\ud83d\udc33\ud83d\udc33\ud83d\udc33\u2002\u2002\u2002\u2002   \ud83d\udc33\n\ud83d\udc33\ud83c\udfb1\ud83d\udc33\ud83d\udc33\ud83d\udc33\u2002\ud83d\udc33\n\ud83d\udc33\ud83d\udc33\ud83d\udc33\ud83d\udc33\ud83d\udc33\ud83d\udc33\n\u2002\ud83d\udc33\ud83d\udc33\ud83d\udc33\ud83d\udc33\ud83d\udc33\nAVAST - WE HEAR THEY MAY BE NEEDING PIZZA OVER\u2026", "id": 1059854967505326081}, {"created_at": "Tue Nov 06 17:08:05 +0000 2018", "text": "RT @Alyssa_Milano: Do you all know about @PizzaToThePolls? \n\nYou can donate to the fund at https://t.co/3bdV8hIS0a! \n\nAnd if you see hungry\u2026", "id": 1059854948622589952}, {"created_at": "Tue Nov 06 17:08:03 +0000 2018", "text": "I just donated to @pizzatothepolls! You can give today at https://t.co/g4jJk9eGg3", "id": 1059854941509038080}, {"created_at": "Tue Nov 06 17:08:00 +0000 2018", "text": "RT @ChazReddBear: @RepMaxineWaters Hungry while standing in long lines to vote today? @PizzaToThePolls got ya covered!\n\nPizza to the Polls\u2026", "id": 1059854929370726400}, {"created_at": "Tue Nov 06 17:07:58 +0000 2018", "text": "RT @Coalminetweety: @croifaileas @tomreganWSB @wsbtv The thing is, long lines deter people and so does news of long lines.  We need volunte\u2026", "id": 1059854920084586496}, {"created_at": "Tue Nov 06 17:07:57 +0000 2018", "text": "RT @Alyssa_Milano: Do you all know about @PizzaToThePolls? \n\nYou can donate to the fund at https://t.co/3bdV8hIS0a! \n\nAnd if you see hungry\u2026", "id": 1059854915818860545}, {"created_at": "Tue Nov 06 17:07:57 +0000 2018", "text": "@PizzaToThePolls is the hero we need", "id": 1059854914719895552}, {"created_at": "Tue Nov 06 17:07:55 +0000 2018", "text": "RT @Alyssa_Milano: Do you all know about @PizzaToThePolls? \n\nYou can donate to the fund at https://t.co/3bdV8hIS0a! \n\nAnd if you see hungry\u2026", "id": 1059854904548909057}, {"created_at": "Tue Nov 06 17:07:45 +0000 2018", "text": "@PhoenixJRay @PizzaToThePolls #WaveCast \n#WaveCastTN \n#ElectionDay", "id": 1059854865285943296}, {"created_at": "Tue Nov 06 17:07:43 +0000 2018", "text": "RT @WaywardWinifred: If the lines are long and the functioning machines are few, tweet to @PizzaToThePolls and get pizzas sent over asap.", "id": 1059854857912242176}, {"created_at": "Tue Nov 06 17:07:42 +0000 2018", "text": "RT @BlueWaveCS: \"Waiting in line for hours to vote? Tummies grumblin? Pizza to the Polls is here to help. Send us reports of long lines and\u2026", "id": 1059854852644372481}, {"created_at": "Tue Nov 06 17:07:42 +0000 2018", "text": "RT @TheAtrium985: @BamaWing05 @PizzaToThePolls @fkaburns @tomreganWSB Not to be snarky... But any polling place Atlanta, GA...", "id": 1059854850119401473}, {"created_at": "Tue Nov 06 17:07:38 +0000 2018", "text": "RT @Alyssa_Milano: Do you all know about @PizzaToThePolls? \n\nYou can donate to the fund at https://t.co/3bdV8hIS0a! \n\nAnd if you see hungry\u2026", "id": 1059854835497918464}, {"created_at": "Tue Nov 06 17:07:38 +0000 2018", "text": "RT @girlsreallyrule: If you are in a long line today, don't leave...ORDER PIZZA! @PizzaToThePolls will take your order and deliver pizza to\u2026", "id": 1059854835422380032}, {"created_at": "Tue Nov 06 17:07:37 +0000 2018", "text": "RT @BlueWaveCS: \"Waiting in line for hours to vote? Tummies grumblin? Pizza to the Polls is here to help. Send us reports of long lines and\u2026", "id": 1059854832977305600}, {"created_at": "Tue Nov 06 17:07:35 +0000 2018", "text": "RT @fkaburns: @tomreganWSB @PizzaToThePolls can we y'all get some pizza to this location?", "id": 1059854821522575368}, {"created_at": "Tue Nov 06 17:07:34 +0000 2018", "text": "RT @alissakmclean: @eye_scotch @MollyMcKew @AmyMcGrathKY This is actually a great idea! Please take extra umbrellas to the polls to lend to\u2026", "id": 1059854819630944261}, {"created_at": "Tue Nov 06 17:07:34 +0000 2018", "text": "Took near two hours to vote at Fort Dorchester High School but I made it. Major props to @PizzaToThePolls for the l\u2026 https://t.co/PitoG0hKI8", "id": 1059854816875331584}, {"created_at": "Tue Nov 06 17:07:34 +0000 2018", "text": "RT @BlueWaveCS: \"Waiting in line for hours to vote? Tummies grumblin? Pizza to the Polls is here to help. Send us reports of long lines and\u2026", "id": 1059854816665628672}, {"created_at": "Tue Nov 06 17:07:34 +0000 2018", "text": "RT @Alyssa_Milano: Do you all know about @PizzaToThePolls? \n\nYou can donate to the fund at https://t.co/3bdV8hIS0a! \n\nAnd if you see hungry\u2026", "id": 1059854816376119297}, {"created_at": "Tue Nov 06 17:07:32 +0000 2018", "text": "RT @Alyssa_Milano: Do you all know about @PizzaToThePolls? \n\nYou can donate to the fund at https://t.co/3bdV8hIS0a! \n\nAnd if you see hungry\u2026", "id": 1059854810730651648}, {"created_at": "Tue Nov 06 17:07:29 +0000 2018", "text": "RT @BamaWing05: @PizzaToThePolls @fkaburns @tomreganWSB @tomreganWSB can you tell them the location so we can get some pizza to these peopl\u2026", "id": 1059854797443137537}, {"created_at": "Tue Nov 06 17:07:26 +0000 2018", "text": "RT @RTDNA: Newsrooms aren\u2019t the only place to find stacks of \ud83c\udf55\ud83c\udf55\ud83c\udf55 this #ElectionDay. @PizzaToThePolls is sending slices to polling places wi\u2026", "id": 1059854785631973378}, {"created_at": "Tue Nov 06 17:07:23 +0000 2018", "text": "RT @PizzaToThePolls: Pizza is on it's way, please let us know if there are still long lines!  You are amazing!", "id": 1059854772277252097}, {"created_at": "Tue Nov 06 17:07:22 +0000 2018", "text": "RT @IAmTomorrow: @ria_2x @CNN @MSNBC @cbs46 @11AliveNews @wsbtv @FOX5Atlanta @866OURVOTE Sorry to hear it! Anything the public can do to he\u2026", "id": 1059854766707228678}, {"created_at": "Tue Nov 06 17:07:20 +0000 2018", "text": "I just donated to @pizzatothepolls! You can give today at https://t.co/XZsIVDPR3w", "id": 1059854761544073217}, {"created_at": "Tue Nov 06 17:07:18 +0000 2018", "text": "RT @AnabelaALiv: @ananavarro @PizzaToThePolls wants to hear about those long lines. After they do, a free pizza is sent over. It\u2019s a win wi\u2026", "id": 1059854749707599872}, {"created_at": "Tue Nov 06 17:07:17 +0000 2018", "text": "RT @RachelKasten: @PizzaToThePolls @shaunking Also, everyone please donate to @PizzaToThePolls. Buy a pizza and save democracy! https://t.c\u2026", "id": 1059854745299550210}, {"created_at": "Tue Nov 06 17:07:11 +0000 2018", "text": "Newsrooms aren\u2019t the only place to find stacks of \ud83c\udf55\ud83c\udf55\ud83c\udf55 this #ElectionDay. @PizzaToThePolls is sending slices to poll\u2026 https://t.co/ynSg8et7Qo", "id": 1059854722608308227}, {"created_at": "Tue Nov 06 17:07:11 +0000 2018", "text": "RT @RachelKasten: @PizzaToThePolls @shaunking Also, everyone please donate to @PizzaToThePolls. Buy a pizza and save democracy! https://t.c\u2026", "id": 1059854721370836992}, {"created_at": "Tue Nov 06 17:07:09 +0000 2018", "text": "RT @PizzaToThePolls: Somebody told us they might need pizzas at 750 Classon Ave, Brooklyn, NY 11238, USA \n\nvia https://t.co/kYNBswPn7A", "id": 1059854711455670272}, {"created_at": "Tue Nov 06 17:07:08 +0000 2018", "text": "RT @PizzaToThePolls: Somebody told us they might need pizzas at 750 Classon Ave, Brooklyn, NY 11238, USA \n\nvia https://t.co/kYNBswPn7A", "id": 1059854709186576384}, {"created_at": "Tue Nov 06 17:07:07 +0000 2018", "text": "@Alyssa_Milano @PizzaToThePolls What a stupid idea you have.", "id": 1059854703230631937}, {"created_at": "Tue Nov 06 17:07:05 +0000 2018", "text": "RT @Alyssa_Milano: Do you all know about @PizzaToThePolls? \n\nYou can donate to the fund at https://t.co/3bdV8hIS0a! \n\nAnd if you see hungry\u2026", "id": 1059854694774923264}, {"created_at": "Tue Nov 06 17:06:57 +0000 2018", "text": "Cc: @PizzaToThePolls https://t.co/QyF9pWkwBC", "id": 1059854664856793090}, {"created_at": "Tue Nov 06 17:06:56 +0000 2018", "text": "RT @redfilaments: @PizzaToThePolls \u2014 Voters at PS 22 in Crown Heights have been dealing with long lines in the rain; no working scanners; a\u2026", "id": 1059854659219808257}, {"created_at": "Tue Nov 06 17:06:54 +0000 2018", "text": "RT @WaywardWinifred: If the lines are long and the functioning machines are few, tweet to @PizzaToThePolls and get pizzas sent over asap.", "id": 1059854650562830336}, {"created_at": "Tue Nov 06 17:06:52 +0000 2018", "text": "RT @PizzaToThePolls: Help bring smiles to the faces of everyone hangning out at over-crowded polling places with a donation today \u27a1\ufe0f https:\u2026", "id": 1059854641352138757}, {"created_at": "Tue Nov 06 17:06:51 +0000 2018", "text": "RT @Alyssa_Milano: Do you all know about @PizzaToThePolls? \n\nYou can donate to the fund at https://t.co/3bdV8hIS0a! \n\nAnd if you see hungry\u2026", "id": 1059854638097358848}, {"created_at": "Tue Nov 06 17:06:50 +0000 2018", "text": "RT @PizzaToThePolls: Help bring smiles to the faces of everyone hangning out at over-crowded polling places with a donation today \u27a1\ufe0f https:\u2026", "id": 1059854632720220161}, {"created_at": "Tue Nov 06 17:06:46 +0000 2018", "text": "RT @BlueWaveCS: \"Waiting in line for hours to vote? Tummies grumblin? Pizza to the Polls is here to help. Send us reports of long lines and\u2026", "id": 1059854618476404737}, {"created_at": "Tue Nov 06 17:06:46 +0000 2018", "text": "@ecrire831 @PizzaToThePolls Done! Voters somewhere shall be fed! That feels good. \ud83d\ude00 Glad you mentioned it!!", "id": 1059854617507389440}, {"created_at": "Tue Nov 06 17:06:46 +0000 2018", "text": "RT @PizzaToThePolls: Help bring smiles to the faces of everyone hangning out at over-crowded polling places with a donation today \u27a1\ufe0f https:\u2026", "id": 1059854616010076160}, {"created_at": "Tue Nov 06 17:06:45 +0000 2018", "text": "RT @PizzaToThePolls: {\\__/}\n( \u2022 . \u2022)\n/ &gt; \ud83d\uddf3  psst. look at this polling place at it 4521 Centerville Hwy, Snellville, GA 30039, USA\n\n{\\__/}\u2026", "id": 1059854611375370240}, {"created_at": "Tue Nov 06 17:06:44 +0000 2018", "text": "Send help @PizzaToThePolls - Johnson County Indiana at Community Church of Greenwood. 2+ hours.", "id": 1059854609760567296}, {"created_at": "Tue Nov 06 17:06:40 +0000 2018", "text": "I just donated to @pizzatothepolls! You can give today at https://t.co/etPd62QJis\n\nLots of long lines out there whi\u2026 https://t.co/U4M07yB1oH", "id": 1059854593448914949}, {"created_at": "Tue Nov 06 17:06:38 +0000 2018", "text": "RT @PizzaToThePolls: {\\__/}\n( \u2022 . \u2022)\n/ &gt; \ud83d\uddf3  psst. look at this polling place at it 4521 Centerville Hwy, Snellville, GA 30039, USA\n\n{\\__/}\u2026", "id": 1059854584858992640}, {"created_at": "Tue Nov 06 17:06:38 +0000 2018", "text": "If you see long lines at your polling place, tag @PizzaToThePolls &amp; get those folks some free pizza!\nStay in line.\u2026 https://t.co/z332AIJoue", "id": 1059854583583907841}, {"created_at": "Tue Nov 06 17:06:36 +0000 2018", "text": "@J8keB @Kona99 @joshchafetz @SethAbramson @PizzaToThePolls The line can be exhilarating. Everyone is kind and respe\u2026 https://t.co/NqmlgGsLKz", "id": 1059854573882368000}, {"created_at": "Tue Nov 06 17:06:35 +0000 2018", "text": "BRING @PizzaToThePolls https://t.co/4dEojgt3xP", "id": 1059854572406083586}, {"created_at": "Tue Nov 06 17:06:33 +0000 2018", "text": "RT @PizzaToThePolls: Pizza is on it's way, please let us know if there are still long lines!  You are amazing!", "id": 1059854562583080961}, {"created_at": "Tue Nov 06 17:06:32 +0000 2018", "text": "RT @AnabelaALiv: @ananavarro @PizzaToThePolls wants to hear about those long lines. After they do, a free pizza is sent over. It\u2019s a win wi\u2026", "id": 1059854558640230400}, {"created_at": "Tue Nov 06 17:06:32 +0000 2018", "text": "RT @PizzaToThePolls: {\\__/}\n( \u2022 . \u2022)\n/ &gt; \ud83d\uddf3  psst. look at this polling place at it 4521 Centerville Hwy, Snellville, GA 30039, USA\n\n{\\__/}\u2026", "id": 1059854557382168576}, {"created_at": "Tue Nov 06 17:06:28 +0000 2018", "text": "@PizzaToThePolls @fkaburns @tomreganWSB Pittman Park in Fulton County per @wsbtv  reporting here: https://t.co/bc4FNFddYg", "id": 1059854542345527299}, {"created_at": "Tue Nov 06 17:06:27 +0000 2018", "text": "RT @BlueWaveCS: \"Waiting in line for hours to vote? Tummies grumblin? Pizza to the Polls is here to help. Send us reports of long lines and\u2026", "id": 1059854539078086656}, {"created_at": "Tue Nov 06 17:06:27 +0000 2018", "text": "RT @PizzaToThePolls: {\\__/}\n( \u2022 . \u2022)\n/ &gt; \ud83d\uddf3  psst. look at this polling place at it 4521 Centerville Hwy, Snellville, GA 30039, USA\n\n{\\__/}\u2026", "id": 1059854535814979584}, {"created_at": "Tue Nov 06 17:06:24 +0000 2018", "text": "RT @PizzaToThePolls: @RachelKasten @shaunking Yes, please do. We can get pizzas there stat. (Just the specific site or address &amp; a pic of t\u2026", "id": 1059854526293905408}, {"created_at": "Tue Nov 06 17:06:23 +0000 2018", "text": "RT @Alyssa_Milano: Do you all know about @PizzaToThePolls? \n\nYou can donate to the fund at https://t.co/3bdV8hIS0a! \n\nAnd if you see hungry\u2026", "id": 1059854521969520640}, {"created_at": "Tue Nov 06 17:06:23 +0000 2018", "text": "RT @Alyssa_Milano: Do you all know about @PizzaToThePolls? \n\nYou can donate to the fund at https://t.co/3bdV8hIS0a! \n\nAnd if you see hungry\u2026", "id": 1059854520585502720}, {"created_at": "Tue Nov 06 17:06:20 +0000 2018", "text": "RT @PizzaToThePolls: Somebody told us they might need pizzas at 750 Classon Ave, Brooklyn, NY 11238, USA \n\nvia https://t.co/kYNBswPn7A", "id": 1059854506874290176}, {"created_at": "Tue Nov 06 17:06:20 +0000 2018", "text": "RT @BlueWaveCS: \"Waiting in line for hours to vote? Tummies grumblin? Pizza to the Polls is here to help. Send us reports of long lines and\u2026", "id": 1059854506144555008}, {"created_at": "Tue Nov 06 17:06:16 +0000 2018", "text": "A reminder that if the line is terribly long at your polling place, Tweet at @PizzaToThePolls and they'll hook you\u2026 https://t.co/mcszoTNSkj", "id": 1059854492861194243}, {"created_at": "Tue Nov 06 17:06:16 +0000 2018", "text": "@MEPFuller @renato_mariotti @PizzaToThePolls maybe there are some people in that line that would appreciate some \u201ee\u2026 https://t.co/OtUZJUYIFE", "id": 1059854492726910976}, {"created_at": "Tue Nov 06 17:06:02 +0000 2018", "text": "RT @PizzaToThePolls: Happy voting everyone!! Here\u2019s hoping your voting journey is quick and easy today but if you get stuck in line, we\u2019re\u2026", "id": 1059854430521225216}, {"created_at": "Tue Nov 06 17:06:00 +0000 2018", "text": "RT @PizzaToThePolls: Pizza is on it's way, please let us know if there are still long lines!  You are amazing!", "id": 1059854426050125824}, {"created_at": "Tue Nov 06 17:05:57 +0000 2018", "text": "RT @WaywardWinifred: If the lines are long and the functioning machines are few, tweet to @PizzaToThePolls and get pizzas sent over asap.", "id": 1059854412993228800}, {"created_at": "Tue Nov 06 17:05:54 +0000 2018", "text": "@MonaMansourNY Hopefully they will get them @PizzaToThePolls ASAP!", "id": 1059854400531976192}, {"created_at": "Tue Nov 06 17:05:54 +0000 2018", "text": "@pdmcleod @PizzaToThePolls", "id": 1059854399185567745}, {"created_at": "Tue Nov 06 17:05:54 +0000 2018", "text": "RT @VoteRiders: @cameron_kasky Also, report long lines to @PizzaToThePolls and free pizza will arrive like magic!", "id": 1059854398829006849}, {"created_at": "Tue Nov 06 17:05:54 +0000 2018", "text": "#voting @PizzaToThePolls", "id": 1059854398237618177}, {"created_at": "Tue Nov 06 17:05:52 +0000 2018", "text": "RT @PizzaToThePolls: {\\__/}\n( \u2022 . \u2022)\n/ &gt; \ud83d\uddf3  psst. look at this polling place at it 4521 Centerville Hwy, Snellville, GA 30039, USA\n\n{\\__/}\u2026", "id": 1059854390637473792}, {"created_at": "Tue Nov 06 17:05:51 +0000 2018", "text": "RT @PizzaToThePolls: Help bring smiles to the faces of everyone hangning out at over-crowded polling places with a donation today \u27a1\ufe0f https:\u2026", "id": 1059854388305502208}, {"created_at": "Tue Nov 06 17:05:50 +0000 2018", "text": "RT @PizzaToThePolls: Somebody told us they might need pizzas at 750 Classon Ave, Brooklyn, NY 11238, USA \n\nvia https://t.co/kYNBswPn7A", "id": 1059854383394054144}, {"created_at": "Tue Nov 06 17:05:50 +0000 2018", "text": "RT @PizzaToThePolls: Help bring smiles to the faces of everyone hangning out at over-crowded polling places with a donation today \u27a1\ufe0f https:\u2026", "id": 1059854382613827586}, {"created_at": "Tue Nov 06 17:05:49 +0000 2018", "text": "RT @PaigeVurp: @BOB0101RLC @EileenForBlue @Bornabrit1 Contact @PizzaToThePolls if you're in line and hungry! Or detect that others are... p\u2026", "id": 1059854376217600000}, {"created_at": "Tue Nov 06 17:05:45 +0000 2018", "text": "RT @Alyssa_Milano: Do you all know about @PizzaToThePolls? \n\nYou can donate to the fund at https://t.co/3bdV8hIS0a! \n\nAnd if you see hungry\u2026", "id": 1059854362778968064}, {"created_at": "Tue Nov 06 17:05:44 +0000 2018", "text": "RT @Alyssa_Milano: Do you all know about @PizzaToThePolls? \n\nYou can donate to the fund at https://t.co/3bdV8hIS0a! \n\nAnd if you see hungry\u2026", "id": 1059854356495896578}, {"created_at": "Tue Nov 06 17:05:37 +0000 2018", "text": "RT @PizzaToThePolls: We sure do! All we need is an address and picture of the line. Reports can also be made at https://t.co/occwLt8XVy. ht\u2026", "id": 1059854327517347840}, {"created_at": "Tue Nov 06 17:05:37 +0000 2018", "text": "RT @BlueWaveCS: \"Waiting in line for hours to vote? Tummies grumblin? Pizza to the Polls is here to help. Send us reports of long lines and\u2026", "id": 1059854327223738368}, {"created_at": "Tue Nov 06 17:05:34 +0000 2018", "text": "@BamaWing05 @PizzaToThePolls @fkaburns @tomreganWSB Not to be snarky... But any polling place Atlanta, GA...", "id": 1059854316771725312}, {"created_at": "Tue Nov 06 17:05:33 +0000 2018", "text": "@shaunking @PizzaToThePolls", "id": 1059854311050633220}, {"created_at": "Tue Nov 06 17:05:33 +0000 2018", "text": "I was checking out @PizzaToThePolls and was goofing around. With a bit of wishful thinking, I enter 5 and who knows\u2026 https://t.co/RgaoZLMAVW", "id": 1059854309284892672}, {"created_at": "Tue Nov 06 17:05:28 +0000 2018", "text": "RT @BlueWaveCS: \"Waiting in line for hours to vote? Tummies grumblin? Pizza to the Polls is here to help. Send us reports of long lines and\u2026", "id": 1059854290439811075}, {"created_at": "Tue Nov 06 17:05:28 +0000 2018", "text": "@lucyruth @Alyssa_Milano @PizzaToThePolls #racket", "id": 1059854288221102080}, {"created_at": "Tue Nov 06 17:05:26 +0000 2018", "text": "RT @OrangeOntario: See a long voting line? Report it to @PizzaToThePolls to keep morale up! \ud83c\udf55\ud83c\udf55\ud83c\udf55\ud83c\udf55\ud83c\udf55\ud83c\udf55\ud83c\udf55\ud83c\udf55\ud83c\udf55\ud83c\udf55\ud83c\udf55\ud83c\udf55 https://t.co/J19pjLPTy1", "id": 1059854281665363968}, {"created_at": "Tue Nov 06 17:05:25 +0000 2018", "text": "RT @Alyssa_Milano: Do you all know about @PizzaToThePolls? \n\nYou can donate to the fund at https://t.co/3bdV8hIS0a! \n\nAnd if you see hungry\u2026", "id": 1059854277349388288}, {"created_at": "Tue Nov 06 17:05:24 +0000 2018", "text": "@whittenburg4SOS @RosalynforSC @MillenPolitics @BlackVotersMtr @PizzaToThePolls Anyone got a long line and address?\u2026 https://t.co/8sjv50QcoV", "id": 1059854274971131904}, {"created_at": "Tue Nov 06 17:05:24 +0000 2018", "text": "RT @pattigandolfini: @MattGertz @thegarance Long lines at your polling place? @PizzaToThePolls !! Send them a photo of the line, location a\u2026", "id": 1059854273209499648}, {"created_at": "Tue Nov 06 17:05:18 +0000 2018", "text": "RT @Alyssa_Milano: Do you all know about @PizzaToThePolls? \n\nYou can donate to the fund at https://t.co/3bdV8hIS0a! \n\nAnd if you see hungry\u2026", "id": 1059854247309787142}, {"created_at": "Tue Nov 06 17:05:17 +0000 2018", "text": "RT @PizzaToThePolls: \ud83d\udc51\n\ud83c\udf55  \ud83c\udf55\n\ud83d\udc41  \ud83d\udc41\ud83d\udc42\n   \ud83d\udc43  \n   \ud83d\udc44 - Oh? They need pizza at 177 Myrtle Ave, Brooklyn, NY 11201, USA\n   \nvia https://t.co/Iaa3ZbK\u2026", "id": 1059854245619531776}, {"created_at": "Tue Nov 06 17:05:17 +0000 2018", "text": "@fkaburns @tomreganWSB @PizzaToThePolls Great idea!! I will send a couple if I can get the address.", "id": 1059854243610443776}, {"created_at": "Tue Nov 06 17:05:16 +0000 2018", "text": "Use @PizzaToThePolls https://t.co/BLiQ36MxGx", "id": 1059854237482577921}, {"created_at": "Tue Nov 06 17:05:14 +0000 2018", "text": "@pemalevy @PizzaToThePolls Here's another site you could really help!", "id": 1059854229484003328}, {"created_at": "Tue Nov 06 17:05:11 +0000 2018", "text": "RT @ChazReddBear: @SocialPowerOne1 Hungry while standing in long lines to vote today? @PizzaToThePolls got ya covered!\n\nPizza to the Polls\u2026", "id": 1059854219170189312}, {"created_at": "Tue Nov 06 17:05:08 +0000 2018", "text": "RT @Coalminetweety: @croifaileas @tomreganWSB @wsbtv The thing is, long lines deter people and so does news of long lines.  We need volunte\u2026", "id": 1059854207107391488}, {"created_at": "Tue Nov 06 17:05:07 +0000 2018", "text": "RT @Alyssa_Milano: Do you all know about @PizzaToThePolls? \n\nYou can donate to the fund at https://t.co/3bdV8hIS0a! \n\nAnd if you see hungry\u2026", "id": 1059854202615226368}, {"created_at": "Tue Nov 06 17:05:06 +0000 2018", "text": "@PizzaToThePolls @adv_project Fulton County Elections\n141 Pryor St SW #4075, Atlanta, GA 30303\n(404) 612-4000\nhttps://t.co/Uk9zi9zGj1", "id": 1059854196113997824}, {"created_at": "Tue Nov 06 17:05:05 +0000 2018", "text": "RT @PizzaToThePolls: Somebody told us they might need pizzas at 750 Classon Ave, Brooklyn, NY 11238, USA \n\nvia https://t.co/kYNBswPn7A", "id": 1059854193870032896}, {"created_at": "Tue Nov 06 17:05:05 +0000 2018", "text": "RT @PizzaToThePolls: {\\__/}\n( \u2022 . \u2022)\n/ &gt; \ud83d\uddf3  psst. look at this polling place at it 4521 Centerville Hwy, Snellville, GA 30039, USA\n\n{\\__/}\u2026", "id": 1059854192880377856}, {"created_at": "Tue Nov 06 17:05:05 +0000 2018", "text": "RT @BlueWaveCS: \"Waiting in line for hours to vote? Tummies grumblin? Pizza to the Polls is here to help. Send us reports of long lines and\u2026", "id": 1059854192234389509}, {"created_at": "Tue Nov 06 17:05:04 +0000 2018", "text": "RT @Alyssa_Milano: Do you all know about @PizzaToThePolls? \n\nYou can donate to the fund at https://t.co/3bdV8hIS0a! \n\nAnd if you see hungry\u2026", "id": 1059854187599515648}, {"created_at": "Tue Nov 06 17:05:03 +0000 2018", "text": "RT @PizzaToThePolls: {\\__/}\n( \u2022 . \u2022)\n/ &gt; \ud83d\uddf3  psst. look at this polling place at it 4521 Centerville Hwy, Snellville, GA 30039, USA\n\n{\\__/}\u2026", "id": 1059854186223992832}, {"created_at": "Tue Nov 06 17:05:03 +0000 2018", "text": "@PizzaToThePolls @RachelKasten @shaunking Thank you!!!!!!", "id": 1059854183086604290}, {"created_at": "Tue Nov 06 17:05:02 +0000 2018", "text": "@Alyssa_Milano @PizzaToThePolls Send them to Atlanta! Have you seen the bullshit the GOP is trying to pull down there?", "id": 1059854179924090880}, {"created_at": "Tue Nov 06 17:04:59 +0000 2018", "text": "RT @PizzaToThePolls: Somebody told us they might need pizzas at 3150 Spain Rd, Snellville, GA 30039, USA \n\nvia https://t.co/sXtFCx96hZ", "id": 1059854167731257345}, {"created_at": "Tue Nov 06 17:04:59 +0000 2018", "text": "RT @PizzaToThePolls: {\\__/}\n( \u2022 . \u2022)\n/ &gt; \ud83d\uddf3  psst. look at this polling place at it 4521 Centerville Hwy, Snellville, GA 30039, USA\n\n{\\__/}\u2026", "id": 1059854167542546434}, {"created_at": "Tue Nov 06 17:04:58 +0000 2018", "text": "RT @BlueWaveCS: \"Waiting in line for hours to vote? Tummies grumblin? Pizza to the Polls is here to help. Send us reports of long lines and\u2026", "id": 1059854166116446209}, {"created_at": "Tue Nov 06 17:04:58 +0000 2018", "text": "RT @PizzaToThePolls: Investigating reports at 520 N Kingsbury St, Chicago, IL 60654, USA\n\nvia https://t.co/Fcwk62on0U", "id": 1059854165126639618}, {"created_at": "Tue Nov 06 17:04:57 +0000 2018", "text": "@PizzaToThePolls \u2014 Voters at PS 22 in Crown Heights have been dealing with long lines in the rain; no working scann\u2026 https://t.co/dbdhIjqbvT", "id": 1059854158336090112}, {"created_at": "Tue Nov 06 17:04:57 +0000 2018", "text": "RT @alissakmclean: @eye_scotch @MollyMcKew @AmyMcGrathKY This is actually a great idea! Please take extra umbrellas to the polls to lend to\u2026", "id": 1059854158025670657}, {"created_at": "Tue Nov 06 17:04:55 +0000 2018", "text": "RT @fkaburns: @tomreganWSB @PizzaToThePolls can we y'all get some pizza to this location?", "id": 1059854149574115334}, {"created_at": "Tue Nov 06 17:04:54 +0000 2018", "text": "RT @Alyssa_Milano: Do you all know about @PizzaToThePolls? \n\nYou can donate to the fund at https://t.co/3bdV8hIS0a! \n\nAnd if you see hungry\u2026", "id": 1059854147602661376}, {"created_at": "Tue Nov 06 17:04:54 +0000 2018", "text": "RT @BlueWaveCS: \"Waiting in line for hours to vote? Tummies grumblin? Pizza to the Polls is here to help. Send us reports of long lines and\u2026", "id": 1059854146180763648}, {"created_at": "Tue Nov 06 17:04:53 +0000 2018", "text": "RT @WaywardWinifred: If the lines are long and the functioning machines are few, tweet to @PizzaToThePolls and get pizzas sent over asap.", "id": 1059854144863985667}, {"created_at": "Tue Nov 06 17:04:53 +0000 2018", "text": "RT @PizzaToThePolls: @fkaburns @tomreganWSB Do you know the exact location?  Thank you, you are amazing!", "id": 1059854143769243649}, {"created_at": "Tue Nov 06 17:04:52 +0000 2018", "text": "@PizzaToThePolls #voting #feedus? Liberty Missouri https://t.co/f3E7Q7r27G", "id": 1059854140707348481}, {"created_at": "Tue Nov 06 17:04:52 +0000 2018", "text": "I just donated to @pizzatothepolls! You can give today at https://t.co/WbnB8TXf0o", "id": 1059854138190807041}, {"created_at": "Tue Nov 06 17:04:52 +0000 2018", "text": "RT @Alyssa_Milano: Do you all know about @PizzaToThePolls? \n\nYou can donate to the fund at https://t.co/3bdV8hIS0a! \n\nAnd if you see hungry\u2026", "id": 1059854137901367298}, {"created_at": "Tue Nov 06 17:04:48 +0000 2018", "text": "RT @Alyssa_Milano: Do you all know about @PizzaToThePolls? \n\nYou can donate to the fund at https://t.co/3bdV8hIS0a! \n\nAnd if you see hungry\u2026", "id": 1059854123468767238}, {"created_at": "Tue Nov 06 17:04:48 +0000 2018", "text": "RT @Alyssa_Milano: Do you all know about @PizzaToThePolls? \n\nYou can donate to the fund at https://t.co/3bdV8hIS0a! \n\nAnd if you see hungry\u2026", "id": 1059854123384881152}, {"created_at": "Tue Nov 06 17:04:48 +0000 2018", "text": "I just donated to @pizzatothepolls! You can give today at https://t.co/RM86qDK8Bk. I paid for 10 pizzas. Lots of li\u2026 https://t.co/Bmaed2DS46", "id": 1059854122621550592}, {"created_at": "Tue Nov 06 17:04:47 +0000 2018", "text": "RT @Alyssa_Milano: Do you all know about @PizzaToThePolls? \n\nYou can donate to the fund at https://t.co/3bdV8hIS0a! \n\nAnd if you see hungry\u2026", "id": 1059854117697454082}, {"created_at": "Tue Nov 06 17:04:46 +0000 2018", "text": "RT @PizzaToThePolls: Gwinnett County apparently doesn't *do* pizza before 11am, so we've got 8 dozen donuts headed that way. https://t.co/W\u2026", "id": 1059854112043556864}, {"created_at": "Tue Nov 06 17:04:45 +0000 2018", "text": "RT @catinlaca: @adamstein @grantstern @PizzaToThePolls Donate to @PizzaToThePolls here: https://t.co/egaCAskcLM\nThey will bring pizza to an\u2026", "id": 1059854110223142917}, {"created_at": "Tue Nov 06 17:04:43 +0000 2018", "text": "Is there a long line at a polling place? Report to @PizzaToThePolls at https://t.co/vMlrCvi0fz", "id": 1059854101096394752}, {"created_at": "Tue Nov 06 17:04:41 +0000 2018", "text": "\"Waiting in line for hours to vote? Tummies grumblin? Pizza to the Polls is here to help. Send us reports of long l\u2026 https://t.co/MhRhzEavwp", "id": 1059854091940052995}, {"created_at": "Tue Nov 06 17:04:40 +0000 2018", "text": "RT @BamaWing05: @PizzaToThePolls @fkaburns @tomreganWSB @tomreganWSB can you tell them the location so we can get some pizza to these peopl\u2026", "id": 1059854090115653632}, {"created_at": "Tue Nov 06 17:04:40 +0000 2018", "text": "RT @nancylevine: I just donated to @pizzatothepolls! Help feed hungry people who are standing on long lines to VOTE on #ElectionDay! You ca\u2026", "id": 1059854086487638017}, {"created_at": "Tue Nov 06 17:04:39 +0000 2018", "text": "RT @PizzaToThePolls: Pizza is on it's way, please let us know if there are still long lines!  You are amazing!", "id": 1059854082670768129}, {"created_at": "Tue Nov 06 17:04:37 +0000 2018", "text": "RT @adamstein: @grantstern What\u2019s the address? Send them a free @PizzaToThePolls", "id": 1059854074655531008}, {"created_at": "Tue Nov 06 17:04:33 +0000 2018", "text": "@PizzaToThePolls @Alyssa_Milano That is VERY crucial information!", "id": 1059854060696883200}, {"created_at": "Tue Nov 06 17:04:33 +0000 2018", "text": "RT @Alyssa_Milano: Do you all know about @PizzaToThePolls? \n\nYou can donate to the fund at https://t.co/3bdV8hIS0a! \n\nAnd if you see hungry\u2026", "id": 1059854058704515072}, {"created_at": "Tue Nov 06 17:04:33 +0000 2018", "text": "RT @PizzaToThePolls: {\\__/}\n( \u2022 . \u2022)\n/ &gt; \ud83d\uddf3  psst. look at this polling place at it 4521 Centerville Hwy, Snellville, GA 30039, USA\n\n{\\__/}\u2026", "id": 1059854057932775424}, {"created_at": "Tue Nov 06 17:04:33 +0000 2018", "text": "RT @purlgurly: @electricland Fun fact: Canadians can legally feed hungry US voters via @PizzaToThePolls", "id": 1059854057727119365}, {"created_at": "Tue Nov 06 17:04:31 +0000 2018", "text": "RT @PizzaToThePolls: |\uffe3\uffe3\uffe3\uffe3\uffe3\uffe3|\n|  Pizza            |\n|   FOR             |\n|   2295 Marietta Rd NW, Atlanta, GA 30318, USA\n| \uff3f\uff3f\uff3f\uff3f\uff3f__| \n(\\__/\u2026", "id": 1059854051666477063}, {"created_at": "Tue Nov 06 17:04:30 +0000 2018", "text": "@Tygartman @Alyssa_Milano @PizzaToThePolls How is it illegal?", "id": 1059854047950331905}, {"created_at": "Tue Nov 06 17:04:29 +0000 2018", "text": "RT @joshchafetz: I just threw $100 to @PizzaToThePolls. It may sound somewhat silly, but long lines at polling places are largely a result\u2026", "id": 1059854042376163328}, {"created_at": "Tue Nov 06 17:04:29 +0000 2018", "text": "RT @fkaburns: @tomreganWSB @PizzaToThePolls can we y'all get some pizza to this location?", "id": 1059854041436614656}, {"created_at": "Tue Nov 06 17:04:28 +0000 2018", "text": "RT @fkaburns: @tomreganWSB @PizzaToThePolls can we y'all get some pizza to this location?", "id": 1059854036151742465}, {"created_at": "Tue Nov 06 17:04:24 +0000 2018", "text": "RT @PizzaToThePolls: Investigating reports at 520 N Kingsbury St, Chicago, IL 60654, USA\n\nvia https://t.co/Fcwk62on0U", "id": 1059854021614166016}, {"created_at": "Tue Nov 06 17:04:19 +0000 2018", "text": "RT @PizzaToThePolls: Somebody told us they might need pizzas at 750 Classon Ave, Brooklyn, NY 11238, USA \n\nvia https://t.co/kYNBswPn7A", "id": 1059853999409717248}, {"created_at": "Tue Nov 06 17:04:19 +0000 2018", "text": "@BOB0101RLC @EileenForBlue @Bornabrit1 Contact @PizzaToThePolls if you're in line and hungry! Or detect that others\u2026 https://t.co/ds65EIsbx0", "id": 1059853998440751106}, {"created_at": "Tue Nov 06 17:04:18 +0000 2018", "text": "RT @WaywardWinifred: If the lines are long and the functioning machines are few, tweet to @PizzaToThePolls and get pizzas sent over asap.", "id": 1059853994682658816}, {"created_at": "Tue Nov 06 17:04:17 +0000 2018", "text": "RT @Alyssa_Milano: Do you all know about @PizzaToThePolls? \n\nYou can donate to the fund at https://t.co/3bdV8hIS0a! \n\nAnd if you see hungry\u2026", "id": 1059853990295269377}, {"created_at": "Tue Nov 06 17:04:15 +0000 2018", "text": "RT @PizzaToThePolls: {\\__/}\n( \u2022 . \u2022)\n/ &gt; \ud83d\uddf3  psst. look at this polling place at it 4521 Centerville Hwy, Snellville, GA 30039, USA\n\n{\\__/}\u2026", "id": 1059853984511467520}, {"created_at": "Tue Nov 06 17:04:15 +0000 2018", "text": "@Alyssa_Milano @PizzaToThePolls The desperate will try anything \ud83d\ude02", "id": 1059853981818580993}, {"created_at": "Tue Nov 06 17:04:12 +0000 2018", "text": "RT @PizzaToThePolls: {\\__/}\n( \u2022 . \u2022)\n/ &gt; \ud83d\uddf3  psst. look at this polling place at it 4521 Centerville Hwy, Snellville, GA 30039, USA\n\n{\\__/}\u2026", "id": 1059853972033363968}, {"created_at": "Tue Nov 06 17:04:10 +0000 2018", "text": "@Alyssa_Milano @PizzaToThePolls #vote...not for free food though!", "id": 1059853963342831616}, {"created_at": "Tue Nov 06 17:04:06 +0000 2018", "text": "RT @Alyssa_Milano: Do you all know about @PizzaToThePolls? \n\nYou can donate to the fund at https://t.co/3bdV8hIS0a! \n\nAnd if you see hungry\u2026", "id": 1059853947542720512}, {"created_at": "Tue Nov 06 17:04:06 +0000 2018", "text": "RT @WaywardWinifred: If the lines are long and the functioning machines are few, tweet to @PizzaToThePolls and get pizzas sent over asap.", "id": 1059853947530297344}, {"created_at": "Tue Nov 06 17:04:05 +0000 2018", "text": "RT @WaywardWinifred: If the lines are long and the functioning machines are few, tweet to @PizzaToThePolls and get pizzas sent over asap.", "id": 1059853940664270848}, {"created_at": "Tue Nov 06 17:04:04 +0000 2018", "text": "@mollyringle @PizzaToThePolls Isn't it?  LOVE that they are nonpartisan AND they work with local pie vendors who al\u2026 https://t.co/wXq0P3wEyu", "id": 1059853937992392704}, {"created_at": "Tue Nov 06 17:04:04 +0000 2018", "text": "RT @Dean_Moriarty36: @Alyssa_Milano @PizzaToThePolls I don't need pizza. I don't need a free ride. I don't need donuts. I have spent the la\u2026", "id": 1059853937031999490}, {"created_at": "Tue Nov 06 17:03:58 +0000 2018", "text": "RT @PizzaToThePolls: \ud83d\ude31\ud83c\udfa5 damn daniel daMn dAniel\n\nBACK AT IT AGAIN with those long lines at 3295 Atlanta Rd SE, Smyrna, GA 30080, USA\n\nvia h\u2026", "id": 1059853910821744642}, {"created_at": "Tue Nov 06 17:03:58 +0000 2018", "text": "RT @WaywardWinifred: If the lines are long and the functioning machines are few, tweet to @PizzaToThePolls and get pizzas sent over asap.", "id": 1059853910809153536}, {"created_at": "Tue Nov 06 17:03:57 +0000 2018", "text": "RT @bnixon23: @tomreganWSB What's the address? trying to go through @PizzaToThePolls to send food.", "id": 1059853907130753026}, {"created_at": "Tue Nov 06 17:03:47 +0000 2018", "text": "RT @PizzaToThePolls: Pizza is on it's way, please let us know if there are still long lines!  You are amazing!", "id": 1059853867888848897}, {"created_at": "Tue Nov 06 17:03:45 +0000 2018", "text": "RT @Alyssa_Milano: Do you all know about @PizzaToThePolls? \n\nYou can donate to the fund at https://t.co/3bdV8hIS0a! \n\nAnd if you see hungry\u2026", "id": 1059853858665574402}, {"created_at": "Tue Nov 06 17:03:45 +0000 2018", "text": "Just donated $$ to @PizzaToThePolls", "id": 1059853857885446145}, {"created_at": "Tue Nov 06 17:03:45 +0000 2018", "text": "RT @Alyssa_Milano: Do you all know about @PizzaToThePolls? \n\nYou can donate to the fund at https://t.co/3bdV8hIS0a! \n\nAnd if you see hungry\u2026", "id": 1059853856270626816}, {"created_at": "Tue Nov 06 17:03:44 +0000 2018", "text": "@Alyssa_Milano @PizzaToThePolls Republicans are getting hungry", "id": 1059853853204590592}, {"created_at": "Tue Nov 06 17:03:42 +0000 2018", "text": "RT @WaywardWinifred: If the lines are long and the functioning machines are few, tweet to @PizzaToThePolls and get pizzas sent over asap.", "id": 1059853846439051264}, {"created_at": "Tue Nov 06 17:03:42 +0000 2018", "text": "RT @PizzaToThePolls: |\uffe3\uffe3\uffe3\uffe3\uffe3\uffe3|\n|  Pizza            |\n|   FOR             |\n|   Meadowthorpe, Lexington, KY 40511, USA\n| \uff3f\uff3f\uff3f\uff3f\uff3f__| \n(\\__/) ||\u2026", "id": 1059853843696095232}, {"created_at": "Tue Nov 06 17:03:41 +0000 2018", "text": "RT @Lizerenity: @MichaelSkolnik Michael, @PizzaToThePolls wants to feed these peeps.  What's your location?", "id": 1059853843012481024}, {"created_at": "Tue Nov 06 17:03:37 +0000 2018", "text": "RT @Alyssa_Milano: Do you all know about @PizzaToThePolls? \n\nYou can donate to the fund at https://t.co/3bdV8hIS0a! \n\nAnd if you see hungry\u2026", "id": 1059853822829518850}, {"created_at": "Tue Nov 06 17:03:34 +0000 2018", "text": "RT @WaywardWinifred: If the lines are long and the functioning machines are few, tweet to @PizzaToThePolls and get pizzas sent over asap.", "id": 1059853810598727680}, {"created_at": "Tue Nov 06 17:03:33 +0000 2018", "text": "RT @Alyssa_Milano: Do you all know about @PizzaToThePolls? \n\nYou can donate to the fund at https://t.co/3bdV8hIS0a! \n\nAnd if you see hungry\u2026", "id": 1059853808174424064}, {"created_at": "Tue Nov 06 17:03:32 +0000 2018", "text": "RT @Alyssa_Milano: Do you all know about @PizzaToThePolls? \n\nYou can donate to the fund at https://t.co/3bdV8hIS0a! \n\nAnd if you see hungry\u2026", "id": 1059853805012090886}, {"created_at": "Tue Nov 06 17:03:30 +0000 2018", "text": "RT @PizzaToThePolls: @fkaburns @tomreganWSB Do you know the exact location?  Thank you, you are amazing!", "id": 1059853795583320064}, {"created_at": "Tue Nov 06 17:03:24 +0000 2018", "text": "RT @fkaburns: @tomreganWSB @PizzaToThePolls can we y'all get some pizza to this location?", "id": 1059853769838682112}, {"created_at": "Tue Nov 06 17:03:24 +0000 2018", "text": "If you tweet @PizzaToThePolls they\u2019ll bring pizza to people waiting in line to vote! #electionday #ElectionDay2018\u2026 https://t.co/lJBwhFloer", "id": 1059853768773300230}, {"created_at": "Tue Nov 06 17:03:18 +0000 2018", "text": "RT @PizzaToThePolls: Somebody told us they might need pizzas at 750 Classon Ave, Brooklyn, NY 11238, USA \n\nvia https://t.co/kYNBswPn7A", "id": 1059853742625996800}, {"created_at": "Tue Nov 06 17:03:14 +0000 2018", "text": "RT @WaywardWinifred: If the lines are long and the functioning machines are few, tweet to @PizzaToThePolls and get pizzas sent over asap.", "id": 1059853728780611584}, {"created_at": "Tue Nov 06 17:03:14 +0000 2018", "text": "There's straight fuckery happening all around the country. \nReports of broken machines and polling places with 1 ma\u2026 https://t.co/YuwxWkeFOd", "id": 1059853727799099392}, {"created_at": "Tue Nov 06 17:03:10 +0000 2018", "text": "RT @Alyssa_Milano: Do you all know about @PizzaToThePolls? \n\nYou can donate to the fund at https://t.co/3bdV8hIS0a! \n\nAnd if you see hungry\u2026", "id": 1059853710736740352}, {"created_at": "Tue Nov 06 17:03:09 +0000 2018", "text": "RT @PizzaToThePolls: @fkaburns @tomreganWSB Do you know the exact location?  Thank you, you are amazing!", "id": 1059853705896439809}, {"created_at": "Tue Nov 06 17:03:08 +0000 2018", "text": "RT @graceisnotgone: @SpanbergerVA07 Hey, @PizzaToThePolls, there\u2019s close to 200 people in line here, one just asked for sandwiches.\nRobius\u2026", "id": 1059853702897565696}, {"created_at": "Tue Nov 06 17:03:06 +0000 2018", "text": "RT @ChazReddBear: @SocialPowerOne1 Hungry while standing in long lines to vote today? @PizzaToThePolls got ya covered!\n\nPizza to the Polls\u2026", "id": 1059853693716230148}, {"created_at": "Tue Nov 06 17:03:05 +0000 2018", "text": "RT @tweetmommybop: Let\u2019s encourage our fellow Americans to stay and vote. Wanna send them a pizza? Send some dough to  @PizzaToThePolls htt\u2026", "id": 1059853689236701184}, {"created_at": "Tue Nov 06 17:03:05 +0000 2018", "text": "RT @Alyssa_Milano: Do you all know about @PizzaToThePolls? \n\nYou can donate to the fund at https://t.co/3bdV8hIS0a! \n\nAnd if you see hungry\u2026", "id": 1059853688943054849}, {"created_at": "Tue Nov 06 17:03:03 +0000 2018", "text": "RT @WaywardWinifred: If the lines are long and the functioning machines are few, tweet to @PizzaToThePolls and get pizzas sent over asap.", "id": 1059853680126509056}, {"created_at": "Tue Nov 06 17:03:02 +0000 2018", "text": "RT @PizzaToThePolls: Help bring smiles to the faces of everyone hangning out at over-crowded polling places with a donation today \u27a1\ufe0f https:\u2026", "id": 1059853675542274049}, {"created_at": "Tue Nov 06 17:02:56 +0000 2018", "text": "RT @PizzaToThePolls: @fkaburns @tomreganWSB Do you know the exact location?  Thank you, you are amazing!", "id": 1059853650384818176}, {"created_at": "Tue Nov 06 17:02:55 +0000 2018", "text": "@PizzaToThePolls @shaunking Also, everyone please donate to @PizzaToThePolls. Buy a pizza and save democracy! https://t.co/NQTmTYJnJG", "id": 1059853648086347777}, {"created_at": "Tue Nov 06 17:02:55 +0000 2018", "text": "RT @PizzaToThePolls: Checking our list (twice) but we hear lines aren't nice at 78117 La Crosse Ave, Austin, TX 78739, USA\n\n\u2002\u2002\u2002\u2002\ud83c\udf55\n\u2002\u2002\u2002\u2002\ud83c\udf84\u2026", "id": 1059853647310397441}, {"created_at": "Tue Nov 06 17:02:53 +0000 2018", "text": "RT @Alyssa_Milano: Do you all know about @PizzaToThePolls? \n\nYou can donate to the fund at https://t.co/3bdV8hIS0a! \n\nAnd if you see hungry\u2026", "id": 1059853638447874050}, {"created_at": "Tue Nov 06 17:02:49 +0000 2018", "text": "I just donated to @pizzatothepolls! You can give today at https://t.co/xX6HnDJD7S", "id": 1059853621708406784}, {"created_at": "Tue Nov 06 17:02:47 +0000 2018", "text": "RT @kazweida: Hey, Missouri- be prepared! Stay in line.\n\nMaybe send some lunch later @PizzaToThePolls \nWe got you, voters!\n\n#WaveCast #Wave\u2026", "id": 1059853616364900359}, {"created_at": "Tue Nov 06 17:02:45 +0000 2018", "text": "@PizzaToThePolls https://t.co/JNUo12wrVy", "id": 1059853607208652800}, {"created_at": "Tue Nov 06 17:02:44 +0000 2018", "text": "RT @Alyssa_Milano: Do you all know about @PizzaToThePolls? \n\nYou can donate to the fund at https://t.co/3bdV8hIS0a! \n\nAnd if you see hungry\u2026", "id": 1059853603593105408}, {"created_at": "Tue Nov 06 17:02:44 +0000 2018", "text": "RT @ChazReddBear: @SoulStealer25 @LuminaFortin @PressSec Hungry while standing in long lines to vote today? @PizzaToThePolls got ya covered\u2026", "id": 1059853603458945024}, {"created_at": "Tue Nov 06 17:02:44 +0000 2018", "text": "RT @PizzaToThePolls: .iVVVVVVi\n.|               |\n.|               |\n.|      (O) (O)\nC              _)\n.|          ,_| Cowabunga - 10 pizza\u2026", "id": 1059853601642831873}, {"created_at": "Tue Nov 06 17:02:41 +0000 2018", "text": "RT @Alyssa_Milano: Do you all know about @PizzaToThePolls? \n\nYou can donate to the fund at https://t.co/3bdV8hIS0a! \n\nAnd if you see hungry\u2026", "id": 1059853591475904518}, {"created_at": "Tue Nov 06 17:02:40 +0000 2018", "text": "@Thequeenoffree @PizzaToThePolls", "id": 1059853583351406592}, {"created_at": "Tue Nov 06 17:02:37 +0000 2018", "text": "@PizzaToThePolls Wish I could have donated more! It sounds like America is going to need a LOT of pizza today. Thanks for all you do!", "id": 1059853574186897408}, {"created_at": "Tue Nov 06 17:02:37 +0000 2018", "text": "RT @PizzaToThePolls: Help bring smiles to the faces of everyone hangning out at over-crowded polling places with a donation today \u27a1\ufe0f https:\u2026", "id": 1059853572328906752}, {"created_at": "Tue Nov 06 17:02:35 +0000 2018", "text": "RT @Alyssa_Milano: Do you all know about @PizzaToThePolls? \n\nYou can donate to the fund at https://t.co/3bdV8hIS0a! \n\nAnd if you see hungry\u2026", "id": 1059853564867014656}, {"created_at": "Tue Nov 06 17:02:33 +0000 2018", "text": "RT @Alyssa_Milano: Do you all know about @PizzaToThePolls? \n\nYou can donate to the fund at https://t.co/3bdV8hIS0a! \n\nAnd if you see hungry\u2026", "id": 1059853556516179968}, {"created_at": "Tue Nov 06 17:02:33 +0000 2018", "text": "@WaywardWinifred @PizzaToThePolls Yaaasssss!", "id": 1059853555627122688}, {"created_at": "Tue Nov 06 17:02:32 +0000 2018", "text": "RT @PizzaToThePolls: Somebody told us they might need pizzas at 750 Classon Ave, Brooklyn, NY 11238, USA \n\nvia https://t.co/kYNBswPn7A", "id": 1059853553081171968}, {"created_at": "Tue Nov 06 17:02:30 +0000 2018", "text": "RT @PizzaToThePolls: Gwinnett County apparently doesn't *do* pizza before 11am, so we've got 8 dozen donuts headed that way. https://t.co/W\u2026", "id": 1059853541622325249}, {"created_at": "Tue Nov 06 17:02:28 +0000 2018", "text": "@Politidope Send them a pizza, stat @PizzaToThePolls !", "id": 1059853534185865216}, {"created_at": "Tue Nov 06 17:02:27 +0000 2018", "text": "RT @ChazReddBear: @Laurie_Garrett @puxxled @BrianLehrer @WNYC @jaketapper @chrislhayes @RonaldKlain @NBCNews Hungry while standing in long\u2026", "id": 1059853530448707589}, {"created_at": "Tue Nov 06 17:02:26 +0000 2018", "text": "@Coalminetweety @croifaileas @tomreganWSB @wsbtv @PizzaToThePolls what's the address?", "id": 1059853525130326016}, {"created_at": "Tue Nov 06 17:02:25 +0000 2018", "text": "RT @PizzaToThePolls: {\\__/}\n( \u2022 . \u2022)\n/ &gt; \ud83d\uddf3  psst. look at this polling place at it 4521 Centerville Hwy, Snellville, GA 30039, USA\n\n{\\__/}\u2026", "id": 1059853524190715905}, {"created_at": "Tue Nov 06 17:02:25 +0000 2018", "text": "RT @WaywardWinifred: If the lines are long and the functioning machines are few, tweet to @PizzaToThePolls and get pizzas sent over asap.", "id": 1059853520898351104}, {"created_at": "Tue Nov 06 17:02:24 +0000 2018", "text": "@sherlou710 @PizzaToThePolls Awesome !! \ud83d\udc99\ud83d\udc99\ud83d\udc99\ud83c\udf55\ud83c\udf55\ud83c\udf55", "id": 1059853519107383297}, {"created_at": "Tue Nov 06 17:02:22 +0000 2018", "text": "@ecrire831 @PizzaToThePolls I didn't know it was a thing till just now! Think I'll send some too. \ud83d\ude0a", "id": 1059853509389049856}, {"created_at": "Tue Nov 06 17:02:21 +0000 2018", "text": "RT @AnabelaALiv: @ananavarro @PizzaToThePolls wants to hear about those long lines. After they do, a free pizza is sent over. It\u2019s a win wi\u2026", "id": 1059853505828024320}, {"created_at": "Tue Nov 06 17:02:20 +0000 2018", "text": "RT @WaywardWinifred: If the lines are long and the functioning machines are few, tweet to @PizzaToThePolls and get pizzas sent over asap.", "id": 1059853502707572741}, {"created_at": "Tue Nov 06 17:02:19 +0000 2018", "text": "RT @sarahcolonna: If you are in a long voting line today, tweet @PizzaToThePolls and they\u2019ll bring pizza. How awesome is that?", "id": 1059853498945159168}, {"created_at": "Tue Nov 06 17:02:17 +0000 2018", "text": "RT @WaywardWinifred: If the lines are long and the functioning machines are few, tweet to @PizzaToThePolls and get pizzas sent over asap.", "id": 1059853489483014144}, {"created_at": "Tue Nov 06 17:02:16 +0000 2018", "text": "@SpanbergerVA07 Hey, @PizzaToThePolls, there\u2019s close to 200 people in line here, one just asked for sandwiches.\nRob\u2026 https://t.co/BulZ4gCCG2", "id": 1059853483329966081}, {"created_at": "Tue Nov 06 17:02:15 +0000 2018", "text": "@Alyssa_Milano @PizzaToThePolls https://t.co/ZwM0j8WpyM", "id": 1059853478728740865}, {"created_at": "Tue Nov 06 17:02:13 +0000 2018", "text": "RT @Coalminetweety: @croifaileas @tomreganWSB @wsbtv The thing is, long lines deter people and so does news of long lines.  We need volunte\u2026", "id": 1059853470419877888}, {"created_at": "Tue Nov 06 17:02:12 +0000 2018", "text": "@tomreganWSB What's the address? trying to go through @PizzaToThePolls to send food.", "id": 1059853468213633024}, {"created_at": "Tue Nov 06 17:02:10 +0000 2018", "text": "RT @WaywardWinifred: If the lines are long and the functioning machines are few, tweet to @PizzaToThePolls and get pizzas sent over asap.", "id": 1059853459137224704}, {"created_at": "Tue Nov 06 17:02:06 +0000 2018", "text": "RT @PizzaToThePolls: We sure do! All we need is an address and picture of the line. Reports can also be made at https://t.co/occwLt8XVy. ht\u2026", "id": 1059853444150751232}, {"created_at": "Tue Nov 06 17:02:06 +0000 2018", "text": "RT @Alyssa_Milano: Do you all know about @PizzaToThePolls? \n\nYou can donate to the fund at https://t.co/3bdV8hIS0a! \n\nAnd if you see hungry\u2026", "id": 1059853443639246856}, {"created_at": "Tue Nov 06 17:02:04 +0000 2018", "text": "RT @tweetmommybop: Let\u2019s encourage our fellow Americans to stay and vote. Wanna send them a pizza? Send some dough to  @PizzaToThePolls htt\u2026", "id": 1059853433619038208}, {"created_at": "Tue Nov 06 17:01:58 +0000 2018", "text": "RT @ChazReddBear: @SocialPowerOne1 Hungry while standing in long lines to vote today? @PizzaToThePolls got ya covered!\n\nPizza to the Polls\u2026", "id": 1059853411032686594}, {"created_at": "Tue Nov 06 17:01:56 +0000 2018", "text": "RT @tweetmommybop: Let\u2019s encourage our fellow Americans to stay and vote. Wanna send them a pizza? Send some dough to  @PizzaToThePolls htt\u2026", "id": 1059853402627362816}, {"created_at": "Tue Nov 06 17:01:49 +0000 2018", "text": "RT @Alyssa_Milano: Do you all know about @PizzaToThePolls? \n\nYou can donate to the fund at https://t.co/3bdV8hIS0a! \n\nAnd if you see hungry\u2026", "id": 1059853373363625984}, {"created_at": "Tue Nov 06 17:01:47 +0000 2018", "text": "RT @PizzaToThePolls: Help bring smiles to the faces of everyone hangning out at over-crowded polling places with a donation today \u27a1\ufe0f https:\u2026", "id": 1059853361598619648}, {"created_at": "Tue Nov 06 17:01:41 +0000 2018", "text": "RT @Coalminetweety: @croifaileas @tomreganWSB @wsbtv The thing is, long lines deter people and so does news of long lines.  We need volunte\u2026", "id": 1059853338248990720}, {"created_at": "Tue Nov 06 17:01:38 +0000 2018", "text": "I just donated to @pizzatothepolls! You can give today at https://t.co/RbexJDfR3P", "id": 1059853325007548418}, {"created_at": "Tue Nov 06 17:01:36 +0000 2018", "text": "RT @PizzaToThePolls: Pizza is on it's way, please let us know if there are still long lines!  You are amazing!", "id": 1059853316925149184}, {"created_at": "Tue Nov 06 17:01:36 +0000 2018", "text": "RT @PizzaToThePolls: Help bring smiles to the faces of everyone hangning out at over-crowded polling places with a donation today \u27a1\ufe0f https:\u2026", "id": 1059853314995744768}, {"created_at": "Tue Nov 06 17:01:30 +0000 2018", "text": "RT @RachelKasten: @shaunking Report the location to @PizzaToThePolls !!", "id": 1059853292958695424}, {"created_at": "Tue Nov 06 17:01:25 +0000 2018", "text": "@BethGoldHux Sounds like a job for @PizzaToThePolls!", "id": 1059853270137618432}, {"created_at": "Tue Nov 06 17:01:24 +0000 2018", "text": "RT @tweetmommybop: Let\u2019s encourage our fellow Americans to stay and vote. Wanna send them a pizza? Send some dough to  @PizzaToThePolls htt\u2026", "id": 1059853266492813312}, {"created_at": "Tue Nov 06 17:01:21 +0000 2018", "text": "@tweetmommybop @PizzaToThePolls Done!", "id": 1059853255260418048}, {"created_at": "Tue Nov 06 17:01:21 +0000 2018", "text": "@Alyssa_Milano @PizzaToThePolls reports of long lines and hours of wait time in ATL, other places in GA.", "id": 1059853252949405696}, {"created_at": "Tue Nov 06 17:01:18 +0000 2018", "text": "RT @Alyssa_Milano: Do you all know about @PizzaToThePolls? \n\nYou can donate to the fund at https://t.co/3bdV8hIS0a! \n\nAnd if you see hungry\u2026", "id": 1059853241649979398}, {"created_at": "Tue Nov 06 17:01:17 +0000 2018", "text": "RT @WaywardWinifred: If the lines are long and the functioning machines are few, tweet to @PizzaToThePolls and get pizzas sent over asap.", "id": 1059853238969655296}, {"created_at": "Tue Nov 06 17:01:16 +0000 2018", "text": "@PizzaToThePolls https://t.co/JNUo12wrVy", "id": 1059853234532171776}, {"created_at": "Tue Nov 06 17:01:15 +0000 2018", "text": "RT @PizzaToThePolls: Checking our list (twice) but we hear lines aren't nice at 78117 La Crosse Ave, Austin, TX 78739, USA\n\n\u2002\u2002\u2002\u2002\ud83c\udf55\n\u2002\u2002\u2002\u2002\ud83c\udf84\u2026", "id": 1059853230673481730}, {"created_at": "Tue Nov 06 17:01:14 +0000 2018", "text": "RT @PizzaToThePolls: Hearing about a line at 70 Ocean Pkwy, Brooklyn, NY 11218, USA\n\nvia https://t.co/z2XN2M5Uu7", "id": 1059853223744409601}, {"created_at": "Tue Nov 06 17:01:13 +0000 2018", "text": "RT @BamaWing05: @PizzaToThePolls @fkaburns @tomreganWSB @tomreganWSB can you tell them the location so we can get some pizza to these peopl\u2026", "id": 1059853220535767050}, {"created_at": "Tue Nov 06 17:01:12 +0000 2018", "text": "RT @tweetmommybop: Let\u2019s encourage our fellow Americans to stay and vote. Wanna send them a pizza? Send some dough to  @PizzaToThePolls htt\u2026", "id": 1059853217310392320}, {"created_at": "Tue Nov 06 17:01:11 +0000 2018", "text": "RT @caseymschmidt: @PizzaToThePolls @fkaburns @tomreganWSB You are both amazing!", "id": 1059853211731927052}, {"created_at": "Tue Nov 06 17:01:10 +0000 2018", "text": "RT @Alyssa_Milano: Do you all know about @PizzaToThePolls? \n\nYou can donate to the fund at https://t.co/3bdV8hIS0a! \n\nAnd if you see hungry\u2026", "id": 1059853205666963457}, {"created_at": "Tue Nov 06 17:01:09 +0000 2018", "text": "RT @PizzaToThePolls: Checking our list (twice) but we hear lines aren't nice at 1599 Wharton St, Philadelphia, PA 19146, USA\n\n\u2002\u2002\u2002\u2002\ud83c\udf55\n\u2002\u2002\u2002\u2002\ud83c\udf84\u2026", "id": 1059853203322400768}, {"created_at": "Tue Nov 06 17:01:08 +0000 2018", "text": "RT @Alyssa_Milano: Do you all know about @PizzaToThePolls? \n\nYou can donate to the fund at https://t.co/3bdV8hIS0a! \n\nAnd if you see hungry\u2026", "id": 1059853200696590336}, {"created_at": "Tue Nov 06 17:01:03 +0000 2018", "text": "RT @PizzaToThePolls: @fkaburns @tomreganWSB Do you know the exact location?  Thank you, you are amazing!", "id": 1059853177086980096}, {"created_at": "Tue Nov 06 17:01:00 +0000 2018", "text": "RT @PizzaToThePolls: Investigating reports at 520 N Kingsbury St, Chicago, IL 60654, USA\n\nvia https://t.co/Fcwk62on0U", "id": 1059853166639017984}, {"created_at": "Tue Nov 06 17:00:56 +0000 2018", "text": "@Alyssa_Milano @PizzaToThePolls I'm a little dubious of the fact that there have been very few very recent deliveri\u2026 https://t.co/4h69PagRHo", "id": 1059853150650273793}, {"created_at": "Tue Nov 06 17:00:54 +0000 2018", "text": "RT @PizzaToThePolls: Happy voting everyone!! Here\u2019s hoping your voting journey is quick and easy today but if you get stuck in line, we\u2019re\u2026", "id": 1059853139740946432}, {"created_at": "Tue Nov 06 17:00:53 +0000 2018", "text": "RT @AnabelaALiv: @ananavarro @PizzaToThePolls wants to hear about those long lines. After they do, a free pizza is sent over. It\u2019s a win wi\u2026", "id": 1059853137698123776}, {"created_at": "Tue Nov 06 17:00:50 +0000 2018", "text": "I just donated to @pizzatothepolls! You can give today at https://t.co/bRGo5GeLuG", "id": 1059853125022969856}, {"created_at": "Tue Nov 06 17:00:48 +0000 2018", "text": "RT @Alyssa_Milano: Do you all know about @PizzaToThePolls? \n\nYou can donate to the fund at https://t.co/3bdV8hIS0a! \n\nAnd if you see hungry\u2026", "id": 1059853114369548290}, {"created_at": "Tue Nov 06 17:00:41 +0000 2018", "text": ".@pizzatothepolls \u2b05\ufe0e https://t.co/hVGMduJsXw", "id": 1059853087886594048}, {"created_at": "Tue Nov 06 17:00:41 +0000 2018", "text": "I just donated to @pizzatothepolls! You can give today at https://t.co/I8vCXsWpLu Great idea.  These guys send pizz\u2026 https://t.co/UyopxONLiR", "id": 1059853084480954374}, {"created_at": "Tue Nov 06 17:00:36 +0000 2018", "text": "@PizzaToThePolls PLEASE \ud83d\udc47\ud83c\udffd\ud83d\udc47\ud83c\udffd\ud83d\udc47\ud83c\udffd https://t.co/GgmdV0I3U9", "id": 1059853066210557958}, {"created_at": "Tue Nov 06 17:00:36 +0000 2018", "text": "RT @Alyssa_Milano: Do you all know about @PizzaToThePolls? \n\nYou can donate to the fund at https://t.co/3bdV8hIS0a! \n\nAnd if you see hungry\u2026", "id": 1059853063312343041}, {"created_at": "Tue Nov 06 17:00:34 +0000 2018", "text": "RT @PizzaToThePolls: |\uffe3\uffe3\uffe3\uffe3\uffe3\uffe3|\n|  Pizza            |\n|   FOR             |\n|   2295 Marietta Rd NW, Atlanta, GA 30318, USA\n| \uff3f\uff3f\uff3f\uff3f\uff3f__| \n(\\__/\u2026", "id": 1059853055032619008}, {"created_at": "Tue Nov 06 17:00:33 +0000 2018", "text": "@Alyssa_Milano @PizzaToThePolls Lol, I hope it rains!! Lol", "id": 1059853052528738304}, {"created_at": "Tue Nov 06 17:00:32 +0000 2018", "text": "RT @PizzaToThePolls: Checking our list (twice) but we hear lines aren't nice at 1599 Wharton St, Philadelphia, PA 19146, USA\n\n\u2002\u2002\u2002\u2002\ud83c\udf55\n\u2002\u2002\u2002\u2002\ud83c\udf84\u2026", "id": 1059853049357787136}, {"created_at": "Tue Nov 06 17:00:25 +0000 2018", "text": "RT @ChazReddBear: @SoulStealer25 @LuminaFortin @PressSec Hungry while standing in long lines to vote today? @PizzaToThePolls got ya covered\u2026", "id": 1059853020903682051}, {"created_at": "Tue Nov 06 17:00:22 +0000 2018", "text": "RT @PizzaToThePolls: Somebody told us they might need pizzas at 750 Classon Ave, Brooklyn, NY 11238, USA \n\nvia https://t.co/kYNBswPn7A", "id": 1059853007586820096}, {"created_at": "Tue Nov 06 17:00:21 +0000 2018", "text": "@Lizerenity @PizzaToThePolls Perfect!! Let\u2019s keep more dough coming!", "id": 1059853003900051456}, {"created_at": "Tue Nov 06 17:00:21 +0000 2018", "text": "RT @Alyssa_Milano: Do you all know about @PizzaToThePolls? \n\nYou can donate to the fund at https://t.co/3bdV8hIS0a! \n\nAnd if you see hungry\u2026", "id": 1059853002583035905}, {"created_at": "Tue Nov 06 17:00:19 +0000 2018", "text": "RT @halfmoth: I just donated to @pizzatothepolls! You can give today at https://t.co/0ALeyiOk6i  Several polling places in our Gwinnett cou\u2026", "id": 1059852994437509120}, {"created_at": "Tue Nov 06 17:00:16 +0000 2018", "text": "RT @LeslieLKB: @jennhsu @WNYC I hope they can come back. Can you pass along? If folks are hungry, and need help or a little happiness to en\u2026", "id": 1059852981183475715}, {"created_at": "Tue Nov 06 17:00:15 +0000 2018", "text": "RT @JROstergaard: Lines are long &amp; voters are hungry. So I just donated to @pizzatothepolls! You can give today at https://t.co/1lmGDXwacz", "id": 1059852975324180483}, {"created_at": "Tue Nov 06 17:00:14 +0000 2018", "text": "@RozzaKat13 @Superactrices @Alyssa_Milano @PizzaToThePolls The United States does not have an official language. Educate yourself.", "id": 1059852974653091841}, {"created_at": "Tue Nov 06 17:00:12 +0000 2018", "text": "RT @PizzaToThePolls: Somebody told us they might need pizzas at 750 Classon Ave, Brooklyn, NY 11238, USA \n\nvia https://t.co/kYNBswPn7A", "id": 1059852966415425536}, {"created_at": "Tue Nov 06 17:00:09 +0000 2018", "text": "RT @JROstergaard: Lines are long &amp; voters are hungry. So I just donated to @pizzatothepolls! You can give today at https://t.co/1lmGDXwacz", "id": 1059852950615535616}, {"created_at": "Tue Nov 06 17:00:08 +0000 2018", "text": "I just donated to @pizzatothepolls!  Another cool tool to help maintain voter enthusiasm. \nYou can give today at https://t.co/NJz01W9jmO", "id": 1059852947708936193}, {"created_at": "Tue Nov 06 17:00:07 +0000 2018", "text": "@PizzaToThePolls 45 min! Not as bad as I thought! And thanks for what you guys are doing!", "id": 1059852942482853888}, {"created_at": "Tue Nov 06 17:00:05 +0000 2018", "text": "RT @Alyssa_Milano: Do you all know about @PizzaToThePolls? \n\nYou can donate to the fund at https://t.co/3bdV8hIS0a! \n\nAnd if you see hungry\u2026", "id": 1059852936237342720}, {"created_at": "Tue Nov 06 17:00:03 +0000 2018", "text": "@JoeHeim @shaunking What location? Send them pizza! @PizzaToThePolls", "id": 1059852928415088640}, {"created_at": "Tue Nov 06 17:00:01 +0000 2018", "text": "RT @PizzaToThePolls: We sure do! All we need is an address and picture of the line. Reports can also be made at https://t.co/occwLt8XVy. ht\u2026", "id": 1059852918059339777}]