[{"created_at": "Tue Nov 06 14:06:56 +0000 2018", "text": "RT @PizzaToThePolls: We sure do! All we need is an address and picture of the line. Reports can also be made at https://t.co/occwLt8XVy. ht\u2026", "id": 1059809361206353920}, {"created_at": "Tue Nov 06 14:06:46 +0000 2018", "text": "I just donated to @pizzatothepolls! You can give today at https://t.co/RSVmUVZcSN", "id": 1059809320315965440}, {"created_at": "Tue Nov 06 14:06:40 +0000 2018", "text": "RT @shannonrwatts: It\u2019s voting day. Please don\u2019t tweet or RT rumors. Only RT official orgs. Call 866-OUR-VOTE to report verified issues.\u2026", "id": 1059809293644386307}, {"created_at": "Tue Nov 06 14:06:37 +0000 2018", "text": "I just donated to @pizzatothepolls! You can give today at https://t.co/7YRp3AitNn", "id": 1059809278733795332}, {"created_at": "Tue Nov 06 14:06:28 +0000 2018", "text": "RT @girlsreallyrule: If you are in a long line today, don't leave...ORDER PIZZA! @PizzaToThePolls will take your order and deliver pizza to\u2026", "id": 1059809244965470208}, {"created_at": "Tue Nov 06 14:06:23 +0000 2018", "text": "RT @girlsreallyrule: If you are in a long line today, don't leave...ORDER PIZZA! @PizzaToThePolls will take your order and deliver pizza to\u2026", "id": 1059809221695307779}, {"created_at": "Tue Nov 06 14:06:19 +0000 2018", "text": "RT @shannonrwatts: It\u2019s voting day. Please don\u2019t tweet or RT rumors. Only RT official orgs. Call 866-OUR-VOTE to report verified issues.\u2026", "id": 1059809206235086849}, {"created_at": "Tue Nov 06 14:06:18 +0000 2018", "text": "@heyfeifer @PizzaToThePolls \ud83d\ude4c\ud83c\udf55", "id": 1059809203064373251}, {"created_at": "Tue Nov 06 14:06:04 +0000 2018", "text": "RT @AEAPresident: It\u2019s voting day! Pro tips for responsible grownups: 1) Please don\u2019t tweet or RT polling place rumors. Only RT official or\u2026", "id": 1059809140615364608}, {"created_at": "Tue Nov 06 14:06:00 +0000 2018", "text": "RT @TRLangton: @theresa_beer @pattigandolfini @MattGertz @thegarance @PizzaToThePolls Canadian here, same thing. 5 minutes max", "id": 1059809125356302337}, {"created_at": "Tue Nov 06 14:05:56 +0000 2018", "text": "RT @theresa_beer: @pattigandolfini @MattGertz @thegarance @PizzaToThePolls That something like that has to exist amazes me. I'm German and\u2026", "id": 1059809109195743233}, {"created_at": "Tue Nov 06 14:05:55 +0000 2018", "text": "RT @girlsreallyrule: If you are in a long line today, don't leave...ORDER PIZZA! @PizzaToThePolls will take your order and deliver pizza to\u2026", "id": 1059809104032604161}, {"created_at": "Tue Nov 06 14:05:54 +0000 2018", "text": "RT @kazweida: That looks like a LONG line. And it\u2019s never too early for pizza.\n\nStay in line, voters. We\u2019ll send in the reinforcements.\n@Pi\u2026", "id": 1059809102157832192}, {"created_at": "Tue Nov 06 14:05:54 +0000 2018", "text": "RT @PizzaToThePolls: Happy voting everyone!! Here\u2019s hoping your voting journey is quick and easy today but if you get stuck in line, we\u2019re\u2026", "id": 1059809100840734720}, {"created_at": "Tue Nov 06 14:05:30 +0000 2018", "text": "RT @kazweida: Hey, Missouri- be prepared! Stay in line.\n\nMaybe send some lunch later @PizzaToThePolls \nWe got you, voters!\n\n#WaveCast #Wave\u2026", "id": 1059808998050926592}, {"created_at": "Tue Nov 06 14:05:27 +0000 2018", "text": "RT @PizzaToThePolls: Help bring smiles to the faces of everyone hangning out at over-crowded polling places with a donation today \u27a1\ufe0f https:\u2026", "id": 1059808986810212352}, {"created_at": "Tue Nov 06 14:05:20 +0000 2018", "text": "RT @girlsreallyrule: If you are in a long line today, don't leave...ORDER PIZZA! @PizzaToThePolls will take your order and deliver pizza to\u2026", "id": 1059808957357871104}, {"created_at": "Tue Nov 06 14:05:17 +0000 2018", "text": "RT @SueinRockville: @Politidope #ElectionDay \nMUST RT to all Voters\nLong lines-you have water but now you're hungry?\n@PizzaToThePolls to th\u2026", "id": 1059808943768326144}, {"created_at": "Tue Nov 06 14:05:10 +0000 2018", "text": "RT @teresa_atHome: @ChocoHarveyMilk @TheLoyalO @KidCasteel @AllensOpEd @SnowBiAuthor @joncoopertweets @NWPinPDX @CyrusToulabi @MatthewWolff\u2026", "id": 1059808914328379392}, {"created_at": "Tue Nov 06 14:05:05 +0000 2018", "text": "RT @MizKit2: @Im_TheAntiTrump It's free! \u2b07\n@PizzaToThePolls \ud83e\udd17", "id": 1059808894707482624}, {"created_at": "Tue Nov 06 14:05:02 +0000 2018", "text": "It\u2019s voting day! Pro tips for responsible grownups: 1) Please don\u2019t tweet or RT polling place rumors. Only RT offic\u2026 https://t.co/QEZO48UIef", "id": 1059808882778931200}, {"created_at": "Tue Nov 06 14:04:57 +0000 2018", "text": "RT @kazweida: That looks like a LONG line. And it\u2019s never too early for pizza.\n\nStay in line, voters. We\u2019ll send in the reinforcements.\n@Pi\u2026", "id": 1059808862738378752}, {"created_at": "Tue Nov 06 14:04:52 +0000 2018", "text": "RT @kazweida: Hey, Missouri- be prepared! Stay in line.\n\nMaybe send some lunch later @PizzaToThePolls \nWe got you, voters!\n\n#WaveCast #Wave\u2026", "id": 1059808839644692480}, {"created_at": "Tue Nov 06 14:04:46 +0000 2018", "text": "RT @girlsreallyrule: If you are in a long line today, don't leave...ORDER PIZZA! @PizzaToThePolls will take your order and deliver pizza to\u2026", "id": 1059808817221943296}, {"created_at": "Tue Nov 06 14:04:36 +0000 2018", "text": "RT @PizzaToThePolls: Happy voting everyone!! Here\u2019s hoping your voting journey is quick and easy today but if you get stuck in line, we\u2019re\u2026", "id": 1059808775136272384}, {"created_at": "Tue Nov 06 14:04:33 +0000 2018", "text": "RT @PizzaToThePolls: We sure do! All we need is an address and picture of the line. Reports can also be made at https://t.co/occwLt8XVy. ht\u2026", "id": 1059808759919398912}, {"created_at": "Tue Nov 06 14:04:20 +0000 2018", "text": "@PizzaToThePolls @HashtagCMartin @metheridge @KansasDems You are awesome", "id": 1059808707838644224}, {"created_at": "Tue Nov 06 14:04:18 +0000 2018", "text": "RT @mansi_kat: @chescaleigh If you tweet at @PizzaToThePolls they\u2019ll bring pizza to folks waiting in line to vote!", "id": 1059808697160028161}, {"created_at": "Tue Nov 06 14:04:12 +0000 2018", "text": "@cameron_kasky Don\u2019t forget you can get @PizzaToThePolls", "id": 1059808671209684995}, {"created_at": "Tue Nov 06 14:04:07 +0000 2018", "text": "Donation link for @PizzaToThePolls \nhttps://t.co/grOvzFDaHX #waelex", "id": 1059808650435280896}, {"created_at": "Tue Nov 06 14:03:57 +0000 2018", "text": "RT @PizzaToThePolls: Happy voting everyone!! Here\u2019s hoping your voting journey is quick and easy today but if you get stuck in line, we\u2019re\u2026", "id": 1059808610040057857}, {"created_at": "Tue Nov 06 14:03:54 +0000 2018", "text": "RT @kazweida: That looks like a LONG line. And it\u2019s never too early for pizza.\n\nStay in line, voters. We\u2019ll send in the reinforcements.\n@Pi\u2026", "id": 1059808598363201543}, {"created_at": "Tue Nov 06 14:03:53 +0000 2018", "text": "RT @shannonrwatts: It\u2019s voting day. Please don\u2019t tweet or RT rumors. Only RT official orgs. Call 866-OUR-VOTE to report verified issues.\u2026", "id": 1059808593514504192}, {"created_at": "Tue Nov 06 14:03:52 +0000 2018", "text": "RT @PizzaToThePolls: Kicking the morning off! https://t.co/VNDmE96Mj1", "id": 1059808589089402881}, {"created_at": "Tue Nov 06 14:03:45 +0000 2018", "text": "RT @woodyandwilcox: If you're in line to #vote and need a bite...Get to @PizzaToThePolls and they will hook you up!  Or the people working\u2026", "id": 1059808559557496833}, {"created_at": "Tue Nov 06 14:03:44 +0000 2018", "text": "RT @shannonrwatts: It\u2019s voting day. Please don\u2019t tweet or RT rumors. Only RT official orgs. Call 866-OUR-VOTE to report verified issues.\u2026", "id": 1059808553240875008}, {"created_at": "Tue Nov 06 14:03:36 +0000 2018", "text": "RT @kazweida: That looks like a LONG line. And it\u2019s never too early for pizza.\n\nStay in line, voters. We\u2019ll send in the reinforcements.\n@Pi\u2026", "id": 1059808521250836480}, {"created_at": "Tue Nov 06 14:03:32 +0000 2018", "text": "RT @SueinRockville: #ElectionDay \nMUST RT to all Voters\nLong lines-you have water but now you're hungry?\n@PizzaToThePolls to the rescue!\nAl\u2026", "id": 1059808506566578177}, {"created_at": "Tue Nov 06 14:03:32 +0000 2018", "text": "RT @PizzaToThePolls: Happy voting everyone!! Here\u2019s hoping your voting journey is quick and easy today but if you get stuck in line, we\u2019re\u2026", "id": 1059808506172198914}, {"created_at": "Tue Nov 06 14:03:30 +0000 2018", "text": "RT @shannonrwatts: It\u2019s voting day. Please don\u2019t tweet or RT rumors. Only RT official orgs. Call 866-OUR-VOTE to report verified issues.\u2026", "id": 1059808498316443648}, {"created_at": "Tue Nov 06 14:03:27 +0000 2018", "text": "RT @SueinRockville: @AdamParkhomenko #ElectionDay \nMUST RT to all Voters\nLong lines-you have water but now you're hungry?\n@PizzaToThePolls\u2026", "id": 1059808484227727360}, {"created_at": "Tue Nov 06 14:03:26 +0000 2018", "text": "The lines will be long. Help voters stay til they vote! I just donated to @pizzatothepolls! You can give today at https://t.co/yps0XeGAcH", "id": 1059808481329311745}, {"created_at": "Tue Nov 06 14:03:22 +0000 2018", "text": "RT @shannonrwatts: It\u2019s voting day. Please don\u2019t tweet or RT rumors. Only RT official orgs. Call 866-OUR-VOTE to report verified issues.\u2026", "id": 1059808462203469824}, {"created_at": "Tue Nov 06 14:03:22 +0000 2018", "text": "RT @PizzaToThePolls: We sure do! All we need is an address and picture of the line. Reports can also be made at https://t.co/occwLt8XVy. ht\u2026", "id": 1059808462027272192}, {"created_at": "Tue Nov 06 14:03:08 +0000 2018", "text": "RT @shannonrwatts: It\u2019s voting day. Please don\u2019t tweet or RT rumors. Only RT official orgs. Call 866-OUR-VOTE to report verified issues.\u2026", "id": 1059808405974593536}, {"created_at": "Tue Nov 06 14:03:08 +0000 2018", "text": "RT @shannonrwatts: It\u2019s voting day. Please don\u2019t tweet or RT rumors. Only RT official orgs. Call 866-OUR-VOTE to report verified issues.\u2026", "id": 1059808405634854912}, {"created_at": "Tue Nov 06 14:03:08 +0000 2018", "text": "RT @girlsreallyrule: If you are in a long line today, don't leave...ORDER PIZZA! @PizzaToThePolls will take your order and deliver pizza to\u2026", "id": 1059808405194457095}, {"created_at": "Tue Nov 06 14:02:55 +0000 2018", "text": "RT @kazweida: Hey, Missouri- be prepared! Stay in line.\n\nMaybe send some lunch later @PizzaToThePolls \nWe got you, voters!\n\n#WaveCast #Wave\u2026", "id": 1059808348915355653}, {"created_at": "Tue Nov 06 14:02:54 +0000 2018", "text": "RT @shannonrwatts: It\u2019s voting day. Please don\u2019t tweet or RT rumors. Only RT official orgs. Call 866-OUR-VOTE to report verified issues.\u2026", "id": 1059808347384397825}, {"created_at": "Tue Nov 06 14:02:47 +0000 2018", "text": "RT @kazweida: That looks like a LONG line. And it\u2019s never too early for pizza.\n\nStay in line, voters. We\u2019ll send in the reinforcements.\n@Pi\u2026", "id": 1059808315754967040}, {"created_at": "Tue Nov 06 14:02:46 +0000 2018", "text": "RT @PizzaToThePolls: We sure do! All we need is an address and picture of the line. Reports can also be made at https://t.co/occwLt8XVy. ht\u2026", "id": 1059808310419996672}, {"created_at": "Tue Nov 06 14:02:45 +0000 2018", "text": "RT @mansi_kat: @chescaleigh If you tweet at @PizzaToThePolls they\u2019ll bring pizza to folks waiting in line to vote!", "id": 1059808308201046018}, {"created_at": "Tue Nov 06 14:02:44 +0000 2018", "text": "RT @kazweida: That looks like a LONG line. And it\u2019s never too early for pizza.\n\nStay in line, voters. We\u2019ll send in the reinforcements.\n@Pi\u2026", "id": 1059808302211743744}, {"created_at": "Tue Nov 06 14:02:40 +0000 2018", "text": "RT @girlsreallyrule: If you are in a long line today, don't leave...ORDER PIZZA! @PizzaToThePolls will take your order and deliver pizza to\u2026", "id": 1059808286919159808}, {"created_at": "Tue Nov 06 14:02:36 +0000 2018", "text": "RT @tweetmommybop: . @PizzaToThePolls  you can send pizza to the polls!! What a great way to feed those waiting in long lines after working\u2026", "id": 1059808269525377024}, {"created_at": "Tue Nov 06 14:02:36 +0000 2018", "text": "RT @shannonrwatts: It\u2019s voting day. Please don\u2019t tweet or RT rumors. Only RT official orgs. Call 866-OUR-VOTE to report verified issues.\u2026", "id": 1059808268950925313}, {"created_at": "Tue Nov 06 14:02:36 +0000 2018", "text": "RT @PizzaToThePolls: Help bring smiles to the faces of everyone hangning out at over-crowded polling places with a donation today \u27a1\ufe0f https:\u2026", "id": 1059808268086886400}, {"created_at": "Tue Nov 06 14:02:25 +0000 2018", "text": "RT @shannonrwatts: It\u2019s voting day. Please don\u2019t tweet or RT rumors. Only RT official orgs. Call 866-OUR-VOTE to report verified issues.\u2026", "id": 1059808222100574211}, {"created_at": "Tue Nov 06 14:02:14 +0000 2018", "text": "RT @teresa_atHome: @ChocoHarveyMilk @TheLoyalO @KidCasteel @AllensOpEd @SnowBiAuthor @joncoopertweets @NWPinPDX @CyrusToulabi @MatthewWolff\u2026", "id": 1059808178580283393}, {"created_at": "Tue Nov 06 14:02:10 +0000 2018", "text": "RT @tweetmommybop: . @PizzaToThePolls  you can send pizza to the polls!! What a great way to feed those waiting in long lines after working\u2026", "id": 1059808160494567424}, {"created_at": "Tue Nov 06 14:01:59 +0000 2018", "text": "RT @shannonrwatts: It\u2019s voting day. Please don\u2019t tweet or RT rumors. Only RT official orgs. Call 866-OUR-VOTE to report verified issues.\u2026", "id": 1059808115556786176}, {"created_at": "Tue Nov 06 14:01:53 +0000 2018", "text": "RT @teresa_atHome: @ChocoHarveyMilk @TheLoyalO @KidCasteel @AllensOpEd @SnowBiAuthor @joncoopertweets @NWPinPDX @CyrusToulabi @MatthewWolff\u2026", "id": 1059808088696516609}, {"created_at": "Tue Nov 06 14:01:51 +0000 2018", "text": "RT @girlsreallyrule: If you are in a long line today, don't leave...ORDER PIZZA! @PizzaToThePolls will take your order and deliver pizza to\u2026", "id": 1059808080328822784}, {"created_at": "Tue Nov 06 14:01:34 +0000 2018", "text": "RT @girlsreallyrule: If you are in a long line today, don't leave...ORDER PIZZA! @PizzaToThePolls will take your order and deliver pizza to\u2026", "id": 1059808010795712512}, {"created_at": "Tue Nov 06 14:01:25 +0000 2018", "text": "RT @girlsreallyrule: If you are in a long line today, don't leave...ORDER PIZZA! @PizzaToThePolls will take your order and deliver pizza to\u2026", "id": 1059807972040175616}, {"created_at": "Tue Nov 06 14:01:15 +0000 2018", "text": "RT @GMA: Getting out the vote - #ElectionDay angels are getting creative to get others to the polls! @PizzaToThePolls is sending free pizza\u2026", "id": 1059807928180506624}, {"created_at": "Tue Nov 06 14:01:13 +0000 2018", "text": "RT @tweetmommybop: . @PizzaToThePolls  you can send pizza to the polls!! What a great way to feed those waiting in long lines after working\u2026", "id": 1059807920093908992}, {"created_at": "Tue Nov 06 14:01:04 +0000 2018", "text": "RT @shannonrwatts: It\u2019s voting day. Please don\u2019t tweet or RT rumors. Only RT official orgs. Call 866-OUR-VOTE to report verified issues.\u2026", "id": 1059807885427990534}, {"created_at": "Tue Nov 06 14:01:01 +0000 2018", "text": "RT @PizzaToThePolls: Happy voting everyone!! Here\u2019s hoping your voting journey is quick and easy today but if you get stuck in line, we\u2019re\u2026", "id": 1059807873545338882}, {"created_at": "Tue Nov 06 14:00:59 +0000 2018", "text": "RT @kazweida: Hey, Missouri- be prepared! Stay in line.\n\nMaybe send some lunch later @PizzaToThePolls \nWe got you, voters!\n\n#WaveCast #Wave\u2026", "id": 1059807864179564544}, {"created_at": "Tue Nov 06 14:00:47 +0000 2018", "text": "RT @PizzaToThePolls: Happy voting everyone!! Here\u2019s hoping your voting journey is quick and easy today but if you get stuck in line, we\u2019re\u2026", "id": 1059807814103773186}, {"created_at": "Tue Nov 06 14:00:40 +0000 2018", "text": "RT @shannonrwatts: It\u2019s voting day. Please don\u2019t tweet or RT rumors. Only RT official orgs. Call 866-OUR-VOTE to report verified issues.\u2026", "id": 1059807781501460482}, {"created_at": "Tue Nov 06 14:00:39 +0000 2018", "text": "RT @PizzaToThePolls: Happy voting everyone!! Here\u2019s hoping your voting journey is quick and easy today but if you get stuck in line, we\u2019re\u2026", "id": 1059807778146054145}, {"created_at": "Tue Nov 06 14:00:36 +0000 2018", "text": "RT @PizzaToThePolls: Kicking the morning off! https://t.co/VNDmE96Mj1", "id": 1059807764560543744}, {"created_at": "Tue Nov 06 14:00:33 +0000 2018", "text": "RT @PizzaToThePolls: We sure do! All we need is an address and picture of the line. Reports can also be made at https://t.co/occwLt8XVy. ht\u2026", "id": 1059807755077386242}, {"created_at": "Tue Nov 06 14:00:33 +0000 2018", "text": "If you're in a really line to vote, take a picture of the line and send it with the polling place's address to\u2026 https://t.co/Z9bnBC1XPH", "id": 1059807752606961664}, {"created_at": "Tue Nov 06 14:00:27 +0000 2018", "text": "RT @PizzaToThePolls: Help bring smiles to the faces of everyone hangning out at over-crowded polling places with a donation today \u27a1\ufe0f https:\u2026", "id": 1059807728732794880}, {"created_at": "Tue Nov 06 14:00:26 +0000 2018", "text": "RT @girlsreallyrule: If you are in a long line today, don't leave...ORDER PIZZA! @PizzaToThePolls will take your order and deliver pizza to\u2026", "id": 1059807724047884288}, {"created_at": "Tue Nov 06 14:00:24 +0000 2018", "text": "RT @PizzaToThePolls: We sure do! All we need is an address and picture of the line. Reports can also be made at https://t.co/occwLt8XVy. ht\u2026", "id": 1059807715424378880}, {"created_at": "Tue Nov 06 14:00:23 +0000 2018", "text": "@Im_TheAntiTrump It's free! \u2b07\n@PizzaToThePolls \ud83e\udd17", "id": 1059807711234125826}, {"created_at": "Tue Nov 06 14:00:13 +0000 2018", "text": "RT @GMA: Getting out the vote - #ElectionDay angels are getting creative to get others to the polls! @PizzaToThePolls is sending free pizza\u2026", "id": 1059807670008340480}, {"created_at": "Tue Nov 06 14:00:02 +0000 2018", "text": "RT @kazweida: That looks like a LONG line. And it\u2019s never too early for pizza.\n\nStay in line, voters. We\u2019ll send in the reinforcements.\n@Pi\u2026", "id": 1059807622495330304}, {"created_at": "Tue Nov 06 14:00:01 +0000 2018", "text": "RT @kazweida: That looks like a LONG line. And it\u2019s never too early for pizza.\n\nStay in line, voters. We\u2019ll send in the reinforcements.\n@Pi\u2026", "id": 1059807620679249920}]