[{"created_at": "Tue Nov 06 16:29:07 +0000 2018", "text": "Long line at the polls? Tweet @PizzaToThePolls for free pizza...pretty sweet deal \ud83c\udf55 https://t.co/OLAaDy9a4F", "id": 1059845144177008640}, {"created_at": "Tue Nov 06 16:28:56 +0000 2018", "text": "RT @The_Lady_Red: @DiannaO5t @jennhsu @WNYC I hope they can come back. Can you pass along? If folks are hungry, and need help or a little h\u2026", "id": 1059845097032966149}, {"created_at": "Tue Nov 06 16:28:53 +0000 2018", "text": "RT @PizzaToThePolls: .    \ud83e\udd20\n    \ud83c\udf55\ud83c\udf55\ud83c\udf55\n   \ud83d\udc47 \ud83c\udf55 \ud83d\udc47\n  \u3000 \ud83c\udf55 \ud83c\udf55\n\u3000  \ud83c\udf55\u3000 \ud83c\udf55\n\u3000  \ud83d\udc62   \ud83d\udc62\nhowdy I'm the pizza sheriff - sending 20 pizzas now", "id": 1059845081409060864}, {"created_at": "Tue Nov 06 16:28:45 +0000 2018", "text": "@jleslie11alive Sorry I didn\u2019t. I just coordinated the postmates delivery for @PizzaToThePolls", "id": 1059845048655798277}, {"created_at": "Tue Nov 06 16:28:27 +0000 2018", "text": "RT @melissacwalker: If you see reports of long lines, quote-tweet to @pizzatothepolls and they will get pizza there promptly.", "id": 1059844974362034176}, {"created_at": "Tue Nov 06 16:28:27 +0000 2018", "text": "RT @girlsreallyrule: If you are in a long line today, don't leave...ORDER PIZZA! @PizzaToThePolls will take your order and deliver pizza to\u2026", "id": 1059844974345256961}, {"created_at": "Tue Nov 06 16:28:24 +0000 2018", "text": "RT @PizzaToThePolls: Reminder: Please please send those long line reports through https://t.co/TAZOXotnXL. Twitter is super hard to keep up\u2026", "id": 1059844962043420673}, {"created_at": "Tue Nov 06 16:28:22 +0000 2018", "text": "@experimatt @PizzaToThePolls This is amazing.", "id": 1059844955315863552}, {"created_at": "Tue Nov 06 16:28:21 +0000 2018", "text": "RT @melissacwalker: If you see reports of long lines, quote-tweet to @pizzatothepolls and they will get pizza there promptly.", "id": 1059844948642721792}, {"created_at": "Tue Nov 06 16:28:17 +0000 2018", "text": "RT @PizzaToThePolls: And remember: not all problems at polling places can be solved by pizza. If you have any other issues hit up 866-OUR-V\u2026", "id": 1059844932611977216}, {"created_at": "Tue Nov 06 16:28:05 +0000 2018", "text": "#ElectionDay Excellence!\n\nIf you're out and about, whether voting or helping with the elections, as I'll be doing t\u2026 https://t.co/c3gPXwzIxq", "id": 1059844880690606080}, {"created_at": "Tue Nov 06 16:27:53 +0000 2018", "text": "RT @PizzaToThePolls: Help bring smiles to the faces of everyone hangning out at over-crowded polling places with a donation today \u27a1\ufe0f https:\u2026", "id": 1059844833290801152}, {"created_at": "Tue Nov 06 16:27:50 +0000 2018", "text": "RT @PizzaToThePolls: Reminder: Please please send those long line reports through https://t.co/TAZOXotnXL. Twitter is super hard to keep up\u2026", "id": 1059844817482465280}, {"created_at": "Tue Nov 06 16:27:42 +0000 2018", "text": "RT @PizzaToThePolls: Reminder: Please please send those long line reports through https://t.co/TAZOXotnXL. Twitter is super hard to keep up\u2026", "id": 1059844784691515395}, {"created_at": "Tue Nov 06 16:27:38 +0000 2018", "text": "@lkherman .@PizzaToThePolls will deliver pizza to your #PollingPlace on #ElectionDay \nAll they need is an address &amp;\u2026 https://t.co/Lg9LCCTZI5", "id": 1059844770011406336}, {"created_at": "Tue Nov 06 16:27:27 +0000 2018", "text": "RT @PizzaToThePolls: oh 3300 Rosewood Dr, Columbia, SC 29205, USA's hungry?\n\n\ud83c\udf55\ud83c\udf55 \u253b\u2501\u253b\ufe35 \\(\u00b0\u25a1\u00b0)/ \ufe35 \u253b\u2501\u253b  \ud83c\udf55\ud83c\udf55\n\nvia https://t.co/TBFECBOfq0", "id": 1059844722246725632}, {"created_at": "Tue Nov 06 16:27:26 +0000 2018", "text": "@Jessica01858452 @PizzaToThePolls \ud83d\ude02\ud83d\ude02", "id": 1059844719033765894}, {"created_at": "Tue Nov 06 16:27:24 +0000 2018", "text": "RT @PizzaToThePolls: Reminder: Please please send those long line reports through https://t.co/TAZOXotnXL. Twitter is super hard to keep up\u2026", "id": 1059844709307211776}, {"created_at": "Tue Nov 06 16:27:13 +0000 2018", "text": "Non-Americans, @PizzaToThePolls is a really easy way to do a little something to help our American friends today \u2764\ufe0f\u2026 https://t.co/wUEApKrPnj", "id": 1059844664151457792}, {"created_at": "Tue Nov 06 16:27:11 +0000 2018", "text": "Heads up @PizzaToThePolls https://t.co/06fm7hu6OX", "id": 1059844656312262656}, {"created_at": "Tue Nov 06 16:27:09 +0000 2018", "text": "RT @PizzaToThePolls: |\uffe3\uffe3\uffe3\uffe3\uffe3\uffe3|\n|  Pizza            |\n|   FOR             |\n|   1500 Fork Shoals Rd, Greenville, SC 29605, USA\n| \uff3f\uff3f\uff3f\uff3f\uff3f__| \n(\\\u2026", "id": 1059844648892592129}, {"created_at": "Tue Nov 06 16:26:48 +0000 2018", "text": "@PizzaToThePolls Guys I\u2019m almost inside I\u2019m glad everyone else will get some food but I\u2019ll be sad!", "id": 1059844559541129216}, {"created_at": "Tue Nov 06 16:26:46 +0000 2018", "text": "RT @PizzaToThePolls: |\uffe3\uffe3\uffe3\uffe3\uffe3\uffe3|\n|  Pizza            |\n|   FOR             |\n|   1500 Fork Shoals Rd, Greenville, SC 29605, USA\n| \uff3f\uff3f\uff3f\uff3f\uff3f__| \n(\\\u2026", "id": 1059844550498369536}, {"created_at": "Tue Nov 06 16:26:43 +0000 2018", "text": "RT @PizzaToThePolls: We sure do! All we need is an address and picture of the line. Reports can also be made at https://t.co/occwLt8XVy. ht\u2026", "id": 1059844538175504384}, {"created_at": "Tue Nov 06 16:26:37 +0000 2018", "text": "RT @girlsreallyrule: If you are in a long line today, don't leave...ORDER PIZZA! @PizzaToThePolls will take your order and deliver pizza to\u2026", "id": 1059844512175058945}, {"created_at": "Tue Nov 06 16:26:36 +0000 2018", "text": "@PizzaToThePolls Looks like Atlanta needs food. Just saw on cnn. People look bored. Send entertainers!", "id": 1059844507603132417}, {"created_at": "Tue Nov 06 16:26:35 +0000 2018", "text": "RT @PizzaToThePolls: Reminder: Please please send those long line reports through https://t.co/TAZOXotnXL. Twitter is super hard to keep up\u2026", "id": 1059844504797229056}, {"created_at": "Tue Nov 06 16:26:24 +0000 2018", "text": "@PizzaToThePolls I just heard about voters in Squirrel Hill in Pittsburgh waiting for emergency ballots with no ETA\u2026 https://t.co/9y2UdAEnNy", "id": 1059844457695195136}, {"created_at": "Tue Nov 06 16:26:17 +0000 2018", "text": "RT @melissacwalker: If you see reports of long lines, quote-tweet to @pizzatothepolls and they will get pizza there promptly.", "id": 1059844429672935424}, {"created_at": "Tue Nov 06 16:26:17 +0000 2018", "text": "RT @melissacwalker: If you see reports of long lines, quote-tweet to @pizzatothepolls and they will get pizza there promptly.", "id": 1059844427479425024}, {"created_at": "Tue Nov 06 16:26:14 +0000 2018", "text": "RT @melissacwalker: If you see reports of long lines, quote-tweet to @pizzatothepolls and they will get pizza there promptly.", "id": 1059844416091971584}, {"created_at": "Tue Nov 06 16:26:02 +0000 2018", "text": "RT @PizzaToThePolls: Help bring smiles to the faces of everyone hangning out at over-crowded polling places with a donation today \u27a1\ufe0f https:\u2026", "id": 1059844368100581376}, {"created_at": "Tue Nov 06 16:26:01 +0000 2018", "text": "RT @PizzaToThePolls: Gwinnett County apparently doesn't *do* pizza before 11am, so we've got 8 dozen donuts headed that way. https://t.co/W\u2026", "id": 1059844362568376322}, {"created_at": "Tue Nov 06 16:25:59 +0000 2018", "text": "@PizzaToThePolls hi! PS93 in Bed Stuy has a long ass line and hungry poll volunteers!", "id": 1059844351608713217}, {"created_at": "Tue Nov 06 16:25:59 +0000 2018", "text": "I just donated to @pizzatothepolls! You can give, too! Let's prevent hangry voters (we all make terrible decisions\u2026 https://t.co/hhLRa4gl3h", "id": 1059844351487021058}, {"created_at": "Tue Nov 06 16:25:47 +0000 2018", "text": "@CNN @PizzaToThePolls pls send them pizza!!!!!", "id": 1059844305194487815}, {"created_at": "Tue Nov 06 16:25:47 +0000 2018", "text": "RT @ChazReddBear: @JimCarrey Hungry while standing in long lines to vote today? @PizzaToThePolls got ya covered!\n\nPizza to the Polls will s\u2026", "id": 1059844304015900673}, {"created_at": "Tue Nov 06 16:25:45 +0000 2018", "text": "RT @PizzaToThePolls: Got a report of a line at\n\n163 W 97th St, New York, NY 10025, USA via https://t.co/ejs3ApuRCL", "id": 1059844294654201857}, {"created_at": "Tue Nov 06 16:25:45 +0000 2018", "text": "RT @LeslieLKB: @jennhsu @WNYC I hope they can come back. Can you pass along? If folks are hungry, and need help or a little happiness to en\u2026", "id": 1059844294570201088}, {"created_at": "Tue Nov 06 16:25:40 +0000 2018", "text": "RT @LeslieLKB: @sarahkendzior @Delavegalaw Tell him that if folks are hungry and it gets closer to lunch, and need help staying in line, he\u2026", "id": 1059844273242284032}, {"created_at": "Tue Nov 06 16:25:34 +0000 2018", "text": "@lisa_gurley Thanks for sticking with it! If folks are hungry, and need help or a little happiness to encourage the\u2026 https://t.co/SuiJ5J3Aru", "id": 1059844249552871426}, {"created_at": "Tue Nov 06 16:25:34 +0000 2018", "text": "@insertcleverid @jennhsu @WNYC @PizzaToThePolls If someone posts the addresses of these places, I\u2019d be happy to send some myself.", "id": 1059844247501893634}, {"created_at": "Tue Nov 06 16:25:30 +0000 2018", "text": "RT @melissacwalker: If you see reports of long lines, quote-tweet to @pizzatothepolls and they will get pizza there promptly.", "id": 1059844233111187457}, {"created_at": "Tue Nov 06 16:25:24 +0000 2018", "text": "RT @LinzDeFranco: If you can, donate a couple bucks to @PizzaToThePolls! They\u2019re out here being heroes and shit. https://t.co/nBPNvekHTn", "id": 1059844207903424512}, {"created_at": "Tue Nov 06 16:25:19 +0000 2018", "text": "@staceyabrams @ninaturner @GeorgiaDemocrat @PizzaToThePolls", "id": 1059844184561971200}, {"created_at": "Tue Nov 06 16:25:17 +0000 2018", "text": "RT @LeslieLKB: @jennhsu @WNYC I hope they can come back. Can you pass along? If folks are hungry, and need help or a little happiness to en\u2026", "id": 1059844176211259394}, {"created_at": "Tue Nov 06 16:25:14 +0000 2018", "text": "RT @melissacwalker: If you see reports of long lines, quote-tweet to @pizzatothepolls and they will get pizza there promptly.", "id": 1059844165343891456}, {"created_at": "Tue Nov 06 16:25:11 +0000 2018", "text": "@amariedauwer @PizzaToThePolls @RyanWPearson \ud83d\ude43Congratulations.  \nAshley what poling station was this?", "id": 1059844153872445440}, {"created_at": "Tue Nov 06 16:25:09 +0000 2018", "text": "@brycetache Hungry while standing in long lines to vote today? @PizzaToThePolls got ya covered!\n\nPizza to the Polls\u2026 https://t.co/GIs0Z8yTFI", "id": 1059844143428571138}, {"created_at": "Tue Nov 06 16:25:05 +0000 2018", "text": "RT @PizzaToThePolls: @mansi_kat @chescaleigh We will! Send us a picture of the line and an address and we'll get pies to hungry voters. or\u2026", "id": 1059844125397278720}, {"created_at": "Tue Nov 06 16:25:02 +0000 2018", "text": "RT @melissacwalker: If you see reports of long lines, quote-tweet to @pizzatothepolls and they will get pizza there promptly.", "id": 1059844115028983809}, {"created_at": "Tue Nov 06 16:25:00 +0000 2018", "text": "@tse20 @errollouis @Gothamist Don't forget to notify @PizzaToThePolls", "id": 1059844107219226625}, {"created_at": "Tue Nov 06 16:24:57 +0000 2018", "text": "I just donated to @pizzatothepolls! You can give today at https://t.co/1AsdKtrOG1", "id": 1059844094824996864}, {"created_at": "Tue Nov 06 16:24:55 +0000 2018", "text": "RT @LeslieLKB: @jennhsu @WNYC I hope they can come back. Can you pass along? If folks are hungry, and need help or a little happiness to en\u2026", "id": 1059844085161304065}, {"created_at": "Tue Nov 06 16:24:52 +0000 2018", "text": "RT @melissacwalker: If you see reports of long lines, quote-tweet to @pizzatothepolls and they will get pizza there promptly.", "id": 1059844071722762240}, {"created_at": "Tue Nov 06 16:24:49 +0000 2018", "text": "RT @PizzaToThePolls: Help bring smiles to the faces of everyone hangning out at over-crowded polling places with a donation today \u27a1\ufe0f https:\u2026", "id": 1059844060549017600}, {"created_at": "Tue Nov 06 16:24:46 +0000 2018", "text": "@Dalsimer @errollouis @Gothamist @WNYC Don't forget to notify @PizzaToThePolls", "id": 1059844046745751553}, {"created_at": "Tue Nov 06 16:24:41 +0000 2018", "text": "RT @PizzaToThePolls: And remember: not all problems at polling places can be solved by pizza. If you have any other issues hit up 866-OUR-V\u2026", "id": 1059844027795824640}, {"created_at": "Tue Nov 06 16:24:36 +0000 2018", "text": "RT @rob_bennett: *cough* @PizzaToThePolls *cough* https://t.co/bjccpMdgFx", "id": 1059844005410807808}, {"created_at": "Tue Nov 06 16:24:36 +0000 2018", "text": "@JimCarrey Hungry while standing in long lines to vote today? @PizzaToThePolls got ya covered!\n\nPizza to the Polls\u2026 https://t.co/gNGBZqRekL", "id": 1059844003447951360}, {"created_at": "Tue Nov 06 16:24:31 +0000 2018", "text": "I just donated to @pizzatothepolls! You can give today at https://t.co/R2xs4P1A2L", "id": 1059843983633874944}, {"created_at": "Tue Nov 06 16:24:30 +0000 2018", "text": "RT @sarahcolonna: If you are in a long voting line today, tweet @PizzaToThePolls and they\u2019ll bring pizza. How awesome is that?", "id": 1059843980798570496}, {"created_at": "Tue Nov 06 16:24:30 +0000 2018", "text": "@HolyCitySinner @PizzaToThePolls I was told I had 18 pies on the way half an hour ago. Dangerously close to missing\u2026 https://t.co/OnhyMYtlND", "id": 1059843980307914752}, {"created_at": "Tue Nov 06 16:24:26 +0000 2018", "text": "@AnneHeestand @errollouis @Gothamist Don't forget to notify @PizzaToThePolls", "id": 1059843962125598722}, {"created_at": "Tue Nov 06 16:24:25 +0000 2018", "text": "@thejohnstonsr @MareDoe @TRLangton @theresa_beer @pattigandolfini @MattGertz @thegarance @PizzaToThePolls Netherlan\u2026 https://t.co/Y1QIuT9FcW", "id": 1059843959797805056}, {"created_at": "Tue Nov 06 16:24:16 +0000 2018", "text": "*cough* @PizzaToThePolls *cough* https://t.co/bjccpMdgFx", "id": 1059843923609374720}, {"created_at": "Tue Nov 06 16:24:14 +0000 2018", "text": "RT @melissacwalker: If you see reports of long lines, quote-tweet to @pizzatothepolls and they will get pizza there promptly.", "id": 1059843913672994816}, {"created_at": "Tue Nov 06 16:24:11 +0000 2018", "text": "RT @PizzaToThePolls: Somebody told us they might need pizzas at 3150 Spain Rd, Snellville, GA 30039, USA \n\nvia https://t.co/sXtFCx96hZ", "id": 1059843900351885312}, {"created_at": "Tue Nov 06 16:24:05 +0000 2018", "text": "RT @melissacwalker: If you see reports of long lines, quote-tweet to @pizzatothepolls and they will get pizza there promptly.", "id": 1059843875932725249}, {"created_at": "Tue Nov 06 16:24:04 +0000 2018", "text": "RT @PizzaToThePolls: This is what it's all about folks https://t.co/m6SewDVX7E\n\nThanks to the thousands of people who've donated anywhere f\u2026", "id": 1059843873025875969}, {"created_at": "Tue Nov 06 16:24:01 +0000 2018", "text": "@Jayden_Price_ Thanks for sticking with it! If folks are hungry, and need help or a little happiness to encourage t\u2026 https://t.co/rNHxUjV22u", "id": 1059843859688181761}, {"created_at": "Tue Nov 06 16:24:00 +0000 2018", "text": "RT @Nanisimo: \"Si veis noticias de colas largas [en los colegios electorales], citar a @PizzaToThePolls y enviar\u00e1n pizza all\u00ed enseguida\".\u2026", "id": 1059843852385902594}, {"created_at": "Tue Nov 06 16:23:51 +0000 2018", "text": "@DiannaO5t @jennhsu @WNYC I hope they can come back. Can you pass along? If folks are hungry, and need help or a li\u2026 https://t.co/K2zUnmyqKr", "id": 1059843814691528705}, {"created_at": "Tue Nov 06 16:23:50 +0000 2018", "text": "@PizzaToThePolls need @PizzaToThePolls  at 100 Amsterdam Ave in NYC https://t.co/r59IBIl3cb", "id": 1059843812527345665}, {"created_at": "Tue Nov 06 16:23:49 +0000 2018", "text": "@thejohnstonsr @TRLangton @theresa_beer @pattigandolfini @MattGertz @thegarance @PizzaToThePolls Well you guys obvi\u2026 https://t.co/PRLJJywhbf", "id": 1059843807762702337}, {"created_at": "Tue Nov 06 16:23:43 +0000 2018", "text": "@sarahcolonna @PizzaToThePolls Can they also bring pizza to me for breakfast right now because I already voted and\u2026 https://t.co/8e5GbdJpgJ", "id": 1059843782684725248}, {"created_at": "Tue Nov 06 16:23:24 +0000 2018", "text": "\"Si veis noticias de colas largas [en los colegios electorales], citar a @PizzaToThePolls y enviar\u00e1n pizza all\u00ed ens\u2026 https://t.co/8JQMsnmoxo", "id": 1059843703953600512}, {"created_at": "Tue Nov 06 16:23:20 +0000 2018", "text": "@thejohnstonsr @MareDoe @TRLangton @theresa_beer @pattigandolfini @MattGertz @thegarance @PizzaToThePolls Man, America sucks", "id": 1059843688090624000}, {"created_at": "Tue Nov 06 16:23:14 +0000 2018", "text": "I just donated a few bucks to @pizzatothepolls! You can give today at https://t.co/vB9kbGFo2H", "id": 1059843661352132609}, {"created_at": "Tue Nov 06 16:23:12 +0000 2018", "text": "RT @PizzaToThePolls: oh 5110 N Damen Ave, Chicago, IL 60625, USA's hungry?\n\n\ud83c\udf55\ud83c\udf55 \u253b\u2501\u253b\ufe35 \\(\u00b0\u25a1\u00b0)/ \ufe35 \u253b\u2501\u253b  \ud83c\udf55\ud83c\udf55\n\nvia https://t.co/BU7cmxie8S", "id": 1059843654490251267}, {"created_at": "Tue Nov 06 16:23:12 +0000 2018", "text": "RT @IAmTomorrow: @ria_2x @CNN @MSNBC @cbs46 @11AliveNews @wsbtv @FOX5Atlanta @866OURVOTE Sorry to hear it! Anything the public can do to he\u2026", "id": 1059843651352825857}, {"created_at": "Tue Nov 06 16:23:09 +0000 2018", "text": "@jennhsu @WNYC Stay!  Order pizza!!! @PizzaToThePolls", "id": 1059843640028262405}, {"created_at": "Tue Nov 06 16:23:05 +0000 2018", "text": "RT @joshchafetz: I just threw $100 to @PizzaToThePolls. It may sound somewhat silly, but long lines at polling places are largely a result\u2026", "id": 1059843625264340998}, {"created_at": "Tue Nov 06 16:23:04 +0000 2018", "text": "@PizzaToThePolls https://t.co/SKRW75d9m4", "id": 1059843620835074052}, {"created_at": "Tue Nov 06 16:23:00 +0000 2018", "text": "@AndrewGillum @sweethomeFL Hungry while standing in long lines to vote today? @PizzaToThePolls got ya covered!\n\nPiz\u2026 https://t.co/CdgNfAJgj0", "id": 1059843601184841729}, {"created_at": "Tue Nov 06 16:22:58 +0000 2018", "text": "RT @LeslieLKB: @ProPublica @i_m_m If folks are hungry, and need help or a little happiness to encourage them to stay in line, report a line\u2026", "id": 1059843592519380992}, {"created_at": "Tue Nov 06 16:22:54 +0000 2018", "text": "Tweet to @PizzaToThePolls (with photo of the line)! https://t.co/hlhClQcBon", "id": 1059843578372022273}, {"created_at": "Tue Nov 06 16:22:29 +0000 2018", "text": "RT @PizzaToThePolls: Reminder: Please please send those long line reports through https://t.co/TAZOXotnXL. Twitter is super hard to keep up\u2026", "id": 1059843470926462977}, {"created_at": "Tue Nov 06 16:22:27 +0000 2018", "text": "RT @LeslieLKB: @jennhsu @WNYC I hope they can come back. Can you pass along? If folks are hungry, and need help or a little happiness to en\u2026", "id": 1059843464618102785}, {"created_at": "Tue Nov 06 16:22:19 +0000 2018", "text": "RT @sarahcolonna: If you are in a long voting line today, tweet @PizzaToThePolls and they\u2019ll bring pizza. How awesome is that?", "id": 1059843431755739136}, {"created_at": "Tue Nov 06 16:22:15 +0000 2018", "text": "RT @PizzaToThePolls: And remember: not all problems at polling places can be solved by pizza. If you have any other issues hit up 866-OUR-V\u2026", "id": 1059843415981076481}, {"created_at": "Tue Nov 06 16:22:15 +0000 2018", "text": "RT @Tricia_Norling: @TheRickWilson They can also tweet @PizzaToThePolls    They\u2019re delivering pizza to hungry voters.  No excuses!!", "id": 1059843412906541056}, {"created_at": "Tue Nov 06 16:22:09 +0000 2018", "text": "RT @speculawyer: @branka_jovic And contact @PizzaToThePolls", "id": 1059843388420358144}, {"created_at": "Tue Nov 06 16:22:07 +0000 2018", "text": "Waiting in a long polling line? Go to pizza.polls (clickable: https://t.co/3ORqSgo9Yh) and report it!\u2026 https://t.co/jCdMQbuVeW", "id": 1059843382560899073}, {"created_at": "Tue Nov 06 16:21:53 +0000 2018", "text": "@AndrewDonovan Can you pass this along to them? If folks are hungry, and need help or a little happiness to encoura\u2026 https://t.co/xjYLSutS8X", "id": 1059843322443956226}, {"created_at": "Tue Nov 06 16:21:47 +0000 2018", "text": "@MattGertz Let's make sure we get the vote out! Stay on the lines!  \n\nPizza to the Polls will send FREE PIZZA to ma\u2026 https://t.co/R2qMf88JxX", "id": 1059843295906541568}, {"created_at": "Tue Nov 06 16:21:46 +0000 2018", "text": "RT @girlsreallyrule: If you are in a long line today, don't leave...ORDER PIZZA! @PizzaToThePolls will take your order and deliver pizza to\u2026", "id": 1059843291955507200}, {"created_at": "Tue Nov 06 16:21:42 +0000 2018", "text": "@speculawyer @PizzaToThePolls Maybe you can deliver pizza with instructions on what to do if they tell you polls ar\u2026 https://t.co/52ZNWe5UUB", "id": 1059843275358724097}, {"created_at": "Tue Nov 06 16:21:39 +0000 2018", "text": "RT @kazweida: Hey, Missouri- be prepared! Stay in line.\n\nMaybe send some lunch later @PizzaToThePolls \nWe got you, voters!\n\n#WaveCast #Wave\u2026", "id": 1059843264050855937}, {"created_at": "Tue Nov 06 16:21:35 +0000 2018", "text": "RT @amariedauwer: Because someone told me we could get \ud83c\udf55 if there was a line at the polls! #ivoted @PizzaToThePolls @RyanWPearson https://t\u2026", "id": 1059843244501188609}, {"created_at": "Tue Nov 06 16:21:27 +0000 2018", "text": "RT @sarahcolonna: If you are in a long voting line today, tweet @PizzaToThePolls and they\u2019ll bring pizza. How awesome is that?", "id": 1059843212553084928}, {"created_at": "Tue Nov 06 16:21:25 +0000 2018", "text": "@tamarjot Please tell @PizzaToThePolls where the lines are at!", "id": 1059843206001635329}, {"created_at": "Tue Nov 06 16:21:22 +0000 2018", "text": "Pizza to the Polls (@PizzaToThePolls) is probably my favorite election day thing. Report long lines on the website,\u2026 https://t.co/ntmK14VH9X", "id": 1059843190323363841}, {"created_at": "Tue Nov 06 16:21:21 +0000 2018", "text": "RT @LeslieLKB: @jennhsu @WNYC I hope they can come back. Can you pass along? If folks are hungry, and need help or a little happiness to en\u2026", "id": 1059843188582625281}, {"created_at": "Tue Nov 06 16:21:18 +0000 2018", "text": "RT @PizzaToThePolls: Reminder: Please please send those long line reports through https://t.co/TAZOXotnXL. Twitter is super hard to keep up\u2026", "id": 1059843173810405376}, {"created_at": "Tue Nov 06 16:21:15 +0000 2018", "text": "RT @PizzaToThePolls: And remember: not all problems at polling places can be solved by pizza. If you have any other issues hit up 866-OUR-V\u2026", "id": 1059843163492249600}, {"created_at": "Tue Nov 06 16:21:05 +0000 2018", "text": "RT @PizzaToThePolls: Reminder: Please please send those long line reports through https://t.co/TAZOXotnXL. Twitter is super hard to keep up\u2026", "id": 1059843118353256449}, {"created_at": "Tue Nov 06 16:21:04 +0000 2018", "text": "@soniaguior @NYGovCuomo @NYCMayor If folks are hungry, and need help or a little happiness to encourage them to sta\u2026 https://t.co/mFGNr9TUoy", "id": 1059843115790544899}, {"created_at": "Tue Nov 06 16:21:00 +0000 2018", "text": "RT @PizzaToThePolls: And remember: not all problems at polling places can be solved by pizza. If you have any other issues hit up 866-OUR-V\u2026", "id": 1059843101139894272}, {"created_at": "Tue Nov 06 16:20:58 +0000 2018", "text": "RT @LeslieLKB: @jennhsu @WNYC I hope they can come back. Can you pass along? If folks are hungry, and need help or a little happiness to en\u2026", "id": 1059843091887255553}, {"created_at": "Tue Nov 06 16:20:46 +0000 2018", "text": "RT @PizzaToThePolls: Happy voting everyone!! Here\u2019s hoping your voting journey is quick and easy today but if you get stuck in line, we\u2019re\u2026", "id": 1059843041643528193}, {"created_at": "Tue Nov 06 16:20:45 +0000 2018", "text": "@staceyabrams Hungry while standing in long lines to vote today? @PizzaToThePolls got ya covered!\n\nPizza to the Pol\u2026 https://t.co/7RnQQMOOYf", "id": 1059843037298376704}, {"created_at": "Tue Nov 06 16:20:45 +0000 2018", "text": "@PizzaToThePolls you guys going to be hooking up the election judges and poll workers as well? My wife is doing tha\u2026 https://t.co/qxX6YugYYG", "id": 1059843036669272064}, {"created_at": "Tue Nov 06 16:20:44 +0000 2018", "text": "RT @melissacwalker: If you see reports of long lines, quote-tweet to @pizzatothepolls and they will get pizza there promptly.", "id": 1059843034274299904}, {"created_at": "Tue Nov 06 16:20:40 +0000 2018", "text": "@PizzaToThePolls Yes!", "id": 1059843014636527616}, {"created_at": "Tue Nov 06 16:20:29 +0000 2018", "text": "@staceyabrams Hungry while standing in long lines to vote today? @PizzaToThePolls got ya covered!\n\nPizza to the Pol\u2026 https://t.co/sarNtTSpDU", "id": 1059842969682038784}, {"created_at": "Tue Nov 06 16:20:12 +0000 2018", "text": "RT @PizzaToThePolls: Reminder: Please please send those long line reports through https://t.co/TAZOXotnXL. Twitter is super hard to keep up\u2026", "id": 1059842896768262145}, {"created_at": "Tue Nov 06 16:20:11 +0000 2018", "text": "Just donated to @PizzaToThePolls. I admire everyone waiting in line to vote today -- thank you!", "id": 1059842893853220864}, {"created_at": "Tue Nov 06 16:20:10 +0000 2018", "text": "@PizzatothePolls sends free food to people waiting in long lines to vote \n\n#Midterms2018 #MidtermsMatter\u2026 https://t.co/PG7591DyZ4", "id": 1059842888446697474}, {"created_at": "Tue Nov 06 16:20:07 +0000 2018", "text": "@insertcleverid @jennhsu @WNYC @PizzaToThePolls Please send cookies for the kids with their parents in line too!", "id": 1059842879072419840}, {"created_at": "Tue Nov 06 16:20:07 +0000 2018", "text": "RT @PizzaToThePolls: We sure do! All we need is an address and picture of the line. Reports can also be made at https://t.co/occwLt8XVy. ht\u2026", "id": 1059842875960094720}, {"created_at": "Tue Nov 06 16:20:06 +0000 2018", "text": "RT @melissacwalker: If you see reports of long lines, quote-tweet to @pizzatothepolls and they will get pizza there promptly.", "id": 1059842873749856256}, {"created_at": "Tue Nov 06 16:19:58 +0000 2018", "text": "@teamabrams @staceyabrams Hungry while standing in long lines to vote today? @PizzaToThePolls got ya covered!\n\nPizz\u2026 https://t.co/1LiHsKVX20", "id": 1059842838370889729}, {"created_at": "Tue Nov 06 16:19:55 +0000 2018", "text": "Y\u2019all take @lyft (&amp; some friends) to go and VOTE.  If lines are long, text @PizzaToThePolls and they\u2019ll feed you. https://t.co/5QCBprAiYR", "id": 1059842828744876032}, {"created_at": "Tue Nov 06 16:19:55 +0000 2018", "text": "RT @PizzaToThePolls: Reminder: Please please send those long line reports through https://t.co/TAZOXotnXL. Twitter is super hard to keep up\u2026", "id": 1059842827654438912}, {"created_at": "Tue Nov 06 16:19:53 +0000 2018", "text": "Let's make sure we get the vote out! Stay on the lines!  \n\nPizza to the Polls will send FREE PIZZA to make your wai\u2026 https://t.co/cMMQIEy4HI", "id": 1059842818980622336}, {"created_at": "Tue Nov 06 16:19:46 +0000 2018", "text": "RT @PizzaToThePolls: And remember: not all problems at polling places can be solved by pizza. If you have any other issues hit up 866-OUR-V\u2026", "id": 1059842789846863872}, {"created_at": "Tue Nov 06 16:19:44 +0000 2018", "text": "RT @VoteRiders: @cameron_kasky Also, report long lines to @PizzaToThePolls and free pizza will arrive like magic!", "id": 1059842778702721026}, {"created_at": "Tue Nov 06 16:19:40 +0000 2018", "text": "RT @VoteRiders: @cameron_kasky Also, report long lines to @PizzaToThePolls and free pizza will arrive like magic!", "id": 1059842765167755264}, {"created_at": "Tue Nov 06 16:19:37 +0000 2018", "text": "RT @PizzaToThePolls: Reminder: Please please send those long line reports through https://t.co/TAZOXotnXL. Twitter is super hard to keep up\u2026", "id": 1059842749627805697}, {"created_at": "Tue Nov 06 16:19:28 +0000 2018", "text": "RT @melissacwalker: If you see reports of long lines, quote-tweet to @pizzatothepolls and they will get pizza there promptly.", "id": 1059842711879081984}, {"created_at": "Tue Nov 06 16:19:25 +0000 2018", "text": "@samstein They got an extra dose of strength from @PizzaToThePolls.  There\u2019s your culprit right there.", "id": 1059842701183594496}, {"created_at": "Tue Nov 06 16:19:23 +0000 2018", "text": "RT @jen_gidley: Need a ride to the polls tomorrow? @lyft and @Uber are offering discounted rides to polling locations. Long lines making yo\u2026", "id": 1059842694082641925}, {"created_at": "Tue Nov 06 16:19:17 +0000 2018", "text": "RT @PizzaToThePolls: Help bring smiles to the faces of everyone hangning out at over-crowded polling places with a donation today \u27a1\ufe0f https:\u2026", "id": 1059842667264335874}, {"created_at": "Tue Nov 06 16:19:10 +0000 2018", "text": "RT @melissacwalker: If you see reports of long lines, quote-tweet to @pizzatothepolls and they will get pizza there promptly.", "id": 1059842638407331840}, {"created_at": "Tue Nov 06 16:19:00 +0000 2018", "text": "RT @PizzaToThePolls: We sure do! All we need is an address and picture of the line. Reports can also be made at https://t.co/occwLt8XVy. ht\u2026", "id": 1059842595273261056}, {"created_at": "Tue Nov 06 16:18:50 +0000 2018", "text": "@funke_lindsay @StormResist @PizzaToThePolls Remind your friends to vote, too! Find out who you know in a swing dis\u2026 https://t.co/0SNXYuuUr8", "id": 1059842555838377989}, {"created_at": "Tue Nov 06 16:18:44 +0000 2018", "text": "RT @mansi_kat: @chescaleigh If you tweet at @PizzaToThePolls they\u2019ll bring pizza to folks waiting in line to vote!", "id": 1059842527237410816}, {"created_at": "Tue Nov 06 16:18:34 +0000 2018", "text": "RT @joshchafetz: I just threw $100 to @PizzaToThePolls. It may sound somewhat silly, but long lines at polling places are largely a result\u2026", "id": 1059842488226070533}, {"created_at": "Tue Nov 06 16:18:34 +0000 2018", "text": "RT @PizzaToThePolls: Help bring smiles to the faces of everyone hangning out at over-crowded polling places with a donation today \u27a1\ufe0f https:\u2026", "id": 1059842488016367617}, {"created_at": "Tue Nov 06 16:18:34 +0000 2018", "text": "RT @sarahcolonna: If you are in a long voting line today, tweet @PizzaToThePolls and they\u2019ll bring pizza. How awesome is that?", "id": 1059842487785742336}, {"created_at": "Tue Nov 06 16:18:33 +0000 2018", "text": "RT @PizzaToThePolls: Help bring smiles to the faces of everyone hangning out at over-crowded polling places with a donation today \u27a1\ufe0f https:\u2026", "id": 1059842484598173696}, {"created_at": "Tue Nov 06 16:18:33 +0000 2018", "text": "@Bear42J @staceyabrams @PizzaToThePolls Yeah, more free stuff. Voting is an excerise and a Right. Plan ahead. ......", "id": 1059842483256020992}, {"created_at": "Tue Nov 06 16:18:32 +0000 2018", "text": "@PizzaToThePolls @RyanWPearson Diamond Hill Ski Lodge in Cumberland RI 02864. The line is about a 40 minute wait.", "id": 1059842480684875776}, {"created_at": "Tue Nov 06 16:18:26 +0000 2018", "text": "RT @shannonrwatts: It\u2019s voting day. Please don\u2019t tweet or RT rumors. Only RT official orgs. Call 866-OUR-VOTE to report verified issues.\u2026", "id": 1059842454260772866}, {"created_at": "Tue Nov 06 16:18:22 +0000 2018", "text": "RT @melissacwalker: If you see reports of long lines, quote-tweet to @pizzatothepolls and they will get pizza there promptly.", "id": 1059842435696738304}, {"created_at": "Tue Nov 06 16:18:20 +0000 2018", "text": "RT @PizzaToThePolls: Reminder: Please please send those long line reports through https://t.co/TAZOXotnXL. Twitter is super hard to keep up\u2026", "id": 1059842426955816960}, {"created_at": "Tue Nov 06 16:18:07 +0000 2018", "text": "RT @sarahcolonna: If you are in a long voting line today, tweet @PizzaToThePolls and they\u2019ll bring pizza. How awesome is that?", "id": 1059842374866595841}, {"created_at": "Tue Nov 06 16:18:06 +0000 2018", "text": "RT @PizzaToThePolls: We sure do! All we need is an address and picture of the line. Reports can also be made at https://t.co/occwLt8XVy. ht\u2026", "id": 1059842370894581761}, {"created_at": "Tue Nov 06 16:18:03 +0000 2018", "text": "RT @PizzaToThePolls: Alright alright alright incoming 18 pizzas - standby", "id": 1059842357288415232}, {"created_at": "Tue Nov 06 16:18:03 +0000 2018", "text": "RT @melissacwalker: If you see reports of long lines, quote-tweet to @pizzatothepolls and they will get pizza there promptly.", "id": 1059842356931952640}, {"created_at": "Tue Nov 06 16:18:03 +0000 2018", "text": "I just sent @pizzatothepolls, because I don't want you to get hangry and leave your polling place without voting. Y\u2026 https://t.co/wOJcq0bQXg", "id": 1059842356810317828}, {"created_at": "Tue Nov 06 16:17:55 +0000 2018", "text": "RT @melissacwalker: If you see reports of long lines, quote-tweet to @pizzatothepolls and they will get pizza there promptly.", "id": 1059842325118038016}, {"created_at": "Tue Nov 06 16:17:53 +0000 2018", "text": "RT @PizzaToThePolls: And remember: not all problems at polling places can be solved by pizza. If you have any other issues hit up 866-OUR-V\u2026", "id": 1059842314972078080}, {"created_at": "Tue Nov 06 16:17:43 +0000 2018", "text": "RT @melissacwalker: If you see reports of long lines, quote-tweet to @pizzatothepolls and they will get pizza there promptly.", "id": 1059842272924221440}, {"created_at": "Tue Nov 06 16:17:41 +0000 2018", "text": "RT @melissacwalker: If you see reports of long lines, quote-tweet to @pizzatothepolls and they will get pizza there promptly.", "id": 1059842263386251264}, {"created_at": "Tue Nov 06 16:17:37 +0000 2018", "text": "RT @melissacwalker: If you see reports of long lines, quote-tweet to @pizzatothepolls and they will get pizza there promptly.", "id": 1059842247796105216}, {"created_at": "Tue Nov 06 16:17:35 +0000 2018", "text": "RT @shannonrwatts: It\u2019s voting day. Please don\u2019t tweet or RT rumors. Only RT official orgs. Call 866-OUR-VOTE to report verified issues.\u2026", "id": 1059842239042609153}, {"created_at": "Tue Nov 06 16:17:26 +0000 2018", "text": "RT @PizzaToThePolls: Happy voting everyone!! Here\u2019s hoping your voting journey is quick and easy today but if you get stuck in line, we\u2019re\u2026", "id": 1059842202656854018}, {"created_at": "Tue Nov 06 16:17:25 +0000 2018", "text": "RT @PizzaToThePolls: Somebody told us they might need pizzas at 3150 Spain Rd, Snellville, GA 30039, USA \n\nvia https://t.co/sXtFCx96hZ", "id": 1059842199213477888}, {"created_at": "Tue Nov 06 16:17:22 +0000 2018", "text": "RT @melissacwalker: If you see reports of long lines, quote-tweet to @pizzatothepolls and they will get pizza there promptly.", "id": 1059842185774882816}, {"created_at": "Tue Nov 06 16:17:19 +0000 2018", "text": "RT @girlsreallyrule: If you are in a long line today, don't leave...ORDER PIZZA! @PizzaToThePolls will take your order and deliver pizza to\u2026", "id": 1059842171442880512}, {"created_at": "Tue Nov 06 16:17:16 +0000 2018", "text": "RT @GMA: Getting out the vote - #ElectionDay angels are getting creative to get others to the polls! @PizzaToThePolls is sending free pizza\u2026", "id": 1059842159862530050}, {"created_at": "Tue Nov 06 16:17:13 +0000 2018", "text": "RT @sarahcolonna: If you are in a long voting line today, tweet @PizzaToThePolls and they\u2019ll bring pizza. How awesome is that?", "id": 1059842146310615040}, {"created_at": "Tue Nov 06 16:17:10 +0000 2018", "text": "RT @PizzaToThePolls: Happy voting everyone!! Here\u2019s hoping your voting journey is quick and easy today but if you get stuck in line, we\u2019re\u2026", "id": 1059842132876320770}, {"created_at": "Tue Nov 06 16:17:00 +0000 2018", "text": "@melissacwalker @Pres_Bartlet @PizzaToThePolls Call or text for help if needed. https://t.co/c1Gjhutcbv", "id": 1059842091470094336}, {"created_at": "Tue Nov 06 16:16:57 +0000 2018", "text": "RT @LeslieLKB: @jennhsu @WNYC I hope they can come back. Can you pass along? If folks are hungry, and need help or a little happiness to en\u2026", "id": 1059842079294136320}, {"created_at": "Tue Nov 06 16:16:51 +0000 2018", "text": "RT @PizzaToThePolls: Somebody told us they might need pizzas at 911 Flatbush Ave, Brooklyn, NY 11226, USA \n\nvia https://t.co/y5fZjHDoiL", "id": 1059842055898361856}, {"created_at": "Tue Nov 06 16:16:50 +0000 2018", "text": "RT @PizzaToThePolls: Reminder: Please please send those long line reports through https://t.co/TAZOXotnXL. Twitter is super hard to keep up\u2026", "id": 1059842051079061507}, {"created_at": "Tue Nov 06 16:16:50 +0000 2018", "text": "RT @PizzaToThePolls: Reminder: Please please send those long line reports through https://t.co/TAZOXotnXL. Twitter is super hard to keep up\u2026", "id": 1059842050231742465}, {"created_at": "Tue Nov 06 16:16:48 +0000 2018", "text": "@WilliamAWatkins Cc: @PizzaToThePolls!", "id": 1059842042673668096}, {"created_at": "Tue Nov 06 16:16:48 +0000 2018", "text": "RT @pattonoswalt: Donate if you can to @PizzaToThePolls!!!! #Vote #BlueWave https://t.co/xX8uY7uv3N", "id": 1059842041616707585}, {"created_at": "Tue Nov 06 16:16:36 +0000 2018", "text": "RT @melissacwalker: If you see reports of long lines, quote-tweet to @pizzatothepolls and they will get pizza there promptly.", "id": 1059841993247997953}, {"created_at": "Tue Nov 06 16:16:33 +0000 2018", "text": "RT @joshchafetz: I just threw $100 to @PizzaToThePolls. It may sound somewhat silly, but long lines at polling places are largely a result\u2026", "id": 1059841979247419392}, {"created_at": "Tue Nov 06 16:16:24 +0000 2018", "text": "RT @melissacwalker: If you see reports of long lines, quote-tweet to @pizzatothepolls and they will get pizza there promptly.", "id": 1059841942383706112}, {"created_at": "Tue Nov 06 16:16:24 +0000 2018", "text": "RT @PizzaToThePolls: Help bring smiles to the faces of everyone hangning out at over-crowded polling places with a donation today \u27a1\ufe0f https:\u2026", "id": 1059841940982644737}, {"created_at": "Tue Nov 06 16:16:22 +0000 2018", "text": "RT @litlover13: If your voting and there is a long line report it to @PizzaToThePolls. They will send pizza to the line your in!!! #GoVote\u2026", "id": 1059841934833917958}, {"created_at": "Tue Nov 06 16:16:08 +0000 2018", "text": "RT @girlsreallyrule: If you are in a long line today, don't leave...ORDER PIZZA! @PizzaToThePolls will take your order and deliver pizza to\u2026", "id": 1059841875526541312}, {"created_at": "Tue Nov 06 16:16:07 +0000 2018", "text": "RT @melissacwalker: If you see reports of long lines, quote-tweet to @pizzatothepolls and they will get pizza there promptly.", "id": 1059841871118249985}, {"created_at": "Tue Nov 06 16:16:06 +0000 2018", "text": "RT @702YankeeBabe: @ecrire831 @Mikel_Jollett @PizzaToThePolls Bring a friend to hold your place if you need a potty break. Be kind to those\u2026", "id": 1059841867636969474}, {"created_at": "Tue Nov 06 16:15:56 +0000 2018", "text": "RT @melissacwalker: If you see reports of long lines, quote-tweet to @pizzatothepolls and they will get pizza there promptly.", "id": 1059841825689821185}, {"created_at": "Tue Nov 06 16:15:56 +0000 2018", "text": "RT @PizzaToThePolls: Reminder: Please please send those long line reports through https://t.co/TAZOXotnXL. Twitter is super hard to keep up\u2026", "id": 1059841824670527489}, {"created_at": "Tue Nov 06 16:15:53 +0000 2018", "text": "RT @melissacwalker: If you see reports of long lines, quote-tweet to @pizzatothepolls and they will get pizza there promptly.", "id": 1059841813106831360}, {"created_at": "Tue Nov 06 16:15:52 +0000 2018", "text": "RT @melissacwalker: If you see reports of long lines, quote-tweet to @pizzatothepolls and they will get pizza there promptly.", "id": 1059841806773313536}, {"created_at": "Tue Nov 06 16:15:49 +0000 2018", "text": "RT @sarahcolonna: If you are in a long voting line today, tweet @PizzaToThePolls and they\u2019ll bring pizza. How awesome is that?", "id": 1059841796992229382}, {"created_at": "Tue Nov 06 16:15:43 +0000 2018", "text": "@amariedauwer @PizzaToThePolls @RyanWPearson https://t.co/b1IE3Af9Fs", "id": 1059841771935432704}, {"created_at": "Tue Nov 06 16:15:40 +0000 2018", "text": "RT @melissacwalker: If you see reports of long lines, quote-tweet to @pizzatothepolls and they will get pizza there promptly.", "id": 1059841757507022849}, {"created_at": "Tue Nov 06 16:15:34 +0000 2018", "text": "RT @melissacwalker: If you see reports of long lines, quote-tweet to @pizzatothepolls and they will get pizza there promptly.", "id": 1059841733276717056}, {"created_at": "Tue Nov 06 16:15:32 +0000 2018", "text": "@branka_jovic And contact @PizzaToThePolls", "id": 1059841724401381377}, {"created_at": "Tue Nov 06 16:15:29 +0000 2018", "text": "RT @PizzaToThePolls: Happy voting everyone!! Here\u2019s hoping your voting journey is quick and easy today but if you get stuck in line, we\u2019re\u2026", "id": 1059841709314428928}, {"created_at": "Tue Nov 06 16:15:26 +0000 2018", "text": "@rtraister Take a pic and send it to @PizzaToThePolls! Don\u2019t let anyone vote hangry!", "id": 1059841700011495424}, {"created_at": "Tue Nov 06 16:15:24 +0000 2018", "text": "@SarahKCMO You need @PizzaToThePolls .  They'll have your back, although it's a bit early.", "id": 1059841692218613761}, {"created_at": "Tue Nov 06 16:15:24 +0000 2018", "text": "RT @melissacwalker: If you see reports of long lines, quote-tweet to @pizzatothepolls and they will get pizza there promptly.", "id": 1059841691232989189}, {"created_at": "Tue Nov 06 16:15:23 +0000 2018", "text": "RT @melissacwalker: If you see reports of long lines, quote-tweet to @pizzatothepolls and they will get pizza there promptly.", "id": 1059841685608325121}, {"created_at": "Tue Nov 06 16:15:21 +0000 2018", "text": "How about donating to @PizzaToThePolls and assist them in sending pizza to those Americans waiting in long lines (s\u2026 https://t.co/EfTEOBW2WW", "id": 1059841676024270853}, {"created_at": "Tue Nov 06 16:15:18 +0000 2018", "text": "@carolereardon13 @WorldByRachel @iamJxWoods @cbs46 @ajc @FOX5Atlanta @PizzaToThePolls", "id": 1059841663697207296}, {"created_at": "Tue Nov 06 16:15:14 +0000 2018", "text": "RT @PizzaToThePolls: Happy voting everyone!! Here\u2019s hoping your voting journey is quick and easy today but if you get stuck in line, we\u2019re\u2026", "id": 1059841646504878081}, {"created_at": "Tue Nov 06 16:15:08 +0000 2018", "text": "@shaunking @PizzaToThePolls \ud83d\udc96", "id": 1059841624484732929}, {"created_at": "Tue Nov 06 16:15:02 +0000 2018", "text": "RT @melissacwalker: If you see reports of long lines, quote-tweet to @pizzatothepolls and they will get pizza there promptly.", "id": 1059841597947338753}, {"created_at": "Tue Nov 06 16:14:59 +0000 2018", "text": "@Acheron79 @PizzaToThePolls Check their timeline. They\u2019re doing it all over the US", "id": 1059841585335066624}, {"created_at": "Tue Nov 06 16:14:57 +0000 2018", "text": "RT @sarahcolonna: If you are in a long voting line today, tweet @PizzaToThePolls and they\u2019ll bring pizza. How awesome is that?", "id": 1059841576913043456}, {"created_at": "Tue Nov 06 16:14:55 +0000 2018", "text": "I just donated to @pizzatothepolls! You can give today at https://t.co/rAxkJzbiU4", "id": 1059841568415322113}, {"created_at": "Tue Nov 06 16:14:48 +0000 2018", "text": "RT @melissacwalker: If you see reports of long lines, quote-tweet to @pizzatothepolls and they will get pizza there promptly.", "id": 1059841539109609473}, {"created_at": "Tue Nov 06 16:14:33 +0000 2018", "text": "@WorldByRachel @docrocktex26 @cbs46 @ajc @FOX5Atlanta @PizzaToThePolls", "id": 1059841474831896576}, {"created_at": "Tue Nov 06 16:14:30 +0000 2018", "text": "RT @LeslieLKB: @jennhsu @WNYC I hope they can come back. Can you pass along? If folks are hungry, and need help or a little happiness to en\u2026", "id": 1059841465625526272}, {"created_at": "Tue Nov 06 16:14:13 +0000 2018", "text": "RT @melissacwalker: If you see reports of long lines, quote-tweet to @pizzatothepolls and they will get pizza there promptly.", "id": 1059841391784792065}, {"created_at": "Tue Nov 06 16:14:06 +0000 2018", "text": "RT @KaraAJC: @WorldByRachel @cbs46 @ajc @FOX5Atlanta @PizzaToThePolls are you out there??", "id": 1059841363615731713}, {"created_at": "Tue Nov 06 16:14:06 +0000 2018", "text": "RT @PizzaToThePolls: Happy voting everyone!! Here\u2019s hoping your voting journey is quick and easy today but if you get stuck in line, we\u2019re\u2026", "id": 1059841362596638720}, {"created_at": "Tue Nov 06 16:14:03 +0000 2018", "text": "RT @PizzaToThePolls: Help bring smiles to the faces of everyone hangning out at over-crowded polling places with a donation today \u27a1\ufe0f https:\u2026", "id": 1059841351871807491}, {"created_at": "Tue Nov 06 16:13:56 +0000 2018", "text": "RT @catinlaca: @adamstein @grantstern @PizzaToThePolls Donate to @PizzaToThePolls here: https://t.co/egaCAskcLM\nThey will bring pizza to an\u2026", "id": 1059841322075320321}, {"created_at": "Tue Nov 06 16:13:50 +0000 2018", "text": "RT @PizzaToThePolls: Happy voting everyone!! Here\u2019s hoping your voting journey is quick and easy today but if you get stuck in line, we\u2019re\u2026", "id": 1059841297580744710}, {"created_at": "Tue Nov 06 16:13:46 +0000 2018", "text": "RT @nursegalmom: @DavidCornDC @InSpiteOfTrump Do you need @PizzaToThePolls there??", "id": 1059841278672814080}, {"created_at": "Tue Nov 06 16:13:39 +0000 2018", "text": "RT @PizzaToThePolls: Reminder: Please please send those long line reports through https://t.co/TAZOXotnXL. Twitter is super hard to keep up\u2026", "id": 1059841249207873536}, {"created_at": "Tue Nov 06 16:13:32 +0000 2018", "text": "RT @melissacwalker: If you see reports of long lines, quote-tweet to @pizzatothepolls and they will get pizza there promptly.", "id": 1059841221672230916}, {"created_at": "Tue Nov 06 16:13:23 +0000 2018", "text": "RT @sarahcolonna: If you are in a long voting line today, tweet @PizzaToThePolls and they\u2019ll bring pizza. How awesome is that?", "id": 1059841183839592448}, {"created_at": "Tue Nov 06 16:13:20 +0000 2018", "text": "@PuroPincheSA @g_ack @PizzaToThePolls Of course !! Thank you !!", "id": 1059841170124107776}, {"created_at": "Tue Nov 06 16:13:08 +0000 2018", "text": "RT @PizzaToThePolls: Happy voting everyone!! Here\u2019s hoping your voting journey is quick and easy today but if you get stuck in line, we\u2019re\u2026", "id": 1059841121226903552}, {"created_at": "Tue Nov 06 16:13:01 +0000 2018", "text": "RT @PizzaToThePolls: Investigating reports at 709 N Cedar Bluff Rd, Knoxville, TN 37923, USA\n\nvia https://t.co/3nyw1wdMCY", "id": 1059841091820638208}, {"created_at": "Tue Nov 06 16:13:01 +0000 2018", "text": "RT @melissacwalker: If you see reports of long lines, quote-tweet to @pizzatothepolls and they will get pizza there promptly.", "id": 1059841090759606273}, {"created_at": "Tue Nov 06 16:12:57 +0000 2018", "text": "RT @PizzaToThePolls: Reminder: Please please send those long line reports through https://t.co/TAZOXotnXL. Twitter is super hard to keep up\u2026", "id": 1059841075626405888}, {"created_at": "Tue Nov 06 16:12:57 +0000 2018", "text": "RT @melissacwalker: If you see reports of long lines, quote-tweet to @pizzatothepolls and they will get pizza there promptly.", "id": 1059841072438894593}, {"created_at": "Tue Nov 06 16:12:50 +0000 2018", "text": "@dataandpolitics @LisaRingGA01 @PizzaToThePolls 1516 King George Blvd,\nZip code 31419", "id": 1059841044093779968}, {"created_at": "Tue Nov 06 16:12:48 +0000 2018", "text": "RT @sarahcolonna: If you are in a long voting line today, tweet @PizzaToThePolls and they\u2019ll bring pizza. How awesome is that?", "id": 1059841035298369538}, {"created_at": "Tue Nov 06 16:12:35 +0000 2018", "text": "Intense 2 hour plus line at Stiles Point on James Island. Will definitely need @PizzaToThePolls closer to lunch.\u2026 https://t.co/Y1pg5XcWaH", "id": 1059840981560909825}, {"created_at": "Tue Nov 06 16:12:34 +0000 2018", "text": "RT @kazweida: Hey, Missouri- be prepared! Stay in line.\n\nMaybe send some lunch later @PizzaToThePolls \nWe got you, voters!\n\n#WaveCast #Wave\u2026", "id": 1059840975072161793}, {"created_at": "Tue Nov 06 16:12:32 +0000 2018", "text": "RT @PizzaToThePolls: Too early for pizzas in Smyra APPARENTLY, so 6 dozen donuts heading their way.", "id": 1059840970315857921}, {"created_at": "Tue Nov 06 16:12:25 +0000 2018", "text": "@ststerling @g_ack @PizzaToThePolls Thank you! I hadn\u2019t seen it yet!", "id": 1059840938254782464}, {"created_at": "Tue Nov 06 16:12:25 +0000 2018", "text": "RT @PizzaToThePolls: Happy voting everyone!! Here\u2019s hoping your voting journey is quick and easy today but if you get stuck in line, we\u2019re\u2026", "id": 1059840937990352896}, {"created_at": "Tue Nov 06 16:12:05 +0000 2018", "text": "RT @PizzaToThePolls: We sure do! All we need is an address and picture of the line. Reports can also be made at https://t.co/occwLt8XVy. ht\u2026", "id": 1059840856906182656}, {"created_at": "Tue Nov 06 16:12:05 +0000 2018", "text": "RT @PizzaToThePolls: And remember: not all problems at polling places can be solved by pizza. If you have any other issues hit up 866-OUR-V\u2026", "id": 1059840856629235712}, {"created_at": "Tue Nov 06 16:12:01 +0000 2018", "text": "Hey @npr! Have you done a story on @PizzaToThePolls yet? It\u2019s the perfect marriage of technology and crowdfunding w\u2026 https://t.co/hpFdXDRSC5", "id": 1059840839881539585}, {"created_at": "Tue Nov 06 16:11:58 +0000 2018", "text": "@WorldByRachel @cbs46 @ajc @FOX5Atlanta @PizzaToThePolls are you out there??", "id": 1059840828187820032}, {"created_at": "Tue Nov 06 16:11:58 +0000 2018", "text": "I just donated to @pizzatothepolls! You can give today at https://t.co/2VJX41YkMF", "id": 1059840827764195328}, {"created_at": "Tue Nov 06 16:11:45 +0000 2018", "text": "@johnkrasinski I can't vote, but helped to send 16 pizzas to this polling place through @PizzaToThePolls ;) \n\n(Appr\u2026 https://t.co/g3pxyg1w33", "id": 1059840770776145920}, {"created_at": "Tue Nov 06 16:11:41 +0000 2018", "text": "RT @sarahcolonna: If you are in a long voting line today, tweet @PizzaToThePolls and they\u2019ll bring pizza. How awesome is that?", "id": 1059840756699918336}, {"created_at": "Tue Nov 06 16:11:40 +0000 2018", "text": "@hodgman Report it to @PizzaToThePolls! You don't want people to leave because they want to grab lunch!", "id": 1059840750496727040}, {"created_at": "Tue Nov 06 16:11:38 +0000 2018", "text": "@SocialPowerOne1 Hungry while standing in long lines to vote today? @PizzaToThePolls got ya covered!\n\nPizza to the\u2026 https://t.co/HLDWEHvBXz", "id": 1059840740392685570}, {"created_at": "Tue Nov 06 16:11:30 +0000 2018", "text": "People please remind voters about @PizzaToThePolls !!!! There may be long lines &amp; stumbling blocks between you voti\u2026 https://t.co/AVH31JD8BT", "id": 1059840710621323264}, {"created_at": "Tue Nov 06 16:11:30 +0000 2018", "text": "RT @melissacwalker: If you see reports of long lines, quote-tweet to @pizzatothepolls and they will get pizza there promptly.", "id": 1059840708977127424}, {"created_at": "Tue Nov 06 16:11:27 +0000 2018", "text": "@jennhsu @WNYC @PizzaToThePolls", "id": 1059840697711448066}, {"created_at": "Tue Nov 06 16:11:25 +0000 2018", "text": "RT @melissacwalker: If you see reports of long lines, quote-tweet to @pizzatothepolls and they will get pizza there promptly.", "id": 1059840688576176128}, {"created_at": "Tue Nov 06 16:11:18 +0000 2018", "text": "@jennhsu @WNYC Anybody have the address? @PizzaToThePolls May be able to send pizza to help encourage people to stay.", "id": 1059840658461024257}, {"created_at": "Tue Nov 06 16:11:14 +0000 2018", "text": "RT @PizzaToThePolls: Somebody told us they might need pizzas at 3150 Spain Rd, Snellville, GA 30039, USA \n\nvia https://t.co/sXtFCx96hZ", "id": 1059840641918615552}, {"created_at": "Tue Nov 06 16:11:14 +0000 2018", "text": "@PizzaToThePolls https://t.co/QrtRSO4fNk", "id": 1059840640320790528}, {"created_at": "Tue Nov 06 16:11:09 +0000 2018", "text": "RT @kazweida: Hey, Missouri- be prepared! Stay in line.\n\nMaybe send some lunch later @PizzaToThePolls \nWe got you, voters!\n\n#WaveCast #Wave\u2026", "id": 1059840621945516033}, {"created_at": "Tue Nov 06 16:11:07 +0000 2018", "text": "Because someone told me we could get \ud83c\udf55 if there was a line at the polls! #ivoted @PizzaToThePolls @RyanWPearson https://t.co/xrQqv41iTu", "id": 1059840614244761601}, {"created_at": "Tue Nov 06 16:11:07 +0000 2018", "text": "@PizzaToThePolls @indianastate I'm not on campus - hearing this from friends who are. I will see what I can do!", "id": 1059840612592160770}, {"created_at": "Tue Nov 06 16:11:06 +0000 2018", "text": "@ststerling @PuroPincheSA @PizzaToThePolls @bandcalleddeath Just heard \u201cPoliticians in My Eyes\u201d at our neighborhood bar last night. SO GOOD", "id": 1059840609551302656}, {"created_at": "Tue Nov 06 16:10:59 +0000 2018", "text": "RT @melissacwalker: If you see reports of long lines, quote-tweet to @pizzatothepolls and they will get pizza there promptly.", "id": 1059840577175515136}, {"created_at": "Tue Nov 06 16:10:50 +0000 2018", "text": "@msscommunicat @teamabrams @cmclymer Hungry while standing in long lines to vote today? @PizzaToThePolls got ya cov\u2026 https://t.co/6lJhTNJwFZ", "id": 1059840540458577921}, {"created_at": "Tue Nov 06 16:10:45 +0000 2018", "text": "@January_21_2017 @moneyries @KassandraSeven Where at in ga? Tweet @PizzaToThePolls if you people need pizza.", "id": 1059840517943554051}, {"created_at": "Tue Nov 06 16:10:40 +0000 2018", "text": "@PizzaToThePolls https://t.co/LFqmdyEZfh", "id": 1059840497429200896}, {"created_at": "Tue Nov 06 16:10:40 +0000 2018", "text": "@PizzaToThePolls Over 200 now", "id": 1059840497148145664}, {"created_at": "Tue Nov 06 16:10:23 +0000 2018", "text": "Remember y'all!! Hit up @PizzaToThePolls today if your polling place has crazy lines! They're making democracy just a little more delicious.", "id": 1059840427996545024}, {"created_at": "Tue Nov 06 16:10:21 +0000 2018", "text": "RT @mansi_kat: @chescaleigh If you tweet at @PizzaToThePolls they\u2019ll bring pizza to folks waiting in line to vote!", "id": 1059840419092140033}, {"created_at": "Tue Nov 06 16:10:21 +0000 2018", "text": "@jennhsu @WNYC @PizzaToThePolls don\u2019t know the address here.", "id": 1059840419058483201}, {"created_at": "Tue Nov 06 16:10:20 +0000 2018", "text": "@teamabrams Hungry while standing in long lines to vote today? @PizzaToThePolls got ya covered!\n\nPizza to the Polls\u2026 https://t.co/LqElIiTKyL", "id": 1059840414738497536}, {"created_at": "Tue Nov 06 16:10:17 +0000 2018", "text": "RT @LeslieLKB: @jennhsu @WNYC I hope they can come back. Can you pass along? If folks are hungry, and need help or a little happiness to en\u2026", "id": 1059840403015233536}, {"created_at": "Tue Nov 06 16:10:17 +0000 2018", "text": "@g_ack @PuroPincheSA @PizzaToThePolls @bandcalleddeath My heroes!", "id": 1059840402205794305}, {"created_at": "Tue Nov 06 16:10:13 +0000 2018", "text": "RT @riningear: Reminder: If your polling line is INSANELY long this afternoon - like, hours - and you think people are at risk of leaving,\u2026", "id": 1059840387815108608}, {"created_at": "Tue Nov 06 16:10:08 +0000 2018", "text": "VERY UNPALEO DECISION: I just donated to @pizzatothepolls! You can give today at https://t.co/Gedp1tw6X9", "id": 1059840363823857664}, {"created_at": "Tue Nov 06 16:10:01 +0000 2018", "text": "@dataandpolitics @LisaRingGA01 @PizzaToThePolls Middle School  on King George Blvd.", "id": 1059840334346231813}, {"created_at": "Tue Nov 06 16:09:58 +0000 2018", "text": "RT @sarahcolonna: If you are in a long voting line today, tweet @PizzaToThePolls and they\u2019ll bring pizza. How awesome is that?", "id": 1059840322866425856}, {"created_at": "Tue Nov 06 16:09:57 +0000 2018", "text": "@_SJPeace_ Hungry while standing in long lines to vote today? @PizzaToThePolls got ya covered!\n\nPizza to the Polls\u2026 https://t.co/ls4scRJLPH", "id": 1059840319074779138}, {"created_at": "Tue Nov 06 16:09:51 +0000 2018", "text": "RT @girlsreallyrule: If you are in a long line today, don't leave...ORDER PIZZA! @PizzaToThePolls will take your order and deliver pizza to\u2026", "id": 1059840295410589696}, {"created_at": "Tue Nov 06 16:09:46 +0000 2018", "text": "RT @PizzaToThePolls: Happy voting everyone!! Here\u2019s hoping your voting journey is quick and easy today but if you get stuck in line, we\u2019re\u2026", "id": 1059840271985315842}, {"created_at": "Tue Nov 06 16:09:46 +0000 2018", "text": "@PizzaToThePolls...Go!  I'm donating now https://t.co/RubHdG62xL", "id": 1059840271620493312}, {"created_at": "Tue Nov 06 16:09:31 +0000 2018", "text": "RT @sarahcolonna: If you are in a long voting line today, tweet @PizzaToThePolls and they\u2019ll bring pizza. How awesome is that?", "id": 1059840208223395842}, {"created_at": "Tue Nov 06 16:09:28 +0000 2018", "text": "RT @VoteRiders: @cameron_kasky Also, report long lines to @PizzaToThePolls and free pizza will arrive like magic!", "id": 1059840195581874176}, {"created_at": "Tue Nov 06 16:09:26 +0000 2018", "text": "RT @LinzDeFranco: If you can, donate a couple bucks to @PizzaToThePolls! They\u2019re out here being heroes and shit. https://t.co/nBPNvekHTn", "id": 1059840189403721728}, {"created_at": "Tue Nov 06 16:09:26 +0000 2018", "text": "@ststerling @PuroPincheSA @PizzaToThePolls Absolutely! Just noticed you\u2019re a Detroiter. Have we talked about @bandcalleddeath yet? \ud83c\udfb8\ud83c\udfb8\ud83c\udfb8", "id": 1059840189311471617}, {"created_at": "Tue Nov 06 16:09:12 +0000 2018", "text": "RT @PizzaToThePolls: Gwinnett County apparently doesn't *do* pizza before 11am, so we've got 8 dozen donuts headed that way. https://t.co/W\u2026", "id": 1059840131488669696}, {"created_at": "Tue Nov 06 16:09:11 +0000 2018", "text": "@_SJPeace_ Hungry while standing in long lines to vote today? @PizzaToThePolls got ya covered!\n\nPizza to the Polls\u2026 https://t.co/mPrd2x4NmA", "id": 1059840127307075584}, {"created_at": "Tue Nov 06 16:09:08 +0000 2018", "text": "RT @CarolineAFish: Helpful information via @tinaLillet for voting in New York City TODAY. Most importantly, @PizzaToThePolls \ud83d\ude09\ud83c\udf55\ud83c\udf55#GetOutTheV\u2026", "id": 1059840111511248896}, {"created_at": "Tue Nov 06 16:09:07 +0000 2018", "text": "RT @alissakmclean: @eye_scotch @MollyMcKew @AmyMcGrathKY This is actually a great idea! Please take extra umbrellas to the polls to lend to\u2026", "id": 1059840107161636864}, {"created_at": "Tue Nov 06 16:09:03 +0000 2018", "text": "RT @PizzaToThePolls: Reminder: Please please send those long line reports through https://t.co/TAZOXotnXL. Twitter is super hard to keep up\u2026", "id": 1059840091743510529}, {"created_at": "Tue Nov 06 16:08:58 +0000 2018", "text": "RT @PizzaToThePolls: Happy voting everyone!! Here\u2019s hoping your voting journey is quick and easy today but if you get stuck in line, we\u2019re\u2026", "id": 1059840072680386563}, {"created_at": "Tue Nov 06 16:08:55 +0000 2018", "text": "@libbabray Sounds like they need @PizzaToThePolls!", "id": 1059840059950559237}, {"created_at": "Tue Nov 06 16:08:54 +0000 2018", "text": "RT @LeslieLKB: @jennhsu @WNYC I hope they can come back. Can you pass along? If folks are hungry, and need help or a little happiness to en\u2026", "id": 1059840056276316160}, {"created_at": "Tue Nov 06 16:08:53 +0000 2018", "text": "RT @melissacwalker: If you see reports of long lines, quote-tweet to @pizzatothepolls and they will get pizza there promptly.", "id": 1059840051033620487}, {"created_at": "Tue Nov 06 16:08:46 +0000 2018", "text": "@PizzaToThePolls -- My small town in MI is hopping.  I was 226 at 10 am and people were still arriving.\u2026 https://t.co/f1LX6lP53L", "id": 1059840020113227776}, {"created_at": "Tue Nov 06 16:08:43 +0000 2018", "text": "RT @PizzaToThePolls: Happy voting everyone!! Here\u2019s hoping your voting journey is quick and easy today but if you get stuck in line, we\u2019re\u2026", "id": 1059840008184569857}, {"created_at": "Tue Nov 06 16:08:41 +0000 2018", "text": "RT @PizzaToThePolls: Happy voting everyone!! Here\u2019s hoping your voting journey is quick and easy today but if you get stuck in line, we\u2019re\u2026", "id": 1059840001809076226}, {"created_at": "Tue Nov 06 16:08:41 +0000 2018", "text": "@goldengateblond Hungry while standing in long lines to vote today? @PizzaToThePolls got ya covered!\n\nPizza to the\u2026 https://t.co/JM3G9zr3XZ", "id": 1059840001733783552}, {"created_at": "Tue Nov 06 16:08:33 +0000 2018", "text": "RT @melissacwalker: If you see reports of long lines, quote-tweet to @pizzatothepolls and they will get pizza there promptly.", "id": 1059839966648455168}, {"created_at": "Tue Nov 06 16:08:23 +0000 2018", "text": "RT @LinzDeFranco: If you can, donate a couple bucks to @PizzaToThePolls! They\u2019re out here being heroes and shit. https://t.co/nBPNvekHTn", "id": 1059839925460160513}, {"created_at": "Tue Nov 06 16:07:42 +0000 2018", "text": "RT @PizzaToThePolls: Help bring smiles to the faces of everyone hangning out at over-crowded polling places with a donation today \u27a1\ufe0f https:\u2026", "id": 1059839751317057537}, {"created_at": "Tue Nov 06 16:07:24 +0000 2018", "text": "RT @PizzaToThePolls: Reminder: Please please send those long line reports through https://t.co/TAZOXotnXL. Twitter is super hard to keep up\u2026", "id": 1059839678839431169}, {"created_at": "Tue Nov 06 16:07:23 +0000 2018", "text": "@TomSteyer @joannarothkopf @PizzaToThePolls is running out of $$Dough.  They could use a big donation so people sta\u2026 https://t.co/JiZiaeC7uE", "id": 1059839672648716290}, {"created_at": "Tue Nov 06 16:07:18 +0000 2018", "text": "friends! i am v bad at twitter these days, but #ivoted and you should, too! and if the line is long, contact\u2026 https://t.co/z2OeidPLWj", "id": 1059839650083299333}, {"created_at": "Tue Nov 06 16:07:15 +0000 2018", "text": "RT @PizzaToThePolls: We sure do! All we need is an address and picture of the line. Reports can also be made at https://t.co/occwLt8XVy. ht\u2026", "id": 1059839638934831104}, {"created_at": "Tue Nov 06 16:07:09 +0000 2018", "text": "RT @sarahcolonna: If you are in a long voting line today, tweet @PizzaToThePolls and they\u2019ll bring pizza. How awesome is that?", "id": 1059839614419009536}, {"created_at": "Tue Nov 06 16:07:03 +0000 2018", "text": "RT @kazweida: Hey, Missouri- be prepared! Stay in line.\n\nMaybe send some lunch later @PizzaToThePolls \nWe got you, voters!\n\n#WaveCast #Wave\u2026", "id": 1059839589546893312}, {"created_at": "Tue Nov 06 16:06:56 +0000 2018", "text": "RT @joshchafetz: So, why not donate if you can? And if you know of long lines at polling places tomorrow, you can tweet @PizzaToThePolls or\u2026", "id": 1059839560362930176}, {"created_at": "Tue Nov 06 16:06:52 +0000 2018", "text": "RT @melissacwalker: If you see reports of long lines, quote-tweet to @pizzatothepolls and they will get pizza there promptly.", "id": 1059839540934987776}, {"created_at": "Tue Nov 06 16:06:47 +0000 2018", "text": "Just sent some food to folks waiting in line to vote with @PizzaToThePolls.  Keep feeding the voters at https://t.co/CIrRInq4u1 \ud83c\udf55\ud83c\udf55", "id": 1059839520982614017}, {"created_at": "Tue Nov 06 16:06:24 +0000 2018", "text": "@PizzaToThePolls The line is wrapped around the student union building at the Indiana State University campus! @indianastate", "id": 1059839424450752512}, {"created_at": "Tue Nov 06 16:06:08 +0000 2018", "text": "These people need Pizza @PizzaToThePolls https://t.co/LjeW22Yshg", "id": 1059839356268101632}, {"created_at": "Tue Nov 06 16:06:04 +0000 2018", "text": "If you see a long line at a polling place remember to document it and tag @PizzaToThePolls", "id": 1059839342959583232}, {"created_at": "Tue Nov 06 16:06:02 +0000 2018", "text": "RT @kazweida: Hey, Missouri- be prepared! Stay in line.\n\nMaybe send some lunch later @PizzaToThePolls \nWe got you, voters!\n\n#WaveCast #Wave\u2026", "id": 1059839332419321857}, {"created_at": "Tue Nov 06 16:06:02 +0000 2018", "text": "@katie_honan Hope they all stay! @PizzaToThePolls do you deliver coffee and hot chocolate, too?", "id": 1059839332394156032}, {"created_at": "Tue Nov 06 16:05:55 +0000 2018", "text": "Was excited to see the line for voting in the Hulman Memorial Student Union #vote #bepatientandwait\u2026 https://t.co/dN5XxQQWlO", "id": 1059839302195122176}, {"created_at": "Tue Nov 06 16:05:51 +0000 2018", "text": "@emilypawley @PizzaToThePolls Love this.", "id": 1059839285711589376}, {"created_at": "Tue Nov 06 16:05:24 +0000 2018", "text": "Stuck in a long voting line? How about some pizza? @PizzaToThePolls can help!", "id": 1059839174159691776}, {"created_at": "Tue Nov 06 16:05:21 +0000 2018", "text": "RT @JamesMTilton: @Bibliogato Not to mention, if you tag @PizzaToThePolls with the info of where you're voting, they'll send pizza to the l\u2026", "id": 1059839159949496325}, {"created_at": "Tue Nov 06 16:05:18 +0000 2018", "text": "RT @PizzaToThePolls: And remember: not all problems at polling places can be solved by pizza. If you have any other issues hit up 866-OUR-V\u2026", "id": 1059839148494872577}, {"created_at": "Tue Nov 06 16:05:17 +0000 2018", "text": "RT @GMA: Getting out the vote - #ElectionDay angels are getting creative to get others to the polls! @PizzaToThePolls is sending free pizza\u2026", "id": 1059839143608385536}, {"created_at": "Tue Nov 06 16:05:17 +0000 2018", "text": "@flyaway_k Actually they're sending in pizza if the lines are long @PizzaToThePolls", "id": 1059839142975209478}, {"created_at": "Tue Nov 06 16:05:13 +0000 2018", "text": "If you see reports of long lines, quote-tweet to @pizzatothepolls and they will get pizza there promptly.", "id": 1059839128416727040}, {"created_at": "Tue Nov 06 16:05:09 +0000 2018", "text": "RT @PizzaToThePolls: Gwinnett County apparently doesn't *do* pizza before 11am, so we've got 8 dozen donuts headed that way. https://t.co/W\u2026", "id": 1059839109303156736}, {"created_at": "Tue Nov 06 16:05:02 +0000 2018", "text": "RT @girlsreallyrule: If you are in a long line today, don't leave...ORDER PIZZA! @PizzaToThePolls will take your order and deliver pizza to\u2026", "id": 1059839082279235585}, {"created_at": "Tue Nov 06 16:05:00 +0000 2018", "text": "RT @PizzaToThePolls: And remember: not all problems at polling places can be solved by pizza. If you have any other issues hit up 866-OUR-V\u2026", "id": 1059839072737415169}, {"created_at": "Tue Nov 06 16:04:52 +0000 2018", "text": "RT @sarahcolonna: If you are in a long voting line today, tweet @PizzaToThePolls and they\u2019ll bring pizza. How awesome is that?", "id": 1059839040487391233}, {"created_at": "Tue Nov 06 16:04:52 +0000 2018", "text": "RT @girlsreallyrule: If you are in a long line today, don't leave...ORDER PIZZA! @PizzaToThePolls will take your order and deliver pizza to\u2026", "id": 1059839040063787008}, {"created_at": "Tue Nov 06 16:04:47 +0000 2018", "text": "@PizzaToThePolls So cool! \ud83d\udc99\ud83d\udc99", "id": 1059839018844807168}, {"created_at": "Tue Nov 06 16:04:46 +0000 2018", "text": "RT @PizzaToThePolls: Happy voting everyone!! Here\u2019s hoping your voting journey is quick and easy today but if you get stuck in line, we\u2019re\u2026", "id": 1059839012674985984}, {"created_at": "Tue Nov 06 16:04:40 +0000 2018", "text": "RT @sarahcolonna: If you are in a long voting line today, tweet @PizzaToThePolls and they\u2019ll bring pizza. How awesome is that?", "id": 1059838988767412225}, {"created_at": "Tue Nov 06 16:04:39 +0000 2018", "text": "RT @kazweida: Hey, Missouri- be prepared! Stay in line.\n\nMaybe send some lunch later @PizzaToThePolls \nWe got you, voters!\n\n#WaveCast #Wave\u2026", "id": 1059838984858288128}, {"created_at": "Tue Nov 06 16:04:33 +0000 2018", "text": "@mgoldst @PizzaToThePolls has a fun fix", "id": 1059838961001017346}, {"created_at": "Tue Nov 06 16:04:22 +0000 2018", "text": "I\u2019ve been comfort eating, you\u2019ve been comfort eating, we can share our comfort eating  by donating to\u2026 https://t.co/bUFDHIoukx", "id": 1059838912926023680}, {"created_at": "Tue Nov 06 16:04:20 +0000 2018", "text": "RT @sarahcolonna: If you are in a long voting line today, tweet @PizzaToThePolls and they\u2019ll bring pizza. How awesome is that?", "id": 1059838905149583360}, {"created_at": "Tue Nov 06 16:04:16 +0000 2018", "text": "@DCal822 @PizzaToThePolls Nope! All over", "id": 1059838886396841984}, {"created_at": "Tue Nov 06 16:04:04 +0000 2018", "text": "RT @PizzaToThePolls: Help bring smiles to the faces of everyone hangning out at over-crowded polling places with a donation today \u27a1\ufe0f https:\u2026", "id": 1059838838141526016}, {"created_at": "Tue Nov 06 16:04:00 +0000 2018", "text": "RT @LeslieLKB: @jennhsu @WNYC I hope they can come back. Can you pass along? If folks are hungry, and need help or a little happiness to en\u2026", "id": 1059838823230660608}, {"created_at": "Tue Nov 06 16:03:52 +0000 2018", "text": "RT @PizzaToThePolls: Help bring smiles to the faces of everyone hangning out at over-crowded polling places with a donation today \u27a1\ufe0f https:\u2026", "id": 1059838788086697985}, {"created_at": "Tue Nov 06 16:03:45 +0000 2018", "text": "RT @girlsreallyrule: If you are in a long line today, don't leave...ORDER PIZZA! @PizzaToThePolls will take your order and deliver pizza to\u2026", "id": 1059838757409615874}, {"created_at": "Tue Nov 06 16:03:35 +0000 2018", "text": "RT @sarahcolonna: If you are in a long voting line today, tweet @PizzaToThePolls and they\u2019ll bring pizza. How awesome is that?", "id": 1059838715130978304}, {"created_at": "Tue Nov 06 16:03:34 +0000 2018", "text": "I just donated to @pizzatothepolls! You can give today at https://t.co/bZHO81ntNr", "id": 1059838710240305152}, {"created_at": "Tue Nov 06 16:03:27 +0000 2018", "text": "@jennhsu @WNYC Stay in line!!!! @PizzaToThePolls", "id": 1059838684466462722}, {"created_at": "Tue Nov 06 16:03:23 +0000 2018", "text": "@sarahcolonna @PizzaToThePolls Is that just a Cali thing?", "id": 1059838665269100549}, {"created_at": "Tue Nov 06 16:03:20 +0000 2018", "text": "RT @PizzaToThePolls: @mansi_kat @chescaleigh We will! Send us a picture of the line and an address and we'll get pies to hungry voters. or\u2026", "id": 1059838653629792256}, {"created_at": "Tue Nov 06 16:03:16 +0000 2018", "text": "RT @teresa_atHome: @ChocoHarveyMilk @TheLoyalO @KidCasteel @AllensOpEd @SnowBiAuthor @joncoopertweets @NWPinPDX @CyrusToulabi @MatthewWolff\u2026", "id": 1059838635300786176}, {"created_at": "Tue Nov 06 16:03:15 +0000 2018", "text": "RT @lirpalomina: @PizzaToThePolls\n#GoVote once you're there and the lines are long, check out pizza to the polls for lunch.\nStay in line. #\u2026", "id": 1059838631488163841}, {"created_at": "Tue Nov 06 16:03:11 +0000 2018", "text": "RT @PizzaToThePolls: 16 pizzas on their way!\n\n\u270c(-\u203f -)\u270c\n          |\n          ^", "id": 1059838616451670016}, {"created_at": "Tue Nov 06 16:03:09 +0000 2018", "text": "RT @VoteRiders: @cameron_kasky Also, report long lines to @PizzaToThePolls and free pizza will arrive like magic!", "id": 1059838609128411137}, {"created_at": "Tue Nov 06 16:03:05 +0000 2018", "text": "RT @ijustbtweeting: @shaunking @PizzaToThePolls Georgia may need you guys!", "id": 1059838592221110272}, {"created_at": "Tue Nov 06 16:03:02 +0000 2018", "text": "RT @PizzaToThePolls: Reminder: Please please send those long line reports through https://t.co/TAZOXotnXL. Twitter is super hard to keep up\u2026", "id": 1059838579214405632}, {"created_at": "Tue Nov 06 16:02:50 +0000 2018", "text": "RT @PizzaToThePolls: And remember: not all problems at polling places can be solved by pizza. If you have any other issues hit up 866-OUR-V\u2026", "id": 1059838528559947781}, {"created_at": "Tue Nov 06 16:02:43 +0000 2018", "text": "RT @zoe_samuel: Just donated to @PizzaToThePolls to help people stay on line.\nIf you are in a long line and feeling tired, they will send y\u2026", "id": 1059838499002765313}, {"created_at": "Tue Nov 06 16:02:42 +0000 2018", "text": "RT @PizzaToThePolls: Happy voting everyone!! Here\u2019s hoping your voting journey is quick and easy today but if you get stuck in line, we\u2019re\u2026", "id": 1059838492958699521}, {"created_at": "Tue Nov 06 16:02:41 +0000 2018", "text": "@shaunking @PizzaToThePolls Georgia may need you guys!", "id": 1059838488781246466}, {"created_at": "Tue Nov 06 16:02:38 +0000 2018", "text": "FYI for those of you voting today - if you're stuck in a crazy long line post the photo on socials and then send a\u2026 https://t.co/dc8ZVNfFQd", "id": 1059838478224158722}, {"created_at": "Tue Nov 06 16:02:32 +0000 2018", "text": "RT @PizzaToThePolls: Reminder: Please please send those long line reports through https://t.co/TAZOXotnXL. Twitter is super hard to keep up\u2026", "id": 1059838450864701446}, {"created_at": "Tue Nov 06 16:02:14 +0000 2018", "text": "RT @kazweida: That looks like a LONG line. And it\u2019s never too early for pizza.\n\nStay in line, voters. We\u2019ll send in the reinforcements.\n@Pi\u2026", "id": 1059838375534977034}, {"created_at": "Tue Nov 06 16:02:06 +0000 2018", "text": "RT @sarahcolonna: If you are in a long voting line today, tweet @PizzaToThePolls and they\u2019ll bring pizza. How awesome is that?", "id": 1059838342668279808}, {"created_at": "Tue Nov 06 16:02:01 +0000 2018", "text": "RT @PizzaToThePolls: Reminder: Please please send those long line reports through https://t.co/TAZOXotnXL. Twitter is super hard to keep up\u2026", "id": 1059838323643072512}, {"created_at": "Tue Nov 06 16:02:01 +0000 2018", "text": "RT @girlsreallyrule: If you are in a long line today, don't leave...ORDER PIZZA! @PizzaToThePolls will take your order and deliver pizza to\u2026", "id": 1059838323563421696}, {"created_at": "Tue Nov 06 16:02:00 +0000 2018", "text": "RT @PizzaToThePolls: @AnnaSekiguchi 16 pizzas from dominos should be on the way!", "id": 1059838319956189184}, {"created_at": "Tue Nov 06 16:01:55 +0000 2018", "text": "RT @kazweida: Hey, Missouri- be prepared! Stay in line.\n\nMaybe send some lunch later @PizzaToThePolls \nWe got you, voters!\n\n#WaveCast #Wave\u2026", "id": 1059838295830679552}, {"created_at": "Tue Nov 06 16:01:53 +0000 2018", "text": "@PizzaToThePolls 520 N Kingsbury St, Chicago, IL. Line wraps around inside. Based on my experience people at the en\u2026 https://t.co/ZaT2N5gtxD", "id": 1059838287278469123}, {"created_at": "Tue Nov 06 16:01:52 +0000 2018", "text": "RT @kazweida: Hey, Missouri- be prepared! Stay in line.\n\nMaybe send some lunch later @PizzaToThePolls \nWe got you, voters!\n\n#WaveCast #Wave\u2026", "id": 1059838286309539841}, {"created_at": "Tue Nov 06 16:01:51 +0000 2018", "text": "RT @joshchafetz: I just threw $100 to @PizzaToThePolls. It may sound somewhat silly, but long lines at polling places are largely a result\u2026", "id": 1059838280764657664}, {"created_at": "Tue Nov 06 16:01:49 +0000 2018", "text": "RT @DebraMessing: I just donated to @pizzatothepolls! You can give today at https://t.co/chM2NYCQBz. They will send \ud83d\udd25FREE\ud83d\udd25 pizzas to ANY lo\u2026", "id": 1059838269997924352}, {"created_at": "Tue Nov 06 16:01:48 +0000 2018", "text": "RT @PizzaToThePolls: Happy voting everyone!! Here\u2019s hoping your voting journey is quick and easy today but if you get stuck in line, we\u2019re\u2026", "id": 1059838268160655360}, {"created_at": "Tue Nov 06 16:01:40 +0000 2018", "text": "Hey @PizzaToThePolls - do you think these people might need pizza? If so I'll donate for at least a couple more za. https://t.co/tRFN6HSc4U", "id": 1059838235961024512}, {"created_at": "Tue Nov 06 16:01:35 +0000 2018", "text": "RT @WMElectionLaw: Be smart on #ElectionDay. If you see a long line at the polls, tweet @PizzaToThePolls with your polling location\u2019s addre\u2026", "id": 1059838213886488578}, {"created_at": "Tue Nov 06 16:01:34 +0000 2018", "text": "@ChasCityPaper @PizzaToThePolls Charleston district 17/18. 1002 King Street. 2+ hour wait https://t.co/fF0DNElYZg", "id": 1059838209532850178}, {"created_at": "Tue Nov 06 16:01:29 +0000 2018", "text": "RT @girlsreallyrule: If you are in a long line today, don't leave...ORDER PIZZA! @PizzaToThePolls will take your order and deliver pizza to\u2026", "id": 1059838188401786880}, {"created_at": "Tue Nov 06 16:01:22 +0000 2018", "text": "RT @PizzaToThePolls: And remember: not all problems at polling places can be solved by pizza. If you have any other issues hit up 866-OUR-V\u2026", "id": 1059838159691964420}, {"created_at": "Tue Nov 06 16:01:20 +0000 2018", "text": "@jennhsu @WNYC @PizzaToThePolls Quick! Send help!", "id": 1059838148476354562}, {"created_at": "Tue Nov 06 16:01:15 +0000 2018", "text": "@shaunking Sounds like they might need @PizzaToThePolls", "id": 1059838130717708289}, {"created_at": "Tue Nov 06 16:01:13 +0000 2018", "text": "RT @PizzaToThePolls: And remember: not all problems at polling places can be solved by pizza. If you have any other issues hit up 866-OUR-V\u2026", "id": 1059838121385185280}, {"created_at": "Tue Nov 06 16:01:11 +0000 2018", "text": "RT @PizzaToThePolls: Reminder: Please please send those long line reports through https://t.co/TAZOXotnXL. Twitter is super hard to keep up\u2026", "id": 1059838112283705344}, {"created_at": "Tue Nov 06 16:01:09 +0000 2018", "text": "@jennhsu @WNYC Calling @PizzaToThePolls", "id": 1059838104566001664}, {"created_at": "Tue Nov 06 16:01:08 +0000 2018", "text": "RT @PizzaToThePolls: Help bring smiles to the faces of everyone hangning out at over-crowded polling places with a donation today \u27a1\ufe0f https:\u2026", "id": 1059838101529464832}, {"created_at": "Tue Nov 06 16:01:00 +0000 2018", "text": "@Ocasio2018 @PizzaToThePolls Quick! Send help!", "id": 1059838064363745282}, {"created_at": "Tue Nov 06 16:00:59 +0000 2018", "text": "@PizzaToThePolls https://t.co/2ixlD4qrwr", "id": 1059838060626657281}, {"created_at": "Tue Nov 06 16:00:58 +0000 2018", "text": "RT @PizzaToThePolls: And remember: not all problems at polling places can be solved by pizza. If you have any other issues hit up 866-OUR-V\u2026", "id": 1059838056813993985}, {"created_at": "Tue Nov 06 16:00:55 +0000 2018", "text": "RT @PizzaToThePolls: Reminder: Please please send those long line reports through https://t.co/TAZOXotnXL. Twitter is super hard to keep up\u2026", "id": 1059838045917233155}, {"created_at": "Tue Nov 06 16:00:52 +0000 2018", "text": "RT @PizzaToThePolls: Help bring smiles to the faces of everyone hangning out at over-crowded polling places with a donation today \u27a1\ufe0f https:\u2026", "id": 1059838030834352128}, {"created_at": "Tue Nov 06 16:00:49 +0000 2018", "text": "RT @PizzaToThePolls: Gwinnett County apparently doesn't *do* pizza before 11am, so we've got 8 dozen donuts headed that way. https://t.co/W\u2026", "id": 1059838019870580736}, {"created_at": "Tue Nov 06 16:00:47 +0000 2018", "text": "RT @PizzaToThePolls: Reminder: Please please send those long line reports through https://t.co/TAZOXotnXL. Twitter is super hard to keep up\u2026", "id": 1059838012157243393}, {"created_at": "Tue Nov 06 16:00:44 +0000 2018", "text": "RT @PizzaToThePolls: Help bring smiles to the faces of everyone hangning out at over-crowded polling places with a donation today \u27a1\ufe0f https:\u2026", "id": 1059837999234584582}, {"created_at": "Tue Nov 06 16:00:43 +0000 2018", "text": "RT @JamesMTilton: @Bibliogato Not to mention, if you tag @PizzaToThePolls with the info of where you're voting, they'll send pizza to the l\u2026", "id": 1059837995593871361}, {"created_at": "Tue Nov 06 16:00:38 +0000 2018", "text": "RT @sarahcolonna: If you are in a long voting line today, tweet @PizzaToThePolls and they\u2019ll bring pizza. How awesome is that?", "id": 1059837975557795840}, {"created_at": "Tue Nov 06 16:00:38 +0000 2018", "text": "RT @PizzaToThePolls: Help bring smiles to the faces of everyone hangning out at over-crowded polling places with a donation today \u27a1\ufe0f https:\u2026", "id": 1059837974374957056}, {"created_at": "Tue Nov 06 16:00:37 +0000 2018", "text": "RT @ChasCityPaper: Candidates + crust, democracy + deep dish, politics + pepperoni. Stuck in a long line? @PizzaToThePolls will come to the\u2026", "id": 1059837970981814274}, {"created_at": "Tue Nov 06 16:00:35 +0000 2018", "text": "RT @DebraMessing: I just donated to @pizzatothepolls! You can give today at https://t.co/chM2NYCQBz. They will send \ud83d\udd25FREE\ud83d\udd25 pizzas to ANY lo\u2026", "id": 1059837959904518149}, {"created_at": "Tue Nov 06 16:00:32 +0000 2018", "text": "Exercise your right to vote and to eat pizza: @PizzaToThePolls will bring you fresh, hot pizza if you're stuck in a\u2026 https://t.co/E8boHt4NRk", "id": 1059837947745206272}, {"created_at": "Tue Nov 06 16:00:32 +0000 2018", "text": "Be smart on #ElectionDay. If you see a long line at the polls, tweet @PizzaToThePolls with your polling location\u2019s\u2026 https://t.co/mz3rfEqRIl", "id": 1059837947493711875}, {"created_at": "Tue Nov 06 16:00:29 +0000 2018", "text": "RT @shannonrwatts: It\u2019s voting day. Please don\u2019t tweet or RT rumors. Only RT official orgs. Call 866-OUR-VOTE to report verified issues.\u2026", "id": 1059837934671724544}, {"created_at": "Tue Nov 06 16:00:25 +0000 2018", "text": "RT @PizzaToThePolls: And remember: not all problems at polling places can be solved by pizza. If you have any other issues hit up 866-OUR-V\u2026", "id": 1059837919521923072}, {"created_at": "Tue Nov 06 16:00:19 +0000 2018", "text": "@GabMoBanks @PizzaToThePolls Can you help?", "id": 1059837894481739777}, {"created_at": "Tue Nov 06 16:00:16 +0000 2018", "text": "Long lines at your polling place today? Report long lines at https://t.co/EihwdJHDYW and they'll deliver PIZZA to m\u2026 https://t.co/gxZqmRnzB3", "id": 1059837881106292737}, {"created_at": "Tue Nov 06 16:00:16 +0000 2018", "text": "RT @girlsreallyrule: If you are in a long line today, don't leave...ORDER PIZZA! @PizzaToThePolls will take your order and deliver pizza to\u2026", "id": 1059837880170729472}, {"created_at": "Tue Nov 06 16:00:12 +0000 2018", "text": "RT @sarahcolonna: If you are in a long voting line today, tweet @PizzaToThePolls and they\u2019ll bring pizza. How awesome is that?", "id": 1059837863498379264}, {"created_at": "Tue Nov 06 16:00:11 +0000 2018", "text": "RT @nobledemonsxo: Long line at your polling booth? Are people leaving? Don't let them, take a picture/tweet/snap about the line and let @P\u2026", "id": 1059837861871173632}, {"created_at": "Tue Nov 06 16:00:02 +0000 2018", "text": "RT @PizzaToThePolls: And remember: not all problems at polling places can be solved by pizza. If you have any other issues hit up 866-OUR-V\u2026", "id": 1059837823241588737}]