[{"created_at": "Tue Nov 06 18:04:02 +0000 2018", "text": "RT @PizzaToThePolls: Somebody told us they might need pizzas at 750 Classon Ave, Brooklyn, NY 11238, USA \n\nvia https://t.co/kYNBswPn7A", "id": 1059869030503182336}, {"created_at": "Tue Nov 06 18:04:01 +0000 2018", "text": "RT @joshchafetz: I just threw $100 to @PizzaToThePolls. It may sound somewhat silly, but long lines at polling places are largely a result\u2026", "id": 1059869026216595456}, {"created_at": "Tue Nov 06 18:04:01 +0000 2018", "text": "RT @DebraMessing: Tweet @PizzaToThePolls and they will send free pizza. https://t.co/yjlzzYVGa3", "id": 1059869025767972864}, {"created_at": "Tue Nov 06 18:04:00 +0000 2018", "text": "@PizzaToThePolls You're asking Chicago are residents if they want New York pizza to the polls? That's not funny. \ud83d\ude0e", "id": 1059869020675919872}, {"created_at": "Tue Nov 06 18:03:56 +0000 2018", "text": "cc: @PizzaToThePolls https://t.co/mMsHqfCmLJ", "id": 1059869001847922688}, {"created_at": "Tue Nov 06 18:03:55 +0000 2018", "text": "RT @leahmcelrath: DONATE\nto send pizza to polling stations where there are long lines:\n\nhttps://t.co/bye4Ldoigk\n\nYou can also REQUEST pizza\u2026", "id": 1059868998970601473}, {"created_at": "Tue Nov 06 18:03:54 +0000 2018", "text": "RT @MTomseth: Hang in there Georgia voters!!\n\nTo help soften the blow and provide sustenance to those enduring long waits we're sending @Pi\u2026", "id": 1059868995686416384}, {"created_at": "Tue Nov 06 18:03:54 +0000 2018", "text": "@PizzaToThePolls Hungry Illini, stay in line. #Illini", "id": 1059868993941577728}, {"created_at": "Tue Nov 06 18:03:52 +0000 2018", "text": "RT @DebraMessing: Tweet @PizzaToThePolls and they will send free pizza. https://t.co/yjlzzYVGa3", "id": 1059868986962255872}, {"created_at": "Tue Nov 06 18:03:52 +0000 2018", "text": "RT @Brainyack524: I just donated to @pizzatothepolls! You can give today at https://t.co/bWBcj8mUt3", "id": 1059868985506914305}, {"created_at": "Tue Nov 06 18:03:50 +0000 2018", "text": "RT @DebraMessing: Tweet @PizzaToThePolls and they will send free pizza. https://t.co/yjlzzYVGa3", "id": 1059868979441909760}, {"created_at": "Tue Nov 06 18:03:49 +0000 2018", "text": "RT @DebraMessing: It\u2019s voting day.!  Please don\u2019t tweet or RT rumors. Only RT official orgs. Call 866-OUR-VOTE to report verified issues.\u2026", "id": 1059868975830577152}, {"created_at": "Tue Nov 06 18:03:49 +0000 2018", "text": "RT @girlsreallyrule: Bring a chair, set up camp and send out a request for @PizzaToThePolls: https://t.co/8AzngBNEgP #WaveCastNY #WaveCast\u2026", "id": 1059868975671271426}, {"created_at": "Tue Nov 06 18:03:49 +0000 2018", "text": "RT @leahmcelrath: DONATE\nto send pizza to polling stations where there are long lines:\n\nhttps://t.co/bye4Ldoigk\n\nYou can also REQUEST pizza\u2026", "id": 1059868974534381568}, {"created_at": "Tue Nov 06 18:03:47 +0000 2018", "text": "RT @DebraMessing: It\u2019s voting day.!  Please don\u2019t tweet or RT rumors. Only RT official orgs. Call 866-OUR-VOTE to report verified issues.\u2026", "id": 1059868966821285889}, {"created_at": "Tue Nov 06 18:03:47 +0000 2018", "text": "RT @PizzaToThePolls: .  \u3000\u3000\u3000\u3000\u3000 \uff3f\uff3f\n\u3000\u3000\u3000\u3000\u3000\uff0f\uff1e\u3000\ud83c\udf55\u30d5 \n\u3000\u3000\u3000\u3000\u3000|  \u3000_\u3000 _ l  ~ pizza cat ~\n\u3000 \u3000\u3000\u3000\uff0f` \u30df\uff3fx\u30ce  ~ is teleporting ~\n\u3000\u3000 \u3000 /\u3000\u3000\u3000 \u3000 |    ~ 20 pizzas ~\u2026", "id": 1059868965504204802}, {"created_at": "Tue Nov 06 18:03:44 +0000 2018", "text": "RT @kennwhite: Shout out to the good people at @PizzaToThePolls \u2014 combining two great American traditions!", "id": 1059868952069697536}, {"created_at": "Tue Nov 06 18:03:42 +0000 2018", "text": "RT @joshchafetz: I just threw $100 to @PizzaToThePolls. It may sound somewhat silly, but long lines at polling places are largely a result\u2026", "id": 1059868944096325633}, {"created_at": "Tue Nov 06 18:03:41 +0000 2018", "text": "RT @joshchafetz: I just threw $100 to @PizzaToThePolls. It may sound somewhat silly, but long lines at polling places are largely a result\u2026", "id": 1059868939121901569}, {"created_at": "Tue Nov 06 18:03:39 +0000 2018", "text": "RT @leahmcelrath: DONATE\nto send pizza to polling stations where there are long lines:\n\nhttps://t.co/bye4Ldoigk\n\nYou can also REQUEST pizza\u2026", "id": 1059868933891612672}, {"created_at": "Tue Nov 06 18:03:39 +0000 2018", "text": "RT @leahmcelrath: DONATE\nto send pizza to polling stations where there are long lines:\n\nhttps://t.co/bye4Ldoigk\n\nYou can also REQUEST pizza\u2026", "id": 1059868931425533953}, {"created_at": "Tue Nov 06 18:03:39 +0000 2018", "text": "RT @kazweida: Ruh oh, Atlanta.\n\n@PizzaToThePolls to the rescue.\nBut seriously though. This is unacceptable, Georgia.\n\n#WaveCast #WaveCastGA\u2026", "id": 1059868930351751168}, {"created_at": "Tue Nov 06 18:03:37 +0000 2018", "text": "@KevinMKruse @BrianKempGA Also remember @PizzaToThePolls", "id": 1059868924735643649}, {"created_at": "Tue Nov 06 18:03:37 +0000 2018", "text": "I just donated to @pizzatothepolls! You can give today at https://t.co/icyVm3BwkN", "id": 1059868924358090752}, {"created_at": "Tue Nov 06 18:03:37 +0000 2018", "text": "RT @PizzaToThePolls: We have a report of a line at 141 Pryor St SW #4075, Atlanta, GA 30303, USA\n\nvia https://t.co/lZB02N9kih", "id": 1059868923900899328}, {"created_at": "Tue Nov 06 18:03:33 +0000 2018", "text": "RT @DebraMessing: Tweet @PizzaToThePolls and they will send free pizza. https://t.co/yjlzzYVGa3", "id": 1059868905596829697}, {"created_at": "Tue Nov 06 18:03:32 +0000 2018", "text": "@CalvinKarpenko @MareDoe @thejohnstonsr @TRLangton @theresa_beer @pattigandolfini @MattGertz @thegarance\u2026 https://t.co/2A1doGImX8", "id": 1059868902522609665}, {"created_at": "Tue Nov 06 18:03:31 +0000 2018", "text": "RT @DebraMessing: Tweet @PizzaToThePolls and they will send free pizza. https://t.co/yjlzzYVGa3", "id": 1059868899678793728}, {"created_at": "Tue Nov 06 18:03:29 +0000 2018", "text": "@ArielZJohnson @rebarnick9 @restaurant_mom @PizzaToThePolls You are! Twitter is all lit up!\nIt\u2019s a pretty good baro\u2026 https://t.co/eYSmK5sdKs", "id": 1059868888891043842}, {"created_at": "Tue Nov 06 18:03:29 +0000 2018", "text": "RT @carrieisbusy: @bathsalts2016 @kira_lerner @PizzaToThePolls is on it! You can donate to them &amp; they send pizza for voters to eat while w\u2026", "id": 1059868888194838528}, {"created_at": "Tue Nov 06 18:03:28 +0000 2018", "text": "I just donated to @pizzatothepolls! You can give today at https://t.co/WsxyEDP2ey", "id": 1059868885627867138}, {"created_at": "Tue Nov 06 18:03:28 +0000 2018", "text": "RT @ChazReddBear: @RepMaxineWaters Hungry while standing in long lines to vote today? @PizzaToThePolls got ya covered!\n\nPizza to the Polls\u2026", "id": 1059868884876967937}, {"created_at": "Tue Nov 06 18:03:25 +0000 2018", "text": "RT @PizzaToThePolls: We sure do! All we need is an address and picture of the line. Reports can also be made at https://t.co/occwLt8XVy. ht\u2026", "id": 1059868871962832896}, {"created_at": "Tue Nov 06 18:03:24 +0000 2018", "text": "DONATE\nto send pizza to polling stations where there are long lines:\n\nhttps://t.co/bye4Ldoigk\n\nYou can also REQUEST\u2026 https://t.co/8Z4boa1Mp4", "id": 1059868867571392512}, {"created_at": "Tue Nov 06 18:03:18 +0000 2018", "text": "RT @tweetmommybop: Looking to pass the time, follow  @PizzaToThePolls . send them some dough, it\u2019s easy to do &amp; a fun distraction while we\u2026", "id": 1059868842577416192}, {"created_at": "Tue Nov 06 18:03:16 +0000 2018", "text": "I just donated to @pizzatothepolls! You can give today at https://t.co/IjTfBrlDgv", "id": 1059868834402787328}, {"created_at": "Tue Nov 06 18:03:15 +0000 2018", "text": "@crookedmedia @TVietor08 AND if you\u2019re in a long line tweet @PizzaToThePolls to keep people in line well fed!", "id": 1059868830963507200}, {"created_at": "Tue Nov 06 18:03:12 +0000 2018", "text": "RT @PizzaToThePolls: @RachelKasten @shaunking Yes, please do. We can get pizzas there stat. (Just the specific site or address &amp; a pic of t\u2026", "id": 1059868820398071809}, {"created_at": "Tue Nov 06 18:03:12 +0000 2018", "text": "RT @DebraMessing: Tweet @PizzaToThePolls and they will send free pizza. https://t.co/yjlzzYVGa3", "id": 1059868819429060608}, {"created_at": "Tue Nov 06 18:03:12 +0000 2018", "text": "IF YOU ARE CURRENTLY ON LONG VOTING LINES AND SEE PEOLLE GETTING DISCOURAGED AND LEAVING PLEASE TRY AND TALK TO THE\u2026 https://t.co/XvlCJ9MSlS", "id": 1059868818363826178}, {"created_at": "Tue Nov 06 18:03:09 +0000 2018", "text": "RT @PizzaToThePolls: Happy voting everyone!! Here\u2019s hoping your voting journey is quick and easy today but if you get stuck in line, we\u2019re\u2026", "id": 1059868805881610244}, {"created_at": "Tue Nov 06 18:03:06 +0000 2018", "text": "RT @PizzaToThePolls: We have a report of a line at 141 Pryor St SW #4075, Atlanta, GA 30303, USA\n\nvia https://t.co/lZB02N9kih", "id": 1059868792136830977}, {"created_at": "Tue Nov 06 18:03:05 +0000 2018", "text": "You guys, @PizzaToThePolls is a real thing. Waiting in line to vote? Get #freepizza ! Want to help? Send free\u2026 https://t.co/AWv9W0KSI4", "id": 1059868790006046720}, {"created_at": "Tue Nov 06 18:03:03 +0000 2018", "text": "RT @DebraMessing: Tweet @PizzaToThePolls and they will send free pizza. https://t.co/yjlzzYVGa3", "id": 1059868780740861952}, {"created_at": "Tue Nov 06 18:02:59 +0000 2018", "text": "RT @restaurant_mom: It's going to be one hell of a day.\n\nDon't forget, if you're in line, stay in line. \n\nIf there's a registration snafu,\u2026", "id": 1059868763783356416}, {"created_at": "Tue Nov 06 18:02:56 +0000 2018", "text": "@anylaurie16 @TVietor08 @PizzaToThePolls ?", "id": 1059868751456333824}, {"created_at": "Tue Nov 06 18:02:54 +0000 2018", "text": "RT @PizzaToThePolls: Gwinnett County apparently doesn't *do* pizza before 11am, so we've got 8 dozen donuts headed that way. https://t.co/W\u2026", "id": 1059868741566115841}, {"created_at": "Tue Nov 06 18:02:52 +0000 2018", "text": "RT @GMA: Getting out the vote - #ElectionDay angels are getting creative to get others to the polls! @PizzaToThePolls is sending free pizza\u2026", "id": 1059868736012906496}, {"created_at": "Tue Nov 06 18:02:52 +0000 2018", "text": "@TimFleischer7 @bronx @ABC7NY Can we get some pizza here? @PizzaToThePolls", "id": 1059868734289051648}, {"created_at": "Tue Nov 06 18:02:51 +0000 2018", "text": "I just donated to @pizzatothepolls! You can give today at https://t.co/pMOj3AJR37", "id": 1059868730493005824}, {"created_at": "Tue Nov 06 18:02:51 +0000 2018", "text": "I just donated to @pizzatothepolls! You can give today at https://t.co/wRCjljyQjs", "id": 1059868729004249090}, {"created_at": "Tue Nov 06 18:02:45 +0000 2018", "text": "RT @PizzaToThePolls: Help bring smiles to the faces of everyone hangning out at over-crowded polling places with a donation today \u27a1\ufe0f https:\u2026", "id": 1059868704832397314}, {"created_at": "Tue Nov 06 18:02:45 +0000 2018", "text": "Hello @ACLU @Target (send power cords) @PizzaToThePolls (everyone is staying in line). #PowerToThePolls\u2026 https://t.co/ZfteCR3Upb", "id": 1059868704337346560}, {"created_at": "Tue Nov 06 18:02:42 +0000 2018", "text": "I just donated to @pizzatothepolls! You can give today at https://t.co/fG27DNU8z5", "id": 1059868694678065153}, {"created_at": "Tue Nov 06 18:02:42 +0000 2018", "text": "RT @joshchafetz: I just threw $100 to @PizzaToThePolls. It may sound somewhat silly, but long lines at polling places are largely a result\u2026", "id": 1059868692400537601}, {"created_at": "Tue Nov 06 18:02:41 +0000 2018", "text": "RT @AnabelaALiv: @ananavarro @PizzaToThePolls wants to hear about those long lines. After they do, a free pizza is sent over. It\u2019s a win wi\u2026", "id": 1059868689615466499}, {"created_at": "Tue Nov 06 18:02:41 +0000 2018", "text": "RT @joshchafetz: I just threw $100 to @PizzaToThePolls. It may sound somewhat silly, but long lines at polling places are largely a result\u2026", "id": 1059868688541577217}, {"created_at": "Tue Nov 06 18:02:29 +0000 2018", "text": "@tweetmommybop @PizzaToThePolls I just sent a few pizzas to voting places with long lines! It was fast &amp; easy. It's\u2026 https://t.co/UQUVkEln58", "id": 1059868640047218691}, {"created_at": "Tue Nov 06 18:02:27 +0000 2018", "text": ".@PizzaToThePolls https://t.co/FE8H1bzwIt", "id": 1059868631000080386}, {"created_at": "Tue Nov 06 18:02:26 +0000 2018", "text": "RT @dawgmommi_bird: If you tweet @PizzaToThePolls they\u2019ll bring pizza to people waiting in line to vote! #electionday #ElectionDay2018 #Vot\u2026", "id": 1059868627736813568}, {"created_at": "Tue Nov 06 18:02:24 +0000 2018", "text": "RT @PizzaToThePolls: Hearing about a line at 1401 W Green St, Urbana, IL 61801, USA\n\nvia https://t.co/isW0bMcFEz", "id": 1059868619126030341}, {"created_at": "Tue Nov 06 18:02:24 +0000 2018", "text": "Can donate thru @PizzaToThePolls for these and other folks waiting on long lines! https://t.co/NzxcTgaysN", "id": 1059868616756248576}, {"created_at": "Tue Nov 06 18:02:19 +0000 2018", "text": ".@PizzaToThePolls deserves a Nobel Pizza Prize. https://t.co/PSwjeDwUDo", "id": 1059868595444948992}, {"created_at": "Tue Nov 06 18:02:16 +0000 2018", "text": "RT @frankieindc: @adv_project Just checked for the address for these lines for @PizzaToThePolls and the website for Georgia's list of polli\u2026", "id": 1059868582090293248}, {"created_at": "Tue Nov 06 18:02:15 +0000 2018", "text": "RT @DebraMessing: Tweet @PizzaToThePolls and they will send free pizza. https://t.co/yjlzzYVGa3", "id": 1059868581230403584}, {"created_at": "Tue Nov 06 18:02:15 +0000 2018", "text": "I just donated to @pizzatothepolls! You can give today at https://t.co/eaL0imsTb9", "id": 1059868577942159361}, {"created_at": "Tue Nov 06 18:02:14 +0000 2018", "text": "@MareDoe @thejohnstonsr @TRLangton @theresa_beer @pattigandolfini @MattGertz @thegarance @PizzaToThePolls Huge numb\u2026 https://t.co/gFrVwSKvaC", "id": 1059868576864235521}, {"created_at": "Tue Nov 06 18:02:10 +0000 2018", "text": "RT @DebraMessing: It\u2019s voting day.!  Please don\u2019t tweet or RT rumors. Only RT official orgs. Call 866-OUR-VOTE to report verified issues.\u2026", "id": 1059868560422391808}, {"created_at": "Tue Nov 06 18:02:09 +0000 2018", "text": "RT @joshchafetz: I just threw $100 to @PizzaToThePolls. It may sound somewhat silly, but long lines at polling places are largely a result\u2026", "id": 1059868554990944256}, {"created_at": "Tue Nov 06 18:02:09 +0000 2018", "text": "RT @kazweida: Ruh oh, Atlanta.\n\n@PizzaToThePolls to the rescue.\nBut seriously though. This is unacceptable, Georgia.\n\n#WaveCast #WaveCastGA\u2026", "id": 1059868553321594880}, {"created_at": "Tue Nov 06 18:02:08 +0000 2018", "text": "@MareDoe @thejohnstonsr @TRLangton @theresa_beer @pattigandolfini @MattGertz @thegarance @PizzaToThePolls There\u2019s a\u2026 https://t.co/n3ghuqGAO8", "id": 1059868551987843073}, {"created_at": "Tue Nov 06 18:02:05 +0000 2018", "text": "RT @WaywardWinifred: If the lines are long and the functioning machines are few, tweet to @PizzaToThePolls and get pizzas sent over asap.", "id": 1059868539757174784}, {"created_at": "Tue Nov 06 18:02:05 +0000 2018", "text": "RT @Alyssa_Milano: Do you all know about @PizzaToThePolls? \n\nYou can donate to the fund at https://t.co/3bdV8hIS0a! \n\nAnd if you see hungry\u2026", "id": 1059868536217186306}, {"created_at": "Tue Nov 06 18:02:01 +0000 2018", "text": "RT @DebraMessing: It\u2019s voting day.!  Please don\u2019t tweet or RT rumors. Only RT official orgs. Call 866-OUR-VOTE to report verified issues.\u2026", "id": 1059868520241094656}, {"created_at": "Tue Nov 06 18:01:59 +0000 2018", "text": "RT @PizzaToThePolls: @fkaburns @tomreganWSB Do you know the exact location?  Thank you, you are amazing!", "id": 1059868512485867520}, {"created_at": "Tue Nov 06 18:01:58 +0000 2018", "text": "@shantalmhtnews @electionland Can we please get some pizza here @PizzaToThePolls ?", "id": 1059868510560575488}, {"created_at": "Tue Nov 06 18:01:57 +0000 2018", "text": "RT @fkaburns: @tomreganWSB @PizzaToThePolls can we y'all get some pizza to this location?", "id": 1059868505917607937}, {"created_at": "Tue Nov 06 18:01:57 +0000 2018", "text": "RT @PizzaToThePolls: .    \ud83e\udd20\n    \ud83c\udf55\ud83c\udf55\ud83c\udf55\n   \ud83d\udc47 \ud83c\udf55 \ud83d\udc47\n  \u3000 \ud83c\udf55 \ud83c\udf55\n\u3000  \ud83c\udf55\u3000 \ud83c\udf55\n\u3000  \ud83d\udc62   \ud83d\udc62\nhowdy I'm the pizza sheriff - sending 10 pizzas now", "id": 1059868502536859649}, {"created_at": "Tue Nov 06 18:01:56 +0000 2018", "text": "RT @DebraMessing: It\u2019s voting day.!  Please don\u2019t tweet or RT rumors. Only RT official orgs. Call 866-OUR-VOTE to report verified issues.\u2026", "id": 1059868502218231816}, {"created_at": "Tue Nov 06 18:01:53 +0000 2018", "text": "RT @chmchm: I just donated to @pizzatothepolls! You can give today at https://t.co/a85Youo4Fa", "id": 1059868487747805184}, {"created_at": "Tue Nov 06 18:01:52 +0000 2018", "text": "RT @PizzaToThePolls: @fkaburns @tomreganWSB Do you know the exact location?  Thank you, you are amazing!", "id": 1059868482697920514}, {"created_at": "Tue Nov 06 18:01:51 +0000 2018", "text": "RT @DebraMessing: It\u2019s voting day.!  Please don\u2019t tweet or RT rumors. Only RT official orgs. Call 866-OUR-VOTE to report verified issues.\u2026", "id": 1059868478897717248}, {"created_at": "Tue Nov 06 18:01:49 +0000 2018", "text": "RT @shannonrwatts: It\u2019s voting day. Please don\u2019t tweet or RT rumors. Only RT official orgs. Call 866-OUR-VOTE to report verified issues.\u2026", "id": 1059868472530751488}, {"created_at": "Tue Nov 06 18:01:45 +0000 2018", "text": "RT @PizzaToThePolls: Gwinnett County apparently doesn't *do* pizza before 11am, so we've got 8 dozen donuts headed that way. https://t.co/W\u2026", "id": 1059868453513900033}, {"created_at": "Tue Nov 06 18:01:45 +0000 2018", "text": "RT @PizzaToThePolls: @fkaburns @tomreganWSB Do you know the exact location?  Thank you, you are amazing!", "id": 1059868452943327232}, {"created_at": "Tue Nov 06 18:01:43 +0000 2018", "text": "RT @fkaburns: @tomreganWSB @PizzaToThePolls can we y'all get some pizza to this location?", "id": 1059868445246812160}, {"created_at": "Tue Nov 06 18:01:41 +0000 2018", "text": "RT @PizzaToThePolls: |\uffe3\uffe3\uffe3\uffe3\uffe3\uffe3|\n|  Pizza            |\n|   FOR             |\n|   801 E Camelback Rd, Phoenix, AZ 85014, USA\n| \uff3f\uff3f\uff3f\uff3f\uff3f__| \n(\\__/)\u2026", "id": 1059868435985940480}, {"created_at": "Tue Nov 06 18:01:36 +0000 2018", "text": "RT @PizzaToThePolls: Help bring smiles to the faces of everyone hangning out at over-crowded polling places with a donation today \u27a1\ufe0f https:\u2026", "id": 1059868417753268226}, {"created_at": "Tue Nov 06 18:01:32 +0000 2018", "text": "I just donated to @pizzatothepolls! \n\nYou can give today at https://t.co/5KfoFqN1RJ", "id": 1059868398123798528}, {"created_at": "Tue Nov 06 18:01:29 +0000 2018", "text": "RT @Cerriwin: @PizzaToThePolls @kira_lerner #DonutsToThePolls!", "id": 1059868385146679296}, {"created_at": "Tue Nov 06 18:01:28 +0000 2018", "text": "@soledadobrien And. There is free pizza on the way, I reported this line.  If YOU are in an hours-long line, report\u2026 https://t.co/PTi35AxacM", "id": 1059868383372468224}, {"created_at": "Tue Nov 06 18:01:27 +0000 2018", "text": "RT @PizzaToThePolls: @rarosales15 @_2lite @ljoywilliams @NAACP @GeorgiaDemocrat Pizza should be there or on the way!  Keep us posted and le\u2026", "id": 1059868379857600512}, {"created_at": "Tue Nov 06 18:01:27 +0000 2018", "text": "RT @PizzaToThePolls: @RachelKasten @shaunking Yes, please do. We can get pizzas there stat. (Just the specific site or address &amp; a pic of t\u2026", "id": 1059868379635421184}, {"created_at": "Tue Nov 06 18:01:26 +0000 2018", "text": "RT @PizzaToThePolls: @kira_lerner Any idea if the 6 dozen donuts we sent a few hours got to voters in line?", "id": 1059868376221118464}, {"created_at": "Tue Nov 06 18:01:26 +0000 2018", "text": "RT @joshchafetz: I just threw $100 to @PizzaToThePolls. It may sound somewhat silly, but long lines at polling places are largely a result\u2026", "id": 1059868375147573248}, {"created_at": "Tue Nov 06 18:01:26 +0000 2018", "text": "RT @DebraMessing: It\u2019s voting day.!  Please don\u2019t tweet or RT rumors. Only RT official orgs. Call 866-OUR-VOTE to report verified issues.\u2026", "id": 1059868375013306369}, {"created_at": "Tue Nov 06 18:01:26 +0000 2018", "text": "RT @PizzaToThePolls: Somebody told us they might need pizzas at 750 Classon Ave, Brooklyn, NY 11238, USA \n\nvia https://t.co/kYNBswPn7A", "id": 1059868374195453954}, {"created_at": "Tue Nov 06 18:01:26 +0000 2018", "text": "RT @PizzaToThePolls: @rarosales15 @_2lite @ljoywilliams @NAACP @GeorgiaDemocrat Pizza should be there or on the way!  Keep us posted and le\u2026", "id": 1059868373104975874}, {"created_at": "Tue Nov 06 18:01:24 +0000 2018", "text": "I just donated to @pizzatothepolls! @GOP does all it can to suppress voters. Many polling places have huge lines. Y\u2026 https://t.co/4He8RInEQE", "id": 1059868366117224454}, {"created_at": "Tue Nov 06 18:01:22 +0000 2018", "text": "CC: @PizzaToThePolls https://t.co/l10XHx7xyH", "id": 1059868356373753856}, {"created_at": "Tue Nov 06 18:01:22 +0000 2018", "text": "I just donated to @pizzatothepolls! You can give today at https://t.co/Bps1vg1jiV", "id": 1059868355648200704}, {"created_at": "Tue Nov 06 18:01:21 +0000 2018", "text": "@fkaburns @PizzaToThePolls @TheAtrium985 @BamaWing05 @tomreganWSB You\u2019re a gem", "id": 1059868354754818049}, {"created_at": "Tue Nov 06 18:01:21 +0000 2018", "text": "RT @DebraMessing: It\u2019s voting day.!  Please don\u2019t tweet or RT rumors. Only RT official orgs. Call 866-OUR-VOTE to report verified issues.\u2026", "id": 1059868353400070146}, {"created_at": "Tue Nov 06 18:01:20 +0000 2018", "text": "RT @DebraMessing: Tweet @PizzaToThePolls and they will send free pizza. https://t.co/yjlzzYVGa3", "id": 1059868347473383424}, {"created_at": "Tue Nov 06 18:01:18 +0000 2018", "text": "I just donated to @pizzatothepolls! You can give today at https://t.co/gTUYEPyb9M", "id": 1059868341907664900}, {"created_at": "Tue Nov 06 18:01:16 +0000 2018", "text": "RT @joshchafetz: I just threw $100 to @PizzaToThePolls. It may sound somewhat silly, but long lines at polling places are largely a result\u2026", "id": 1059868334005649409}, {"created_at": "Tue Nov 06 18:01:16 +0000 2018", "text": "RT @kazweida: Ruh oh, Atlanta.\n\n@PizzaToThePolls to the rescue.\nBut seriously though. This is unacceptable, Georgia.\n\n#WaveCast #WaveCastGA\u2026", "id": 1059868332449390593}, {"created_at": "Tue Nov 06 18:01:15 +0000 2018", "text": "RT @PizzaToThePolls: Help bring smiles to the faces of everyone hangning out at over-crowded polling places with a donation today \u27a1\ufe0f https:\u2026", "id": 1059868330188632064}, {"created_at": "Tue Nov 06 18:01:13 +0000 2018", "text": "RT @PizzaToThePolls: \u2533\u253b|\n\u253b\u2533|\n\u2533\u253b|\n\u253b\u2533|\n\u2533\u253b|\n\u253b\u2533|\n\u2533\u253b|\n\u253b\u2533|\n\u2533\u253b|\n\u253b\u2533|\n\u2533\u253b|\n\u253b\u2533|\n\u2533\u253b| _\n\u253b\u2533| \u2022.\u2022) We just sent  10 pizzas\n\u2533\u253b|\u2282\uff89   stay in line!\n\u253b\u2533|", "id": 1059868320948723715}, {"created_at": "Tue Nov 06 18:01:12 +0000 2018", "text": "RT @PizzaToThePolls: .iVVVVVVi\n.|               |\n.|               |\n.|      (O) (O)\nC              _)\n.|          ,_| Cowabunga - 10 pizza\u2026", "id": 1059868313852014600}, {"created_at": "Tue Nov 06 18:01:11 +0000 2018", "text": "RT @DebraMessing: It\u2019s voting day.!  Please don\u2019t tweet or RT rumors. Only RT official orgs. Call 866-OUR-VOTE to report verified issues.\u2026", "id": 1059868312904126464}, {"created_at": "Tue Nov 06 18:01:10 +0000 2018", "text": "@jolocktov @PizzaToThePolls Just donated. Thanks for the link.", "id": 1059868305610235904}, {"created_at": "Tue Nov 06 18:01:08 +0000 2018", "text": "If you have long lines at your polling site and see people leaving, please contact @PizzaToThePolls and they will d\u2026 https://t.co/TEUaMiVKSw", "id": 1059868298773495808}, {"created_at": "Tue Nov 06 18:01:08 +0000 2018", "text": "@PizzaToThePolls I \u2764\ufe0fyou, @PizzaToThePolls", "id": 1059868298555412480}, {"created_at": "Tue Nov 06 18:01:05 +0000 2018", "text": "RT @tweetmommybop: . @PizzaToThePolls is sending these voters some pizza to encourage them to stay in line. Wanna send one? It\u2019s easy to do\u2026", "id": 1059868286681260034}, {"created_at": "Tue Nov 06 18:01:03 +0000 2018", "text": "RT @no1raddad: @Freeyourmindkid This is voter suppression. Stay in line! If you\u2019re in line by 7pm, THEY HAVE TO LET YOU VOTE! @PizzaToThePo\u2026", "id": 1059868278431064067}, {"created_at": "Tue Nov 06 18:00:59 +0000 2018", "text": "RT @bnixon23: @Cerriwin @kira_lerner @PizzaToThePolls 3150 Spain Rd, Snellville, GA 30039", "id": 1059868261121064961}, {"created_at": "Tue Nov 06 18:00:59 +0000 2018", "text": "@56blackcat @rebarnick9 @restaurant_mom @PizzaToThePolls Yeah girl! We be fired up! We love our dems more than  eve\u2026 https://t.co/q7C64zm2j1", "id": 1059868260324311041}, {"created_at": "Tue Nov 06 18:00:59 +0000 2018", "text": "RT @joshchafetz: I just threw $100 to @PizzaToThePolls. It may sound somewhat silly, but long lines at polling places are largely a result\u2026", "id": 1059868259963559942}, {"created_at": "Tue Nov 06 18:00:58 +0000 2018", "text": "@PizzaToThePolls I think my polling place needs pizza.  There are 4 workers and sometimes there is a line.  405 E C\u2026 https://t.co/UaY6yg0xiZ", "id": 1059868256780124161}, {"created_at": "Tue Nov 06 18:00:57 +0000 2018", "text": "RT @DebraMessing: Tweet @PizzaToThePolls and they will send free pizza. https://t.co/yjlzzYVGa3", "id": 1059868253483237377}, {"created_at": "Tue Nov 06 18:00:56 +0000 2018", "text": "RT @Cerriwin: @kira_lerner Hey @PizzaToThePolls !!!", "id": 1059868249339260930}, {"created_at": "Tue Nov 06 18:00:54 +0000 2018", "text": "@PizzaToThePolls Both polling places on UT\u2019s campus in Austin have +1 hour wait times! Can we get these young voter\u2026 https://t.co/EvuhFfqr5e", "id": 1059868239587696642}, {"created_at": "Tue Nov 06 18:00:51 +0000 2018", "text": "RT @carrieisbusy: @bathsalts2016 @kira_lerner @PizzaToThePolls is on it! You can donate to them &amp; they send pizza for voters to eat while w\u2026", "id": 1059868229500162048}, {"created_at": "Tue Nov 06 18:00:51 +0000 2018", "text": "RT @kazweida: Ruh oh, Atlanta.\n\n@PizzaToThePolls to the rescue.\nBut seriously though. This is unacceptable, Georgia.\n\n#WaveCast #WaveCastGA\u2026", "id": 1059868225750659073}, {"created_at": "Tue Nov 06 18:00:47 +0000 2018", "text": "How amaaaaazing is this!!! @PizzaToThePolls https://t.co/Sepmv54i7d", "id": 1059868212396023808}, {"created_at": "Tue Nov 06 18:00:46 +0000 2018", "text": "RT @dawgmommi_bird: If you tweet @PizzaToThePolls they\u2019ll bring pizza to people waiting in line to vote! #electionday #ElectionDay2018 #Vot\u2026", "id": 1059868205731246081}, {"created_at": "Tue Nov 06 18:00:46 +0000 2018", "text": "RT @DebraMessing: It\u2019s voting day.!  Please don\u2019t tweet or RT rumors. Only RT official orgs. Call 866-OUR-VOTE to report verified issues.\u2026", "id": 1059868204904919040}, {"created_at": "Tue Nov 06 18:00:45 +0000 2018", "text": "RT @Alyssa_Milano: Do you all know about @PizzaToThePolls? \n\nYou can donate to the fund at https://t.co/3bdV8hIS0a! \n\nAnd if you see hungry\u2026", "id": 1059868202237394945}, {"created_at": "Tue Nov 06 18:00:43 +0000 2018", "text": "RT @sailqueen: @Teedurful @PizzaToThePolls This nice lady has a boots on the ground reporter for her precinct all morning.  Her bio says sh\u2026", "id": 1059868194645643264}, {"created_at": "Tue Nov 06 18:00:43 +0000 2018", "text": "I just donated to @pizzatothepolls! You can give today at https://t.co/jpUXmf53wt", "id": 1059868192703766531}, {"created_at": "Tue Nov 06 18:00:40 +0000 2018", "text": "RT @PizzaToThePolls: {\\__/}\n( \u2022 . \u2022)\n/ &gt; \ud83d\uddf3  psst. look at this polling place at it 15040 Westpark Dr, Houston, TX 77082, USA\n\n{\\__/}\n(\u00f2 . \u00f3\u2026", "id": 1059868181932716036}, {"created_at": "Tue Nov 06 18:00:40 +0000 2018", "text": "RT @PizzaToThePolls: @indy_gregg Kind humans who donated to our fund. Check us out, link is in bio! We've been sending pizzas since 2016. P\u2026", "id": 1059868180951130113}, {"created_at": "Tue Nov 06 18:00:40 +0000 2018", "text": "RT @PizzaToThePolls: Somebody told us they might need pizzas at 750 Classon Ave, Brooklyn, NY 11238, USA \n\nvia https://t.co/kYNBswPn7A", "id": 1059868180338884609}, {"created_at": "Tue Nov 06 18:00:39 +0000 2018", "text": "RT @PizzaToThePolls: Somebody told us they might need pizzas at 911 Flatbush Ave, Brooklyn, NY 11226, USA \n\nvia https://t.co/y5fZjHDoiL", "id": 1059868175385444352}, {"created_at": "Tue Nov 06 18:00:37 +0000 2018", "text": "RT @PizzaToThePolls: @RachelKasten @shaunking Yes, please do. We can get pizzas there stat. (Just the specific site or address &amp; a pic of t\u2026", "id": 1059868170348052481}, {"created_at": "Tue Nov 06 18:00:37 +0000 2018", "text": "RT @DebraMessing: It\u2019s voting day.!  Please don\u2019t tweet or RT rumors. Only RT official orgs. Call 866-OUR-VOTE to report verified issues.\u2026", "id": 1059868170238873600}, {"created_at": "Tue Nov 06 18:00:37 +0000 2018", "text": "RT @DebraMessing: Tweet @PizzaToThePolls and they will send free pizza. https://t.co/yjlzzYVGa3", "id": 1059868167755849728}, {"created_at": "Tue Nov 06 18:00:36 +0000 2018", "text": "RT @nycmusicnerd: @staceyabrams @cmclymer @GeorgiaDemocrat Also: If you're in a polling place with a long line, tweet a pic of the line and\u2026", "id": 1059868165046444033}, {"created_at": "Tue Nov 06 18:00:36 +0000 2018", "text": "@DebraMessing @PizzaToThePolls That happened in Hollywood Fl also this morning", "id": 1059868163842760705}, {"created_at": "Tue Nov 06 18:00:33 +0000 2018", "text": "RT @LisettePylant: Remember: STAY IN LINE - if you are in line when polls close you can still vote! Let @PizzaToThePolls know if you need f\u2026", "id": 1059868150148292608}, {"created_at": "Tue Nov 06 18:00:31 +0000 2018", "text": "@PizzaToThePolls Just sent a pizza. Don\u2019t give up voters!!!", "id": 1059868143877844995}, {"created_at": "Tue Nov 06 18:00:30 +0000 2018", "text": "RT @timelyrepairs: @missuspineapple @Freeyourmindkid @staceyabrams @PizzaToThePolls", "id": 1059868139280785408}, {"created_at": "Tue Nov 06 18:00:29 +0000 2018", "text": "@PizzaToThePolls Can you send some to PS 753/Brooklyn School for Career Development, 510 Clermont Avenue, Brooklyn,\u2026 https://t.co/I5uaa1UqAQ", "id": 1059868137015963648}, {"created_at": "Tue Nov 06 18:00:29 +0000 2018", "text": "@soledadobrien and tweet @PizzaToThePolls to get pizza delivered to your line https://t.co/mPAZDxVKi2", "id": 1059868134046396421}, {"created_at": "Tue Nov 06 18:00:28 +0000 2018", "text": "@rethinkdetroit @PizzaToThePolls, you guys on this?", "id": 1059868132267966467}, {"created_at": "Tue Nov 06 18:00:26 +0000 2018", "text": "RT @PizzaToThePolls: Help bring smiles to the faces of everyone hangning out at over-crowded polling places with a donation today \u27a1\ufe0f https:\u2026", "id": 1059868122566537217}, {"created_at": "Tue Nov 06 18:00:26 +0000 2018", "text": "Bought 5 more pizzas for voters in line. @pizzatothepolls", "id": 1059868121903833088}, {"created_at": "Tue Nov 06 18:00:25 +0000 2018", "text": "I just donated to @pizzatothepolls! You can give today at https://t.co/AZEOQCHv6f", "id": 1059868120008007681}, {"created_at": "Tue Nov 06 18:00:24 +0000 2018", "text": "@kira_lerner If you tweet @PizzaToThePolls they will send over lunch! \ud83c\udf55", "id": 1059868114278666241}, {"created_at": "Tue Nov 06 18:00:24 +0000 2018", "text": "@PizzaToThePolls Pew!  Pew!  Pew!  Pizza!", "id": 1059868113657913344}, {"created_at": "Tue Nov 06 18:00:24 +0000 2018", "text": "RT @PizzaToThePolls: Happy voting everyone!! Here\u2019s hoping your voting journey is quick and easy today but if you get stuck in line, we\u2019re\u2026", "id": 1059868113100046336}, {"created_at": "Tue Nov 06 18:00:23 +0000 2018", "text": "I just donated to @pizzatothepolls! You can give today at https://t.co/R2MbZD7ndI", "id": 1059868108419026944}, {"created_at": "Tue Nov 06 18:00:21 +0000 2018", "text": "RT @joshchafetz: I just threw $100 to @PizzaToThePolls. It may sound somewhat silly, but long lines at polling places are largely a result\u2026", "id": 1059868100013764609}, {"created_at": "Tue Nov 06 18:00:17 +0000 2018", "text": "RT @DebraMessing: Tweet @PizzaToThePolls and they will send free pizza. https://t.co/yjlzzYVGa3", "id": 1059868083521695744}, {"created_at": "Tue Nov 06 18:00:16 +0000 2018", "text": "@ERFedida @BOENYC @nyc311 @PizzaToThePolls I called 311 and they didn\u2019t know where LIC was", "id": 1059868082255134720}, {"created_at": "Tue Nov 06 18:00:14 +0000 2018", "text": "Lines too long at your polling station, let the team know...just donated to @pizzatothepolls! You can give today at https://t.co/lq3MCZmFH4", "id": 1059868071454801920}, {"created_at": "Tue Nov 06 18:00:13 +0000 2018", "text": "RT @nobledemonsxo: Long line at your polling booth? Are people leaving? Don't let them, take a picture/tweet/snap about the line and let @P\u2026", "id": 1059868068225134595}, {"created_at": "Tue Nov 06 18:00:13 +0000 2018", "text": "RT @DebraMessing: It\u2019s voting day.!  Please don\u2019t tweet or RT rumors. Only RT official orgs. Call 866-OUR-VOTE to report verified issues.\u2026", "id": 1059868066660708361}, {"created_at": "Tue Nov 06 18:00:12 +0000 2018", "text": "RT @DebraMessing: It\u2019s voting day.!  Please don\u2019t tweet or RT rumors. Only RT official orgs. Call 866-OUR-VOTE to report verified issues.\u2026", "id": 1059868064781688833}, {"created_at": "Tue Nov 06 18:00:11 +0000 2018", "text": "RT @joshchafetz: I just threw $100 to @PizzaToThePolls. It may sound somewhat silly, but long lines at polling places are largely a result\u2026", "id": 1059868058263711744}, {"created_at": "Tue Nov 06 18:00:10 +0000 2018", "text": "@PizzaToThePolls @timelyrepairs @Freeyourmindkid @staceyabrams I'll make a donation! Thanks!!", "id": 1059868055419801600}, {"created_at": "Tue Nov 06 18:00:10 +0000 2018", "text": "RT @joshchafetz: I just threw $100 to @PizzaToThePolls. It may sound somewhat silly, but long lines at polling places are largely a result\u2026", "id": 1059868053872111616}, {"created_at": "Tue Nov 06 18:00:09 +0000 2018", "text": "RT @PizzaToThePolls: Reminder: Please please send those long line reports through https://t.co/TAZOXotnXL. Twitter is super hard to keep up\u2026", "id": 1059868051032535042}, {"created_at": "Tue Nov 06 18:00:08 +0000 2018", "text": "RT @428Becca: @shaunking Sounds like they might need @PizzaToThePolls", "id": 1059868048230879235}, {"created_at": "Tue Nov 06 18:00:08 +0000 2018", "text": "Hey @dominos @PapaJohns it'd be awesome if on #electionday you could feed some hungry voters and help out @PizzaToThePolls", "id": 1059868047559798785}, {"created_at": "Tue Nov 06 18:00:06 +0000 2018", "text": "RT @joshchafetz: .@PizzaToThePolls is doing some impressive volume! Remember to send them reports of lines at polling places!", "id": 1059868038948888576}, {"created_at": "Tue Nov 06 18:00:03 +0000 2018", "text": "RT @DebraMessing: Tweet @PizzaToThePolls and they will send free pizza. https://t.co/yjlzzYVGa3", "id": 1059868027024420864}, {"created_at": "Tue Nov 06 18:00:03 +0000 2018", "text": "@DucoLaw @IndivisibleIL Are there still lines? @PizzaToThePolls will send pizza there. #PizzaToThePolls", "id": 1059868024612810752}, {"created_at": "Tue Nov 06 18:00:02 +0000 2018", "text": "RT @DebraMessing: Tweet @PizzaToThePolls and they will send free pizza. https://t.co/yjlzzYVGa3", "id": 1059868022892949504}, {"created_at": "Tue Nov 06 18:00:02 +0000 2018", "text": "Wahlen in den USA - das hei\u00dft auch lange Schlangen vor Wahllokalen. Die Initiative @PizzaToThePolls hilft hungrigen\u2026 https://t.co/dksO5fAwmJ", "id": 1059868020871479296}, {"created_at": "Tue Nov 06 18:00:01 +0000 2018", "text": "@PizzaToThePolls @kira_lerner Yes. Sure. Send more.... https://t.co/X4rygNZUP9", "id": 1059868019676057606}, {"created_at": "Tue Nov 06 18:00:01 +0000 2018", "text": "RT @DebraMessing: Tweet @PizzaToThePolls and they will send free pizza. https://t.co/yjlzzYVGa3", "id": 1059868018740772864}]