[{"created_at": "Tue Nov 06 11:59:40 +0000 2018", "text": "RT @CarolineAFish: Helpful information via @tinaLillet for voting in New York City TODAY. Most importantly, @PizzaToThePolls \ud83d\ude09\ud83c\udf55\ud83c\udf55#GetOutTheV\u2026", "id": 1059777331026448384, "clean_text": "RT Helpful information via for voting in New York City TODAY Most importantly GetOutTheV", "contain_address": false}, {"created_at": "Tue Nov 06 11:59:03 +0000 2018", "text": "RT @wserrino: Pizza to the Polls  -- If People are waiting in long lines - help them stay happy and stay to vote by contacting @pizzatothep\u2026", "id": 1059777175656783877, "clean_text": "RT Pizza to the Polls If People are waiting in long lines help them stay happy and stay to vote by contacting", "contain_address": false}, {"created_at": "Tue Nov 06 11:57:02 +0000 2018", "text": "RT @PizzaToThePolls: @AnnaSekiguchi 16 pizzas from dominos should be on the way!", "id": 1059776669307813888, "clean_text": "RT 16 pizzas from dominos should be on the way", "contain_address": false}, {"created_at": "Tue Nov 06 11:56:24 +0000 2018", "text": "RT @PizzaToThePolls: Happy voting everyone!! Here\u2019s hoping your voting journey is quick and easy today but if you get stuck in line, we\u2019re\u2026", "id": 1059776509693448192, "clean_text": "RT Happy voting everyone Here s hoping your voting journey is quick and easy today but if you get stuck in line we re", "contain_address": false}, {"created_at": "Tue Nov 06 11:55:05 +0000 2018", "text": "It's election day.   If you are in line when the polls close, stay in line.   You still get to vote.   If the lines\u2026 https://t.co/TGpGjLCIIu", "id": 1059776179366965248, "clean_text": "It s election day If you are in line when the polls close stay in line You still get to vote If the lines", "contain_address": false}, {"created_at": "Tue Nov 06 11:54:52 +0000 2018", "text": "RT @PizzaToThePolls: Happy voting everyone!! Here\u2019s hoping your voting journey is quick and easy today but if you get stuck in line, we\u2019re\u2026", "id": 1059776123196858368, "clean_text": "RT Happy voting everyone Here s hoping your voting journey is quick and easy today but if you get stuck in line we re", "contain_address": false}, {"created_at": "Tue Nov 06 11:54:10 +0000 2018", "text": "RT @jomareewade: @teresa_atHome @ChocoHarveyMilk @TheLoyalO @KidCasteel @AllensOpEd @SnowBiAuthor @joncoopertweets @NWPinPDX @CyrusToulabi\u2026", "id": 1059775950211039232, "clean_text": "RT", "contain_address": false}, {"created_at": "Tue Nov 06 11:53:24 +0000 2018", "text": "RT @nursegalmom: @sarahkendzior @InSpiteOfTrump @Barryhallphd If the line gets too long, take a picture and tag @PizzaToThePolls - They wil\u2026", "id": 1059775755754688513, "clean_text": "RT If the line gets too long take a picture and tag They wil", "contain_address": false}, {"created_at": "Tue Nov 06 11:53:13 +0000 2018", "text": "RT @Enjoneer01: Today is #ElectionDay, so please remember:\n\n-Stay in line\n-Bring water\n-Check your registration/ID\n-Dress for the weather\n-\u2026", "id": 1059775710510936065, "clean_text": "RT Today is ElectionDay so please remember Stay in line Bring water Check your registration ID Dress for the weather", "contain_address": false}, {"created_at": "Tue Nov 06 11:52:42 +0000 2018", "text": "RT @PizzaToThePolls: Happy voting everyone!! Here\u2019s hoping your voting journey is quick and easy today but if you get stuck in line, we\u2019re\u2026", "id": 1059775578528567297, "clean_text": "RT Happy voting everyone Here s hoping your voting journey is quick and easy today but if you get stuck in line we re", "contain_address": false}, {"created_at": "Tue Nov 06 11:52:37 +0000 2018", "text": "RT @PizzaToThePolls: Happy voting everyone!! Here\u2019s hoping your voting journey is quick and easy today but if you get stuck in line, we\u2019re\u2026", "id": 1059775559272685568, "clean_text": "RT Happy voting everyone Here s hoping your voting journey is quick and easy today but if you get stuck in line we re", "contain_address": false}, {"created_at": "Tue Nov 06 11:52:11 +0000 2018", "text": "RT @KathMacL: Interested in these Midterms? @PizzaToThePolls is a fantastic idea and follow! Report a long line at a polling place, donate\u2026", "id": 1059775447645458433, "clean_text": "RT Interested in these Midterms is a fantastic idea and follow Report a long line at a polling place donate", "contain_address": false}, {"created_at": "Tue Nov 06 11:51:46 +0000 2018", "text": "@PamKeithFL Call @PizzaToThePolls if there is a really long line and you are hungry.", "id": 1059775343937155072, "clean_text": "Call if there is a really long line and you are hungry", "contain_address": false}, {"created_at": "Tue Nov 06 11:51:41 +0000 2018", "text": "RT @PizzaToThePolls: Happy voting everyone!! Here\u2019s hoping your voting journey is quick and easy today but if you get stuck in line, we\u2019re\u2026", "id": 1059775323330543618, "clean_text": "RT Happy voting everyone Here s hoping your voting journey is quick and easy today but if you get stuck in line we re", "contain_address": false}, {"created_at": "Tue Nov 06 11:51:39 +0000 2018", "text": "RT @PizzaToThePolls: Happy voting everyone!! Here\u2019s hoping your voting journey is quick and easy today but if you get stuck in line, we\u2019re\u2026", "id": 1059775313884966912, "clean_text": "RT Happy voting everyone Here s hoping your voting journey is quick and easy today but if you get stuck in line we re", "contain_address": false}, {"created_at": "Tue Nov 06 11:51:32 +0000 2018", "text": "RT @jomareewade: @teresa_atHome @ChocoHarveyMilk @TheLoyalO @KidCasteel @AllensOpEd @SnowBiAuthor @joncoopertweets @NWPinPDX @CyrusToulabi\u2026", "id": 1059775284881305600, "clean_text": "RT", "contain_address": false}, {"created_at": "Tue Nov 06 11:50:37 +0000 2018", "text": "RT @PizzaToThePolls: Happy voting everyone!! Here\u2019s hoping your voting journey is quick and easy today but if you get stuck in line, we\u2019re\u2026", "id": 1059775057076072448, "clean_text": "RT Happy voting everyone Here s hoping your voting journey is quick and easy today but if you get stuck in line we re", "contain_address": false}, {"created_at": "Tue Nov 06 11:49:45 +0000 2018", "text": "RT @PizzaToThePolls: Help bring smiles to the faces of everyone hangning out at over-crowded polling places with a donation today \u27a1\ufe0f https:\u2026", "id": 1059774835851751424, "clean_text": "RT Help bring smiles to the faces of everyone hangning out at over crowded polling places with a donation today https", "contain_address": false}, {"created_at": "Tue Nov 06 11:49:29 +0000 2018", "text": "RT @Enjoneer01: Today is #ElectionDay, so please remember:\n\n-Stay in line\n-Bring water\n-Check your registration/ID\n-Dress for the weather\n-\u2026", "id": 1059774768063438849, "clean_text": "RT Today is ElectionDay so please remember Stay in line Bring water Check your registration ID Dress for the weather", "contain_address": false}, {"created_at": "Tue Nov 06 11:49:28 +0000 2018", "text": "RT @Enjoneer01: Today is #ElectionDay, so please remember:\n\n-Stay in line\n-Bring water\n-Check your registration/ID\n-Dress for the weather\n-\u2026", "id": 1059774766440218625, "clean_text": "RT Today is ElectionDay so please remember Stay in line Bring water Check your registration ID Dress for the weather", "contain_address": false}, {"created_at": "Tue Nov 06 11:49:27 +0000 2018", "text": "RT @wserrino: Pizza to the Polls  -- If People are waiting in long lines - help them stay happy and stay to vote by contacting @pizzatothep\u2026", "id": 1059774761004425218, "clean_text": "RT Pizza to the Polls If People are waiting in long lines help them stay happy and stay to vote by contacting", "contain_address": false}, {"created_at": "Tue Nov 06 11:48:59 +0000 2018", "text": "RT @PizzaToThePolls: We sure do! All we need is an address and picture of the line. Reports can also be made at https://t.co/occwLt8XVy. ht\u2026", "id": 1059774646042681347, "clean_text": "RT We sure do All we need is an address and picture of the line Reports can also be made at ht", "contain_address": false}, {"created_at": "Tue Nov 06 11:48:53 +0000 2018", "text": "RT @CarolineAFish: Helpful information via @tinaLillet for voting in New York City TODAY. Most importantly, @PizzaToThePolls \ud83d\ude09\ud83c\udf55\ud83c\udf55#GetOutTheV\u2026", "id": 1059774619413037057, "clean_text": "RT Helpful information via for voting in New York City TODAY Most importantly GetOutTheV", "contain_address": false}, {"created_at": "Tue Nov 06 11:47:13 +0000 2018", "text": "Today is #ElectionDay, so please remember:\n\n-Stay in line\n-Bring water\n-Check your registration/ID\n-Dress for the w\u2026 https://t.co/rIPuqewxYU", "id": 1059774198267166720, "clean_text": "Today is ElectionDay so please remember Stay in line Bring water Check your registration ID Dress for the w", "contain_address": false}, {"created_at": "Tue Nov 06 11:46:36 +0000 2018", "text": "And if you see a line - or are in a line - consider @PizzaToThePolls! https://t.co/3YQMexvRXC", "id": 1059774042813710336, "clean_text": "And if you see a line or are in a line consider", "contain_address": false}, {"created_at": "Tue Nov 06 11:46:27 +0000 2018", "text": "RT @PizzaToThePolls: Help bring smiles to the faces of everyone hangning out at over-crowded polling places with a donation today \u27a1\ufe0f https:\u2026", "id": 1059774008424628225, "clean_text": "RT Help bring smiles to the faces of everyone hangning out at over crowded polling places with a donation today https", "contain_address": false}, {"created_at": "Tue Nov 06 11:46:07 +0000 2018", "text": "RT @wserrino: Pizza to the Polls  -- If People are waiting in long lines - help them stay happy and stay to vote by contacting @pizzatothep\u2026", "id": 1059773921648463873, "clean_text": "RT Pizza to the Polls If People are waiting in long lines help them stay happy and stay to vote by contacting", "contain_address": false}, {"created_at": "Tue Nov 06 11:45:47 +0000 2018", "text": "RT @BearmanShannon: @teresa_atHome @ChocoHarveyMilk @TheLoyalO @KidCasteel @AllensOpEd @SnowBiAuthor @joncoopertweets @NWPinPDX @CyrusToula\u2026", "id": 1059773837640749057, "clean_text": "RT", "contain_address": false}, {"created_at": "Tue Nov 06 11:45:07 +0000 2018", "text": "RT @PizzaToThePolls: Help bring smiles to the faces of everyone hangning out at over-crowded polling places with a donation today \u27a1\ufe0f https:\u2026", "id": 1059773672381181952, "clean_text": "RT Help bring smiles to the faces of everyone hangning out at over crowded polling places with a donation today https", "contain_address": false}, {"created_at": "Tue Nov 06 11:44:56 +0000 2018", "text": "RT @PizzaToThePolls: @KathMacL https://t.co/BYDBRoGW58", "id": 1059773623848841216, "clean_text": "RT", "contain_address": false}, {"created_at": "Tue Nov 06 11:44:39 +0000 2018", "text": "RT @wserrino: Pizza to the Polls  -- If People are waiting in long lines - help them stay happy and stay to vote by contacting @pizzatothep\u2026", "id": 1059773553153843200, "clean_text": "RT Pizza to the Polls If People are waiting in long lines help them stay happy and stay to vote by contacting", "contain_address": false}, {"created_at": "Tue Nov 06 11:44:17 +0000 2018", "text": "RT @PizzaToThePolls: We sure do! All we need is an address and picture of the line. Reports can also be made at https://t.co/occwLt8XVy. ht\u2026", "id": 1059773460598194176, "clean_text": "RT We sure do All we need is an address and picture of the line Reports can also be made at ht", "contain_address": false}, {"created_at": "Tue Nov 06 11:43:50 +0000 2018", "text": "RT @leahmcelrath: HEADS UP\n\n@PizzaToThePolls sends pizzas to voters waiting in long lines at polling centers!\n\nYou can DONATE here:\n\n https\u2026", "id": 1059773347741917184, "clean_text": "RT HEADS UP sends pizzas to voters waiting in long lines at polling centers You can DONATE here https", "contain_address": false}, {"created_at": "Tue Nov 06 11:42:35 +0000 2018", "text": "@teresa_atHome @ChocoHarveyMilk @TheLoyalO @KidCasteel @AllensOpEd @SnowBiAuthor @joncoopertweets @NWPinPDX\u2026 https://t.co/90qwS8ykCh", "id": 1059773034477826048, "clean_text": "", "contain_address": false}, {"created_at": "Tue Nov 06 11:42:02 +0000 2018", "text": "RT @PizzaToThePolls: Happy voting everyone!! Here\u2019s hoping your voting journey is quick and easy today but if you get stuck in line, we\u2019re\u2026", "id": 1059772895340191744, "clean_text": "RT Happy voting everyone Here s hoping your voting journey is quick and easy today but if you get stuck in line we re", "contain_address": false}, {"created_at": "Tue Nov 06 11:41:16 +0000 2018", "text": "RT @teresa_atHome: @ChocoHarveyMilk @TheLoyalO @KidCasteel @AllensOpEd @SnowBiAuthor @joncoopertweets @NWPinPDX @CyrusToulabi @MatthewWolff\u2026", "id": 1059772703601762304, "clean_text": "RT", "contain_address": false}, {"created_at": "Tue Nov 06 11:40:45 +0000 2018", "text": "RT @wserrino: Pizza to the Polls  -- If People are waiting in long lines - help them stay happy and stay to vote by contacting @pizzatothep\u2026", "id": 1059772571602825216, "clean_text": "RT Pizza to the Polls If People are waiting in long lines help them stay happy and stay to vote by contacting", "contain_address": false}, {"created_at": "Tue Nov 06 11:36:20 +0000 2018", "text": "@MattAsherS @DemWrite @PizzaToThePolls", "id": 1059771462184140801, "clean_text": "", "contain_address": false}, {"created_at": "Tue Nov 06 11:35:59 +0000 2018", "text": "RT @PizzaToThePolls: This is what it's all about folks https://t.co/m6SewDVX7E\n\nThanks to the thousands of people who've donated anywhere f\u2026", "id": 1059771373877452801, "clean_text": "RT This is what it s all about folks Thanks to the thousands of people who ve donated anywhere f", "contain_address": false}, {"created_at": "Tue Nov 06 11:34:41 +0000 2018", "text": "@Bridget96Rock Also, if you're in a real long line, @PizzaToThePolls will deliver pizza to your polling place on election day.", "id": 1059771047493419008, "clean_text": "Also if you re in a real long line will deliver pizza to your polling place on election day", "contain_address": false}, {"created_at": "Tue Nov 06 11:34:16 +0000 2018", "text": "@PizzaToThePolls I take it since you're not a political organisation, I can donate without being an American? \n\nYou\u2026 https://t.co/cHTP432TGH", "id": 1059770939792089089, "clean_text": "I take it since you re not a political organisation I can donate without being an American You", "contain_address": false}, {"created_at": "Tue Nov 06 11:30:20 +0000 2018", "text": "RT @CarolineAFish: Helpful information via @tinaLillet for voting in New York City TODAY. Most importantly, @PizzaToThePolls \ud83d\ude09\ud83c\udf55\ud83c\udf55#GetOutTheV\u2026", "id": 1059769950469005317, "clean_text": "RT Helpful information via for voting in New York City TODAY Most importantly GetOutTheV", "contain_address": false}, {"created_at": "Tue Nov 06 11:29:50 +0000 2018", "text": "RT @CarolineAFish: Helpful information via @tinaLillet for voting in New York City TODAY. Most importantly, @PizzaToThePolls \ud83d\ude09\ud83c\udf55\ud83c\udf55#GetOutTheV\u2026", "id": 1059769824954376192, "clean_text": "RT Helpful information via for voting in New York City TODAY Most importantly GetOutTheV", "contain_address": false}, {"created_at": "Tue Nov 06 11:25:12 +0000 2018", "text": "@1VA2021 Thanks for being out there!  If there are any voters with problems voting, please have them call 866-OUR-V\u2026 https://t.co/b0mAbR9a3J", "id": 1059768660779241472, "clean_text": "Thanks for being out there If there are any voters with problems voting please have them call 866 OUR V", "contain_address": false}, {"created_at": "Tue Nov 06 11:24:41 +0000 2018", "text": "Helpful information via @tinaLillet for voting in New York City TODAY. Most importantly, @PizzaToThePolls \ud83d\ude09\ud83c\udf55\ud83c\udf55\u2026 https://t.co/HvGViVgHn2", "id": 1059768528830693376, "clean_text": "Helpful information via for voting in New York City TODAY Most importantly", "contain_address": false}, {"created_at": "Tue Nov 06 11:23:01 +0000 2018", "text": "Free pizza if you\u2019re stuck in a voting line! @PizzaToThePolls is the greatest initiative ever! \u2764\ufe0f\ud83c\udf55 https://t.co/Cqnuj6bvo7", "id": 1059768109244940288, "clean_text": "Free pizza if you re stuck in a voting line is the greatest initiative ever", "contain_address": false}, {"created_at": "Tue Nov 06 11:20:30 +0000 2018", "text": "RT @ecrire831: @702YankeeBabe @Mikel_Jollett @PizzaToThePolls Pee before you go. Bring a chair plus an extra. Backup battery for phone. Mit\u2026", "id": 1059767475603234816, "clean_text": "RT Pee before you go Bring a chair plus an extra Backup battery for phone Mit", "contain_address": false}, {"created_at": "Tue Nov 06 11:20:10 +0000 2018", "text": "RT @ecrire831: @Mikel_Jollett @702YankeeBabe Pee before you get in line, with 2 you can tag team probably. LONG LONG line call out to @Pizz\u2026", "id": 1059767393545797632, "clean_text": "RT Pee before you get in line with 2 you can tag team probably LONG LONG line call out to", "contain_address": false}, {"created_at": "Tue Nov 06 11:19:21 +0000 2018", "text": "RT @joshchafetz: I just threw $100 to @PizzaToThePolls. It may sound somewhat silly, but long lines at polling places are largely a result\u2026", "id": 1059767185097310208, "clean_text": "RT I just threw 100 to It may sound somewhat silly but long lines at polling places are largely a result", "contain_address": false}, {"created_at": "Tue Nov 06 11:18:37 +0000 2018", "text": "RT @ecrire831: @Mikel_Jollett @702YankeeBabe Pee before you get in line, with 2 you can tag team probably. LONG LONG line call out to @Pizz\u2026", "id": 1059767003689365504, "clean_text": "RT Pee before you get in line with 2 you can tag team probably LONG LONG line call out to", "contain_address": false}, {"created_at": "Tue Nov 06 11:17:57 +0000 2018", "text": "RT @HolyCitySinner: It's true! They delivered to my location today! --&gt; National nonprofit Pizza to the Polls will deliver pies to long lin\u2026", "id": 1059766833119748097, "clean_text": "RT It s true They delivered to my location today gt National nonprofit Pizza to the Polls will deliver pies to long lin", "contain_address": false}, {"created_at": "Tue Nov 06 11:17:40 +0000 2018", "text": "RT @ecrire831: @Conga1 @702YankeeBabe @Mikel_Jollett @PizzaToThePolls Avoid political messages on shirts or buttons too probably, because o\u2026", "id": 1059766762969935872, "clean_text": "RT Avoid political messages on shirts or buttons too probably because o", "contain_address": false}, {"created_at": "Tue Nov 06 11:17:20 +0000 2018", "text": "RT @ecrire831: @702YankeeBabe @Mikel_Jollett @PizzaToThePolls Pee before you go. Bring a chair plus an extra. Backup battery for phone. Mit\u2026", "id": 1059766679960465408, "clean_text": "RT Pee before you go Bring a chair plus an extra Backup battery for phone Mit", "contain_address": false}, {"created_at": "Tue Nov 06 11:16:21 +0000 2018", "text": "Pizza to the Polls  -- If People are waiting in long lines - help them stay happy and stay to vote by contacting\u2026 https://t.co/FgpykN7kOR", "id": 1059766433528365056, "clean_text": "Pizza to the Polls If People are waiting in long lines help them stay happy and stay to vote by contacting", "contain_address": false}, {"created_at": "Tue Nov 06 11:15:27 +0000 2018", "text": "RT @PizzaToThePolls: Help bring smiles to the faces of everyone hangning out at over-crowded polling places with a donation today \u27a1\ufe0f https:\u2026", "id": 1059766204926226432, "clean_text": "RT Help bring smiles to the faces of everyone hangning out at over crowded polling places with a donation today https", "contain_address": false}, {"created_at": "Tue Nov 06 11:15:26 +0000 2018", "text": "RT @PizzaToThePolls: ugh, they screwed up our order! https://t.co/kC9ou0edHa", "id": 1059766199221776388, "clean_text": "RT ugh they screwed up our order", "contain_address": false}, {"created_at": "Tue Nov 06 11:15:16 +0000 2018", "text": "RT @teresa_atHome: @ChocoHarveyMilk @TheLoyalO @KidCasteel @AllensOpEd @SnowBiAuthor @joncoopertweets @NWPinPDX @CyrusToulabi @MatthewWolff\u2026", "id": 1059766157937381376, "clean_text": "RT", "contain_address": false}, {"created_at": "Tue Nov 06 11:14:36 +0000 2018", "text": "RT @DebraMessing: I just donated to @pizzatothepolls! You can give today at https://t.co/chM2NYCQBz. They will send \ud83d\udd25FREE\ud83d\udd25 pizzas to ANY lo\u2026", "id": 1059765990043480064, "clean_text": "RT I just donated to You can give today at They will send FREE pizzas to ANY lo", "contain_address": false}, {"created_at": "Tue Nov 06 11:14:25 +0000 2018", "text": "RT @joshchafetz: So, why not donate if you can? And if you know of long lines at polling places tomorrow, you can tweet @PizzaToThePolls or\u2026", "id": 1059765946603184128, "clean_text": "RT So why not donate if you can And if you know of long lines at polling places tomorrow you can tweet or", "contain_address": false}, {"created_at": "Tue Nov 06 11:13:04 +0000 2018", "text": "RT @SarahBCalif: Long lines expected at the polls as American\u2019s come out en masse to VOTE BLUE and take back our country. Make the line mor\u2026", "id": 1059765604016635904, "clean_text": "RT Long lines expected at the polls as American s come out en masse to VOTE BLUE and take back our country Make the line mor", "contain_address": false}, {"created_at": "Tue Nov 06 11:11:54 +0000 2018", "text": "RT @PizzaToThePolls: And here's the final count for Monday:\n\n- \ud83c\udf55658 pizzas\n- \u2705 40 polling places across 10 states\n- $28,000 raised today\n\nY\u2026", "id": 1059765312655044609, "clean_text": "RT And here s the final count for Monday 658 pizzas 40 polling places across 10 states 28 000 raised today Y", "contain_address": false}, {"created_at": "Tue Nov 06 11:11:27 +0000 2018", "text": "RT @PizzaToThePolls: Happy voting everyone!! Here\u2019s hoping your voting journey is quick and easy today but if you get stuck in line, we\u2019re\u2026", "id": 1059765199459115008, "clean_text": "RT Happy voting everyone Here s hoping your voting journey is quick and easy today but if you get stuck in line we re", "contain_address": false}, {"created_at": "Tue Nov 06 11:11:04 +0000 2018", "text": "@PizzaToThePolls maybe send all types of new/older cords \ud83d\udcf4for a charging station at areas that are\n3+ hours? Or ask\u2026 https://t.co/9h7kP4u0Ov", "id": 1059765100670664704, "clean_text": "maybe send all types of new older cords for a charging station at areas that are 3 hours Or ask", "contain_address": false}, {"created_at": "Tue Nov 06 11:09:04 +0000 2018", "text": "RT @Jen_C_: If you see people waiting in long lines to vote, order them some free pizza! See how below. Thank you to @PizzaToThePolls \ud83c\udf55\ud83d\ude4c\ud83d\uddf3\n#\u2026", "id": 1059764599556370433, "clean_text": "RT If you see people waiting in long lines to vote order them some free pizza See how below Thank you to", "contain_address": false}, {"created_at": "Tue Nov 06 11:09:00 +0000 2018", "text": "RT @PizzaToThePolls: Happy voting everyone!! Here\u2019s hoping your voting journey is quick and easy today but if you get stuck in line, we\u2019re\u2026", "id": 1059764583290822656, "clean_text": "RT Happy voting everyone Here s hoping your voting journey is quick and easy today but if you get stuck in line we re", "contain_address": false}, {"created_at": "Tue Nov 06 11:03:49 +0000 2018", "text": "RT @teresa_atHome: @ChocoHarveyMilk @TheLoyalO @KidCasteel @AllensOpEd @SnowBiAuthor @joncoopertweets @NWPinPDX @CyrusToulabi @MatthewWolff\u2026", "id": 1059763277625024512, "clean_text": "RT", "contain_address": false}, {"created_at": "Tue Nov 06 11:02:50 +0000 2018", "text": "RT @joshchafetz: I just threw $100 to @PizzaToThePolls. It may sound somewhat silly, but long lines at polling places are largely a result\u2026", "id": 1059763028869177344, "clean_text": "RT I just threw 100 to It may sound somewhat silly but long lines at polling places are largely a result", "contain_address": false}, {"created_at": "Tue Nov 06 11:00:53 +0000 2018", "text": "RT @teresa_atHome: @ChocoHarveyMilk @TheLoyalO @KidCasteel @AllensOpEd @SnowBiAuthor @joncoopertweets @NWPinPDX @CyrusToulabi @MatthewWolff\u2026", "id": 1059762540249415681, "clean_text": "RT", "contain_address": false}]