[{"created_at": "Tue Nov 06 15:13:07 +0000 2018", "text": "RT @CarolineAFish: Helpful information via @tinaLillet for voting in New York City TODAY. Most importantly, @PizzaToThePolls \ud83d\ude09\ud83c\udf55\ud83c\udf55#GetOutTheV\u2026", "id": 1059826017190195200, "clean_text": "RT Helpful information via for voting in New York City TODAY Most importantly GetOutTheV", "contain_address": false}, {"created_at": "Tue Nov 06 15:13:03 +0000 2018", "text": "I just donated to @pizzatothepolls! You can give today at https://t.co/zi5nzyG9tL", "id": 1059825998286516225, "clean_text": "I just donated to You can give today at", "contain_address": false}, {"created_at": "Tue Nov 06 15:13:00 +0000 2018", "text": "RT @PizzaToThePolls: We sure do! All we need is an address and picture of the line. Reports can also be made at https://t.co/occwLt8XVy. ht\u2026", "id": 1059825986223722498, "clean_text": "RT We sure do All we need is an address and picture of the line Reports can also be made at ht", "contain_address": false}, {"created_at": "Tue Nov 06 15:12:55 +0000 2018", "text": "@PizzaToThePolls You guys are so fantastic!! I donated a while ago but please let me know if there\u2019s anything I can\u2026 https://t.co/kX7N1DxWjn", "id": 1059825965600309248, "clean_text": "You guys are so fantastic I donated a while ago but please let me know if there s anything I can", "contain_address": false}, {"created_at": "Tue Nov 06 15:12:52 +0000 2018", "text": "RT @SueinRockville: @Politidope #ElectionDay \nMUST RT to all Voters\nLong lines-you have water but now you're hungry?\n@PizzaToThePolls to th\u2026", "id": 1059825953529061376, "clean_text": "RT ElectionDay MUST RT to all Voters Long lines you have water but now you re hungry to th", "contain_address": false}, {"created_at": "Tue Nov 06 15:12:51 +0000 2018", "text": "RT @PizzaToThePolls: Kicking the morning off! https://t.co/VNDmE96Mj1", "id": 1059825950815371264, "clean_text": "RT Kicking the morning off", "contain_address": false}, {"created_at": "Tue Nov 06 15:12:50 +0000 2018", "text": "RT @VoteRiders: @cameron_kasky Also, report long lines to @PizzaToThePolls and free pizza will arrive like magic!", "id": 1059825942963544065, "clean_text": "RT Also report long lines to and free pizza will arrive like magic", "contain_address": false}, {"created_at": "Tue Nov 06 15:12:44 +0000 2018", "text": "RT @PizzaToThePolls: We sure do! All we need is an address and picture of the line. Reports can also be made at https://t.co/occwLt8XVy. ht\u2026", "id": 1059825918217138176, "clean_text": "RT We sure do All we need is an address and picture of the line Reports can also be made at ht", "contain_address": false}, {"created_at": "Tue Nov 06 15:12:32 +0000 2018", "text": "RT @PizzaToThePolls: Somebody told us they might need pizzas at 2, LENOX SQUARE, 3393 Peachtree Rd, Atlanta, GA 30326, USA \n\nvia https://t.\u2026", "id": 1059825868938321920, "clean_text": "RT Somebody told us they might need pizzas at 2 LENOX SQUARE 3393 Peachtree Rd Atlanta GA 30326 USA via", "contain_address": true, "full": null, "st_num": null, "route": null, "city": null, "county": null, "state": null, "state_abbv": null, "zipcode": null, "lat": null, "lng": null}, {"created_at": "Tue Nov 06 15:12:26 +0000 2018", "text": "RT @PizzaToThePolls: Good morning! https://t.co/QMUGxJF6ni", "id": 1059825844376559616, "clean_text": "RT Good morning", "contain_address": false}, {"created_at": "Tue Nov 06 15:12:23 +0000 2018", "text": "RT @NeeshNoosh: \ud83d\udc47 @PizzaToThePolls https://t.co/q9BtZe4icz", "id": 1059825830891675648, "clean_text": "RT", "contain_address": false}, {"created_at": "Tue Nov 06 15:12:22 +0000 2018", "text": "RT @PizzaToThePolls: \u2063\u2002\u2002\ud83d\udca6\u2002\ud83d\udca6\n\u2002\u2002\u2002\ud83d\udca6\u2002\u2002\u2002\u2002\u2002\n\u2002\u2002\u2002\ud83d\udca7\u2002\u2002\u2002      \u2002\ud83d\udc33\u2002\ud83d\udc33\n\u2002\u2063\ud83d\udc33\ud83d\udc33\ud83d\udc33\u2002\u2002\u2002\u2002   \ud83d\udc33\n\ud83d\udc33\ud83c\udfb1\ud83d\udc33\ud83d\udc33\ud83d\udc33\u2002\ud83d\udc33\n\ud83d\udc33\ud83d\udc33\ud83d\udc33\ud83d\udc33\ud83d\udc33\ud83d\udc33\n\u2002\ud83d\udc33\ud83d\udc33\ud83d\udc33\ud83d\udc33\ud83d\udc33\nAVAST - WE HEAR THEY MAY BE NEEDING PIZZA OVER\u2026", "id": 1059825827762892805, "clean_text": "RT AVAST WE HEAR THEY MAY BE NEEDING PIZZA OVER", "contain_address": false}, {"created_at": "Tue Nov 06 15:12:14 +0000 2018", "text": "RT @PizzaToThePolls: Got a report of a line at\n\n163 W 97th St, New York, NY 10025, USA via https://t.co/ejs3ApuRCL", "id": 1059825793717682181, "clean_text": "RT Got a report of a line at 163 W 97th St New York NY 10025 USA via", "contain_address": true, "full": "163 W 97th St, New York, NY 10025, USA", "st_num": "163", "route": "West 97th Street", "city": "New York", "county": "New York County", "state": "New York", "state_abbv": "NY", "zipcode": "10025", "lat": "40.7948887", "lng": "-73.9684479"}, {"created_at": "Tue Nov 06 15:12:05 +0000 2018", "text": "@Garrett_Archer And if they are long, tell @PizzaToThePolls to send in some free pizzas! \ud83d\uddf3\ud83c\udf55", "id": 1059825757961170944, "clean_text": "And if they are long tell to send in some free pizzas", "contain_address": false}, {"created_at": "Tue Nov 06 15:12:01 +0000 2018", "text": "RT @PizzaToThePolls: @MovementVote keep us posted, we're ready with the pizzas! \ud83c\udf55\ud83c\udf55\ud83c\udf55 https://t.co/occwLt8XVy", "id": 1059825737417469952, "clean_text": "RT keep us posted we re ready with the pizzas", "contain_address": false}, {"created_at": "Tue Nov 06 15:12:00 +0000 2018", "text": "RT @PizzaToThePolls: oh 5110 N Damen Ave, Chicago, IL 60625, USA's hungry?\n\n\ud83c\udf55\ud83c\udf55 \u253b\u2501\u253b\ufe35 \\(\u00b0\u25a1\u00b0)/ \ufe35 \u253b\u2501\u253b  \ud83c\udf55\ud83c\udf55\n\nvia https://t.co/BU7cmxie8S", "id": 1059825735354015745, "clean_text": "RT oh 5110 N Damen Ave Chicago IL 60625 USA s hungry via", "contain_address": true, "full": "Amundsen High School, 5110 N Damen Ave, Chicago, IL 60625, USA", "st_num": "5110", "route": "North Damen Avenue", "city": "Chicago", "county": "Cook County", "state": "Illinois", "state_abbv": "IL", "zipcode": "60625", "lat": "41.9750696", "lng": "-87.6800719"}, {"created_at": "Tue Nov 06 15:11:58 +0000 2018", "text": "RT @pattigandolfini: @MattGertz @thegarance Long lines at your polling place? @PizzaToThePolls !! Send them a photo of the line, location a\u2026", "id": 1059825724918386689, "clean_text": "RT Long lines at your polling place Send them a photo of the line location a", "contain_address": false}, {"created_at": "Tue Nov 06 15:11:55 +0000 2018", "text": "RT @PizzaToThePolls: \ud83d\ude31\ud83c\udfa5 damn daniel daMn dAniel\n\nBACK AT IT AGAIN with those long lines at 3295 Atlanta Rd SE, Smyrna, GA 30080, USA\n\nvia h\u2026", "id": 1059825714818629632, "clean_text": "RT damn daniel daMn dAniel BACK AT IT AGAIN with those long lines at 3295 Atlanta Rd SE Smyrna GA 30080 USA via h", "contain_address": true, "full": "3295 Atlanta Rd SE, Smyrna, GA 30080, USA", "st_num": "3295", "route": "Atlanta Road Southeast", "city": "Smyrna", "county": "Cobb County", "state": "Georgia", "state_abbv": "GA", "zipcode": "30080", "lat": "33.8729594", "lng": "-84.4980115"}, {"created_at": "Tue Nov 06 15:11:53 +0000 2018", "text": "RT @PizzaToThePolls: Happy voting everyone!! Here\u2019s hoping your voting journey is quick and easy today but if you get stuck in line, we\u2019re\u2026", "id": 1059825706761420800, "clean_text": "RT Happy voting everyone Here s hoping your voting journey is quick and easy today but if you get stuck in line we re", "contain_address": false}, {"created_at": "Tue Nov 06 15:11:53 +0000 2018", "text": "RT @Bear42J: @staceyabrams And if folks are in a long line and getting hungry, send a tweet to @PizzaToThePolls and you could have lunch or\u2026", "id": 1059825706606182401, "clean_text": "RT And if folks are in a long line and getting hungry send a tweet to and you could have lunch or", "contain_address": false}, {"created_at": "Tue Nov 06 15:11:50 +0000 2018", "text": "RT @joshchafetz: I just threw $100 to @PizzaToThePolls. It may sound somewhat silly, but long lines at polling places are largely a result\u2026", "id": 1059825693142536193, "clean_text": "RT I just threw 100 to It may sound somewhat silly but long lines at polling places are largely a result", "contain_address": false}, {"created_at": "Tue Nov 06 15:11:48 +0000 2018", "text": "RT @steveportigal: I just donated to @pizzatothepolls! You can give today at https://t.co/xlEZgegwOd", "id": 1059825683868909569, "clean_text": "RT I just donated to You can give today at", "contain_address": false}, {"created_at": "Tue Nov 06 15:11:40 +0000 2018", "text": "RT @PizzaToThePolls: Help bring smiles to the faces of everyone hangning out at over-crowded polling places with a donation today \u27a1\ufe0f https:\u2026", "id": 1059825649509171200, "clean_text": "RT Help bring smiles to the faces of everyone hangning out at over crowded polling places with a donation today https", "contain_address": false}, {"created_at": "Tue Nov 06 15:11:17 +0000 2018", "text": "RT @PizzaToThePolls: Too early for pizzas in Smyra APPARENTLY, so 6 dozen donuts heading their way.", "id": 1059825555040694278, "clean_text": "RT Too early for pizzas in Smyra APPARENTLY so 6 dozen donuts heading their way", "contain_address": false}, {"created_at": "Tue Nov 06 15:11:14 +0000 2018", "text": "RT @shannonrwatts: It\u2019s voting day. Please don\u2019t tweet or RT rumors. Only RT official orgs. Call 866-OUR-VOTE to report verified issues.\u2026", "id": 1059825540872503297, "clean_text": "RT It s voting day Please don t tweet or RT rumors Only RT official orgs Call 866 OUR VOTE to report verified issues", "contain_address": false}, {"created_at": "Tue Nov 06 15:11:13 +0000 2018", "text": "RT @joshchafetz: So, why not donate if you can? And if you know of long lines at polling places tomorrow, you can tweet @PizzaToThePolls or\u2026", "id": 1059825539811303425, "clean_text": "RT So why not donate if you can And if you know of long lines at polling places tomorrow you can tweet or", "contain_address": false}, {"created_at": "Tue Nov 06 15:11:10 +0000 2018", "text": "RT @joshchafetz: I just threw $100 to @PizzaToThePolls. It may sound somewhat silly, but long lines at polling places are largely a result\u2026", "id": 1059825523692584960, "clean_text": "RT I just threw 100 to It may sound somewhat silly but long lines at polling places are largely a result", "contain_address": false}, {"created_at": "Tue Nov 06 15:11:07 +0000 2018", "text": "@TheRickWilson They can also tweet @PizzaToThePolls    They\u2019re delivering pizza to hungry voters.  No excuses!!", "id": 1059825511025782786, "clean_text": "They can also tweet They re delivering pizza to hungry voters No excuses", "contain_address": false}, {"created_at": "Tue Nov 06 15:10:55 +0000 2018", "text": "RT @pattigandolfini: @MattGertz @thegarance Long lines at your polling place? @PizzaToThePolls !! Send them a photo of the line, location a\u2026", "id": 1059825461419626496, "clean_text": "RT Long lines at your polling place Send them a photo of the line location a", "contain_address": false}, {"created_at": "Tue Nov 06 15:10:46 +0000 2018", "text": "RT @shannonrwatts: It\u2019s voting day. Please don\u2019t tweet or RT rumors. Only RT official orgs. Call 866-OUR-VOTE to report verified issues.\u2026", "id": 1059825426347057152, "clean_text": "RT It s voting day Please don t tweet or RT rumors Only RT official orgs Call 866 OUR VOTE to report verified issues", "contain_address": false}, {"created_at": "Tue Nov 06 15:10:40 +0000 2018", "text": "RT @girlsreallyrule: If you are in a long line today, don't leave...ORDER PIZZA! @PizzaToThePolls will take your order and deliver pizza to\u2026", "id": 1059825400040304640, "clean_text": "RT If you are in a long line today don t leave ORDER PIZZA will take your order and deliver pizza to", "contain_address": false}, {"created_at": "Tue Nov 06 15:10:33 +0000 2018", "text": "@PizzaToThePolls", "id": 1059825370076274690, "clean_text": "", "contain_address": false}, {"created_at": "Tue Nov 06 15:10:33 +0000 2018", "text": "RT @PizzaToThePolls: Too early for pizzas in Smyra APPARENTLY, so 6 dozen donuts heading their way.", "id": 1059825368146870278, "clean_text": "RT Too early for pizzas in Smyra APPARENTLY so 6 dozen donuts heading their way", "contain_address": false}, {"created_at": "Tue Nov 06 15:10:22 +0000 2018", "text": "RT @shannonrwatts: It\u2019s voting day. Please don\u2019t tweet or RT rumors. Only RT official orgs. Call 866-OUR-VOTE to report verified issues.\u2026", "id": 1059825325373308928, "clean_text": "RT It s voting day Please don t tweet or RT rumors Only RT official orgs Call 866 OUR VOTE to report verified issues", "contain_address": false}, {"created_at": "Tue Nov 06 15:10:18 +0000 2018", "text": "If you are in line to vote today and it's taking a while, send out a message to @PizzaToThePolls and you won't go h\u2026 https://t.co/zBizZU7aV9", "id": 1059825308956798976, "clean_text": "If you are in line to vote today and it s taking a while send out a message to and you won t go h", "contain_address": false}, {"created_at": "Tue Nov 06 15:10:13 +0000 2018", "text": "RT @mansi_kat: @chescaleigh If you tweet at @PizzaToThePolls they\u2019ll bring pizza to folks waiting in line to vote!", "id": 1059825284214652928, "clean_text": "RT If you tweet at they ll bring pizza to folks waiting in line to vote", "contain_address": false}, {"created_at": "Tue Nov 06 15:10:12 +0000 2018", "text": "I just donated to @pizzatothepolls! You can give today at https://t.co/xlEZgegwOd", "id": 1059825280007602177, "clean_text": "I just donated to You can give today at", "contain_address": false}, {"created_at": "Tue Nov 06 15:10:08 +0000 2018", "text": "Let us send strength (and maybe some cash) to @PizzaToThePolls they are going to have a very busy day", "id": 1059825266493579264, "clean_text": "Let us send strength and maybe some cash to they are going to have a very busy day", "contain_address": false}, {"created_at": "Tue Nov 06 15:10:03 +0000 2018", "text": "@gtwifi @ReginaRed4 9am is a little early but if any of your friends who vote later have this line let @PizzaToThePolls know.", "id": 1059825244263731200, "clean_text": "9am is a little early but if any of your friends who vote later have this line let know", "contain_address": false}, {"created_at": "Tue Nov 06 15:10:00 +0000 2018", "text": "RT @shannonrwatts: It\u2019s voting day. Please don\u2019t tweet or RT rumors. Only RT official orgs. Call 866-OUR-VOTE to report verified issues.\u2026", "id": 1059825233090224128, "clean_text": "RT It s voting day Please don t tweet or RT rumors Only RT official orgs Call 866 OUR VOTE to report verified issues", "contain_address": false}, {"created_at": "Tue Nov 06 15:09:59 +0000 2018", "text": "RT @PizzaToThePolls: Happy voting everyone!! Here\u2019s hoping your voting journey is quick and easy today but if you get stuck in line, we\u2019re\u2026", "id": 1059825229390704640, "clean_text": "RT Happy voting everyone Here s hoping your voting journey is quick and easy today but if you get stuck in line we re", "contain_address": false}, {"created_at": "Tue Nov 06 15:09:53 +0000 2018", "text": "@PizzaToThePolls DuPont Circle, Washington DC. https://t.co/2Aj76lZIv1", "id": 1059825204250083328, "clean_text": "DuPont Circle Washington DC", "contain_address": false}, {"created_at": "Tue Nov 06 15:09:48 +0000 2018", "text": ".@PizzaToThePolls helping out one polling place at a time! Tweet @ them if you need doughnuts or pizza to relieve t\u2026 https://t.co/jpBNbyUUt1", "id": 1059825182750244864, "clean_text": "helping out one polling place at a time Tweet them if you need doughnuts or pizza to relieve t", "contain_address": false}, {"created_at": "Tue Nov 06 15:09:47 +0000 2018", "text": "RT @PizzaToThePolls: to clarify this will be delivered for lunch time", "id": 1059825178639765504, "clean_text": "RT to clarify this will be delivered for lunch time", "contain_address": false}, {"created_at": "Tue Nov 06 15:09:32 +0000 2018", "text": "RT @joshchafetz: I just threw $100 to @PizzaToThePolls. It may sound somewhat silly, but long lines at polling places are largely a result\u2026", "id": 1059825113330302976, "clean_text": "RT I just threw 100 to It may sound somewhat silly but long lines at polling places are largely a result", "contain_address": false}, {"created_at": "Tue Nov 06 15:09:26 +0000 2018", "text": "RT @PizzaToThePolls: Good morning! https://t.co/QMUGxJF6ni", "id": 1059825089271738368, "clean_text": "RT Good morning", "contain_address": false}, {"created_at": "Tue Nov 06 15:09:25 +0000 2018", "text": "RT @PizzaToThePolls: \ud83d\ude31\ud83c\udfa5 damn daniel daMn dAniel\n\nBACK AT IT AGAIN with those long lines at 3295 Atlanta Rd SE, Smyrna, GA 30080, USA\n\nvia h\u2026", "id": 1059825086704877568, "clean_text": "RT damn daniel daMn dAniel BACK AT IT AGAIN with those long lines at 3295 Atlanta Rd SE Smyrna GA 30080 USA via h", "contain_address": true, "full": "3295 Atlanta Rd SE, Smyrna, GA 30080, USA", "st_num": "3295", "route": "Atlanta Road Southeast", "city": "Smyrna", "county": "Cobb County", "state": "Georgia", "state_abbv": "GA", "zipcode": "30080", "lat": "33.8729594", "lng": "-84.4980115"}, {"created_at": "Tue Nov 06 15:09:24 +0000 2018", "text": "RT @PizzaToThePolls: Too early for pizzas in Smyra APPARENTLY, so 6 dozen donuts heading their way.", "id": 1059825078907494401, "clean_text": "RT Too early for pizzas in Smyra APPARENTLY so 6 dozen donuts heading their way", "contain_address": false}, {"created_at": "Tue Nov 06 15:09:17 +0000 2018", "text": "RT @jpcumming: An hour wait to vote in Long Island City. I heard someone say as I walked in that only 4 people were in line ahead of her la\u2026", "id": 1059825049652232192, "clean_text": "RT An hour wait to vote in Long Island City I heard someone say as I walked in that only 4 people were in line ahead of her la", "contain_address": false}, {"created_at": "Tue Nov 06 15:09:13 +0000 2018", "text": "RT @PizzaToThePolls: \u2063\u2002\u2002\ud83d\udca6\u2002\ud83d\udca6\n\u2002\u2002\u2002\ud83d\udca6\u2002\u2002\u2002\u2002\u2002\n\u2002\u2002\u2002\ud83d\udca7\u2002\u2002\u2002      \u2002\ud83d\udc33\u2002\ud83d\udc33\n\u2002\u2063\ud83d\udc33\ud83d\udc33\ud83d\udc33\u2002\u2002\u2002\u2002   \ud83d\udc33\n\ud83d\udc33\ud83c\udfb1\ud83d\udc33\ud83d\udc33\ud83d\udc33\u2002\ud83d\udc33\n\ud83d\udc33\ud83d\udc33\ud83d\udc33\ud83d\udc33\ud83d\udc33\ud83d\udc33\n\u2002\ud83d\udc33\ud83d\udc33\ud83d\udc33\ud83d\udc33\ud83d\udc33\nAVAST - WE HEAR THEY MAY BE NEEDING PIZZA OVER\u2026", "id": 1059825033319735296, "clean_text": "RT AVAST WE HEAR THEY MAY BE NEEDING PIZZA OVER", "contain_address": false}, {"created_at": "Tue Nov 06 15:09:00 +0000 2018", "text": "RT @GMA: Getting out the vote - #ElectionDay angels are getting creative to get others to the polls! @PizzaToThePolls is sending free pizza\u2026", "id": 1059824980941246464, "clean_text": "RT Getting out the vote ElectionDay angels are getting creative to get others to the polls is sending free pizza", "contain_address": false}, {"created_at": "Tue Nov 06 15:09:00 +0000 2018", "text": "RT @riningear: Reminder: If your polling line is INSANELY long this afternoon - like, hours - and you think people are at risk of leaving,\u2026", "id": 1059824980635148293, "clean_text": "RT Reminder If your polling line is INSANELY long this afternoon like hours and you think people are at risk of leaving", "contain_address": false}, {"created_at": "Tue Nov 06 15:08:58 +0000 2018", "text": "RT @PizzaToThePolls: Got a report of a line at\n\n163 W 97th St, New York, NY 10025, USA via https://t.co/ejs3ApuRCL", "id": 1059824973605453825, "clean_text": "RT Got a report of a line at 163 W 97th St New York NY 10025 USA via", "contain_address": true, "full": "163 W 97th St, New York, NY 10025, USA", "st_num": "163", "route": "West 97th Street", "city": "New York", "county": "New York County", "state": "New York", "state_abbv": "NY", "zipcode": "10025", "lat": "40.7948887", "lng": "-73.9684479"}, {"created_at": "Tue Nov 06 15:08:50 +0000 2018", "text": "RT @PizzaToThePolls: We sure do! All we need is an address and picture of the line. Reports can also be made at https://t.co/occwLt8XVy. ht\u2026", "id": 1059824937114984448, "clean_text": "RT We sure do All we need is an address and picture of the line Reports can also be made at ht", "contain_address": false}, {"created_at": "Tue Nov 06 15:08:49 +0000 2018", "text": "RT @PizzaToThePolls: Too early for pizzas in Smyra APPARENTLY, so 6 dozen donuts heading their way.", "id": 1059824933381885953, "clean_text": "RT Too early for pizzas in Smyra APPARENTLY so 6 dozen donuts heading their way", "contain_address": false}, {"created_at": "Tue Nov 06 15:08:48 +0000 2018", "text": "RT @PizzaToThePolls: 16 pizzas on their way!\n\n\u270c(-\u203f -)\u270c\n          |\n          ^", "id": 1059824929665966080, "clean_text": "RT 16 pizzas on their way", "contain_address": false}, {"created_at": "Tue Nov 06 15:08:37 +0000 2018", "text": "RT @PizzaToThePolls: oh 5110 N Damen Ave, Chicago, IL 60625, USA's hungry?\n\n\ud83c\udf55\ud83c\udf55 \u253b\u2501\u253b\ufe35 \\(\u00b0\u25a1\u00b0)/ \ufe35 \u253b\u2501\u253b  \ud83c\udf55\ud83c\udf55\n\nvia https://t.co/BU7cmxie8S", "id": 1059824882287108097, "clean_text": "RT oh 5110 N Damen Ave Chicago IL 60625 USA s hungry via", "contain_address": true, "full": "Amundsen High School, 5110 N Damen Ave, Chicago, IL 60625, USA", "st_num": "5110", "route": "North Damen Avenue", "city": "Chicago", "county": "Cook County", "state": "Illinois", "state_abbv": "IL", "zipcode": "60625", "lat": "41.9750696", "lng": "-87.6800719"}, {"created_at": "Tue Nov 06 15:08:31 +0000 2018", "text": "RT @riningear: Reminder: If your polling line is INSANELY long this afternoon - like, hours - and you think people are at risk of leaving,\u2026", "id": 1059824858048143361, "clean_text": "RT Reminder If your polling line is INSANELY long this afternoon like hours and you think people are at risk of leaving", "contain_address": false}, {"created_at": "Tue Nov 06 15:08:29 +0000 2018", "text": "RT @girlsreallyrule: If you are in a long line today, don't leave...ORDER PIZZA! @PizzaToThePolls will take your order and deliver pizza to\u2026", "id": 1059824848069771264, "clean_text": "RT If you are in a long line today don t leave ORDER PIZZA will take your order and deliver pizza to", "contain_address": false}, {"created_at": "Tue Nov 06 15:08:26 +0000 2018", "text": "@JamesReindeer @CNN @brianstelter If folks are hungry, and need help or a little happiness to encourage them to sta\u2026 https://t.co/2KrJcwZ2cn", "id": 1059824839169581059, "clean_text": "If folks are hungry and need help or a little happiness to encourage them to sta", "contain_address": false}, {"created_at": "Tue Nov 06 15:08:25 +0000 2018", "text": "RT @PizzaToThePolls: \ud83d\ude31\ud83c\udfa5 damn daniel daMn dAniel\n\nBACK AT IT AGAIN with those long lines at 3295 Atlanta Rd SE, Smyrna, GA 30080, USA\n\nvia h\u2026", "id": 1059824834417491971, "clean_text": "RT damn daniel daMn dAniel BACK AT IT AGAIN with those long lines at 3295 Atlanta Rd SE Smyrna GA 30080 USA via h", "contain_address": true, "full": "3295 Atlanta Rd SE, Smyrna, GA 30080, USA", "st_num": "3295", "route": "Atlanta Road Southeast", "city": "Smyrna", "county": "Cobb County", "state": "Georgia", "state_abbv": "GA", "zipcode": "30080", "lat": "33.8729594", "lng": "-84.4980115"}, {"created_at": "Tue Nov 06 15:08:16 +0000 2018", "text": "RT @PizzaToThePolls: Too early for pizzas in Smyra APPARENTLY, so 6 dozen donuts heading their way.", "id": 1059824795041325057, "clean_text": "RT Too early for pizzas in Smyra APPARENTLY so 6 dozen donuts heading their way", "contain_address": false}, {"created_at": "Tue Nov 06 15:08:13 +0000 2018", "text": "RT @PizzaToThePolls: Happy voting everyone!! Here\u2019s hoping your voting journey is quick and easy today but if you get stuck in line, we\u2019re\u2026", "id": 1059824781632200706, "clean_text": "RT Happy voting everyone Here s hoping your voting journey is quick and easy today but if you get stuck in line we re", "contain_address": false}, {"created_at": "Tue Nov 06 15:08:10 +0000 2018", "text": "RT @PizzaToThePolls: Help bring smiles to the faces of everyone hangning out at over-crowded polling places with a donation today \u27a1\ufe0f https:\u2026", "id": 1059824772287291394, "clean_text": "RT Help bring smiles to the faces of everyone hangning out at over crowded polling places with a donation today https", "contain_address": false}, {"created_at": "Tue Nov 06 15:08:08 +0000 2018", "text": "@CodyAlcorn If folks are hungry, and need help or a little happiness to encourage them to stay in line, report a li\u2026 https://t.co/S3EMqcDzFv", "id": 1059824760551600129, "clean_text": "If folks are hungry and need help or a little happiness to encourage them to stay in line report a li", "contain_address": false}, {"created_at": "Tue Nov 06 15:08:07 +0000 2018", "text": "I just donated to @pizzatothepolls \u2014 the least AND ONLY thing I can do. \ud83d\ude2c\ud83c\udde8\ud83c\udde6 You can give today at https://t.co/LCfbApoQD1", "id": 1059824756642471944, "clean_text": "I just donated to the least AND ONLY thing I can do You can give today at", "contain_address": false}, {"created_at": "Tue Nov 06 15:07:47 +0000 2018", "text": "RT @PizzaToThePolls: Help bring smiles to the faces of everyone hangning out at over-crowded polling places with a donation today \u27a1\ufe0f https:\u2026", "id": 1059824674828361728, "clean_text": "RT Help bring smiles to the faces of everyone hangning out at over crowded polling places with a donation today https", "contain_address": false}, {"created_at": "Tue Nov 06 15:07:32 +0000 2018", "text": "RT @shannonrwatts: It\u2019s voting day. Please don\u2019t tweet or RT rumors. Only RT official orgs. Call 866-OUR-VOTE to report verified issues.\u2026", "id": 1059824611586703360, "clean_text": "RT It s voting day Please don t tweet or RT rumors Only RT official orgs Call 866 OUR VOTE to report verified issues", "contain_address": false}, {"created_at": "Tue Nov 06 15:07:31 +0000 2018", "text": "RT @pattigandolfini: @MattGertz @thegarance Long lines at your polling place? @PizzaToThePolls !! Send them a photo of the line, location a\u2026", "id": 1059824606230597632, "clean_text": "RT Long lines at your polling place Send them a photo of the line location a", "contain_address": false}, {"created_at": "Tue Nov 06 15:07:28 +0000 2018", "text": "@Kellix4 And if the line is long and you get hungry tweet @PizzaToThePolls the address and pic of the line and they will send pizza!", "id": 1059824593924308994, "clean_text": "And if the line is long and you get hungry tweet the address and pic of the line and they will send pizza", "contain_address": false}, {"created_at": "Tue Nov 06 15:07:23 +0000 2018", "text": "RT @shannonrwatts: It\u2019s voting day. Please don\u2019t tweet or RT rumors. Only RT official orgs. Call 866-OUR-VOTE to report verified issues.\u2026", "id": 1059824572642549760, "clean_text": "RT It s voting day Please don t tweet or RT rumors Only RT official orgs Call 866 OUR VOTE to report verified issues", "contain_address": false}, {"created_at": "Tue Nov 06 15:07:19 +0000 2018", "text": "@theresa_beer @pattigandolfini @MattGertz @thegarance @PizzaToThePolls The US is listed as a \"flawed democracy\" in\u2026 https://t.co/hZFl22QqdX", "id": 1059824556746203138, "clean_text": "The US is listed as a flawed democracy in", "contain_address": false}, {"created_at": "Tue Nov 06 15:07:12 +0000 2018", "text": "RT @GMA: Getting out the vote - #ElectionDay angels are getting creative to get others to the polls! @PizzaToThePolls is sending free pizza\u2026", "id": 1059824525934702592, "clean_text": "RT Getting out the vote ElectionDay angels are getting creative to get others to the polls is sending free pizza", "contain_address": false}, {"created_at": "Tue Nov 06 15:07:08 +0000 2018", "text": "@DavidCornDC @InSpiteOfTrump Do you need @PizzaToThePolls there??", "id": 1059824510013190145, "clean_text": "Do you need there", "contain_address": false}, {"created_at": "Tue Nov 06 15:07:06 +0000 2018", "text": "@sarahkendzior Tweet a picture of the line to @PizzaToThePolls", "id": 1059824503033946113, "clean_text": "Tweet a picture of the line to", "contain_address": false}, {"created_at": "Tue Nov 06 15:07:02 +0000 2018", "text": "RT @PizzaToThePolls: \ud83d\ude31\ud83c\udfa5 damn daniel daMn dAniel\n\nBACK AT IT AGAIN with those long lines at 3295 Atlanta Rd SE, Smyrna, GA 30080, USA\n\nvia h\u2026", "id": 1059824485245898760, "clean_text": "RT damn daniel daMn dAniel BACK AT IT AGAIN with those long lines at 3295 Atlanta Rd SE Smyrna GA 30080 USA via h", "contain_address": true, "full": "3295 Atlanta Rd SE, Smyrna, GA 30080, USA", "st_num": "3295", "route": "Atlanta Road Southeast", "city": "Smyrna", "county": "Cobb County", "state": "Georgia", "state_abbv": "GA", "zipcode": "30080", "lat": "33.8729594", "lng": "-84.4980115"}, {"created_at": "Tue Nov 06 15:07:00 +0000 2018", "text": "RT @DebraMessing: I just donated to @pizzatothepolls! You can give today at https://t.co/chM2NYCQBz. They will send \ud83d\udd25FREE\ud83d\udd25 pizzas to ANY lo\u2026", "id": 1059824475011612672, "clean_text": "RT I just donated to You can give today at They will send FREE pizzas to ANY lo", "contain_address": false}, {"created_at": "Tue Nov 06 15:06:59 +0000 2018", "text": "@GMA @PizzaToThePolls Shoutout to #vegan pizza \ud83d\ude09", "id": 1059824471526260736, "clean_text": "Shoutout to vegan pizza", "contain_address": false}, {"created_at": "Tue Nov 06 15:06:25 +0000 2018", "text": "RT @Nunya_Bizznizz: Show some love to the amazing people at @PizzaToThePolls! \ud83d\udcb0\u270c\ud83d\udc99\ud83d\uddfd\ud83c\udf55\ud83c\udf55\ud83c\udf55\n\n#ElectionDay #VoteBlue #Midterms2018 https://t.co/xW\u2026", "id": 1059824330719150081, "clean_text": "RT Show some love to the amazing people at ElectionDay VoteBlue Midterms2018", "contain_address": false}, {"created_at": "Tue Nov 06 15:06:17 +0000 2018", "text": "@rebarnick9 @restaurant_mom @PizzaToThePolls Hi there!\nThanks for getting in touch!\nI just \u2764\ufe0f the colour BLUE!\nDon\u2019\u2026 https://t.co/TBQVrExeSu", "id": 1059824295617142784, "clean_text": "Hi there Thanks for getting in touch I just the colour BLUE Don", "contain_address": false}, {"created_at": "Tue Nov 06 15:06:07 +0000 2018", "text": "RT @PizzaToThePolls: \ud83d\ude31\ud83c\udfa5 damn daniel daMn dAniel\n\nBACK AT IT AGAIN with those long lines at 3295 Atlanta Rd SE, Smyrna, GA 30080, USA\n\nvia h\u2026", "id": 1059824254957568000, "clean_text": "RT damn daniel daMn dAniel BACK AT IT AGAIN with those long lines at 3295 Atlanta Rd SE Smyrna GA 30080 USA via h", "contain_address": true, "full": "3295 Atlanta Rd SE, Smyrna, GA 30080, USA", "st_num": "3295", "route": "Atlanta Road Southeast", "city": "Smyrna", "county": "Cobb County", "state": "Georgia", "state_abbv": "GA", "zipcode": "30080", "lat": "33.8729594", "lng": "-84.4980115"}, {"created_at": "Tue Nov 06 15:06:07 +0000 2018", "text": "@JoeHeim @jensmithWSJ It\u2019s never too early for @PizzaToThePolls", "id": 1059824253426577408, "clean_text": "It s never too early for", "contain_address": false}, {"created_at": "Tue Nov 06 15:06:04 +0000 2018", "text": "In @coloradogov, we have sunny days, mail in ballots, and early voting. But some parts of the country have long lin\u2026 https://t.co/ogjUgCHgPF", "id": 1059824242634551297, "clean_text": "In we have sunny days mail in ballots and early voting But some parts of the country have long lin", "contain_address": false}, {"created_at": "Tue Nov 06 15:06:03 +0000 2018", "text": "RT @PizzaToThePolls: We sure do! All we need is an address and picture of the line. Reports can also be made at https://t.co/occwLt8XVy. ht\u2026", "id": 1059824238759153664, "clean_text": "RT We sure do All we need is an address and picture of the line Reports can also be made at ht", "contain_address": false}, {"created_at": "Tue Nov 06 15:06:01 +0000 2018", "text": "RT @ebiekane: @Shakestweetz If the line is super long and slow, and people look hungry, snap a pic and send the polling address to @PizzaTo\u2026", "id": 1059824228529139712, "clean_text": "RT If the line is super long and slow and people look hungry snap a pic and send the polling address to", "contain_address": false}, {"created_at": "Tue Nov 06 15:05:59 +0000 2018", "text": "RT @joshchafetz: I just threw $100 to @PizzaToThePolls. It may sound somewhat silly, but long lines at polling places are largely a result\u2026", "id": 1059824218945142785, "clean_text": "RT I just threw 100 to It may sound somewhat silly but long lines at polling places are largely a result", "contain_address": false}, {"created_at": "Tue Nov 06 15:05:54 +0000 2018", "text": "RT @shannonrwatts: It\u2019s voting day. Please don\u2019t tweet or RT rumors. Only RT official orgs. Call 866-OUR-VOTE to report verified issues.\u2026", "id": 1059824199999635456, "clean_text": "RT It s voting day Please don t tweet or RT rumors Only RT official orgs Call 866 OUR VOTE to report verified issues", "contain_address": false}, {"created_at": "Tue Nov 06 15:05:51 +0000 2018", "text": "RT @PizzaToThePolls: Happy voting everyone!! Here\u2019s hoping your voting journey is quick and easy today but if you get stuck in line, we\u2019re\u2026", "id": 1059824187819413505, "clean_text": "RT Happy voting everyone Here s hoping your voting journey is quick and easy today but if you get stuck in line we re", "contain_address": false}, {"created_at": "Tue Nov 06 15:05:39 +0000 2018", "text": "I just donated to @pizzatothepolls! You can give today at https://t.co/v63L53TwR3", "id": 1059824136988606464, "clean_text": "I just donated to You can give today at", "contain_address": false}, {"created_at": "Tue Nov 06 15:05:37 +0000 2018", "text": "RT @PizzaToThePolls: \ud83d\ude31\ud83c\udfa5 damn daniel daMn dAniel\n\nBACK AT IT AGAIN with those long lines at 3295 Atlanta Rd SE, Smyrna, GA 30080, USA\n\nvia h\u2026", "id": 1059824128843231232, "clean_text": "RT damn daniel daMn dAniel BACK AT IT AGAIN with those long lines at 3295 Atlanta Rd SE Smyrna GA 30080 USA via h", "contain_address": true, "full": "3295 Atlanta Rd SE, Smyrna, GA 30080, USA", "st_num": "3295", "route": "Atlanta Road Southeast", "city": "Smyrna", "county": "Cobb County", "state": "Georgia", "state_abbv": "GA", "zipcode": "30080", "lat": "33.8729594", "lng": "-84.4980115"}, {"created_at": "Tue Nov 06 15:05:05 +0000 2018", "text": "RT @PizzaToThePolls: Happy voting everyone!! Here\u2019s hoping your voting journey is quick and easy today but if you get stuck in line, we\u2019re\u2026", "id": 1059823993782292480, "clean_text": "RT Happy voting everyone Here s hoping your voting journey is quick and easy today but if you get stuck in line we re", "contain_address": false}, {"created_at": "Tue Nov 06 15:05:00 +0000 2018", "text": "RT @PizzaToThePolls: We sure do! All we need is an address and picture of the line. Reports can also be made at https://t.co/occwLt8XVy. ht\u2026", "id": 1059823974887108609, "clean_text": "RT We sure do All we need is an address and picture of the line Reports can also be made at ht", "contain_address": false}, {"created_at": "Tue Nov 06 15:04:40 +0000 2018", "text": "I just donated to @pizzatothepolls! You can give today at https://t.co/wWnhzMl2Xk", "id": 1059823887519600640, "clean_text": "I just donated to You can give today at", "contain_address": false}, {"created_at": "Tue Nov 06 15:04:36 +0000 2018", "text": "RT @riningear: Reminder: If your polling line is INSANELY long this afternoon - like, hours - and you think people are at risk of leaving,\u2026", "id": 1059823872424452097, "clean_text": "RT Reminder If your polling line is INSANELY long this afternoon like hours and you think people are at risk of leaving", "contain_address": false}, {"created_at": "Tue Nov 06 15:04:28 +0000 2018", "text": "RT @ejpceocorner: Omw to the polls to cast my FLIPPED ballot but we have one scanner machine working \ud83e\udd14? @NYCMayor do you know about this?\u2026", "id": 1059823840967213057, "clean_text": "RT Omw to the polls to cast my FLIPPED ballot but we have one scanner machine working do you know about this", "contain_address": false}, {"created_at": "Tue Nov 06 15:04:25 +0000 2018", "text": "@JR_Fishman @PizzaToThePolls Thank you. While there shouldn\u2019t be lines at the polls. Let\u2019s make it fun!", "id": 1059823824563126272, "clean_text": "Thank you While there shouldn t be lines at the polls Let s make it fun", "contain_address": false}, {"created_at": "Tue Nov 06 15:04:23 +0000 2018", "text": "@LouisPeitzman Plus ppl with long lines can get free pizza from @PizzaToThePolls! :)", "id": 1059823819240681472, "clean_text": "Plus ppl with long lines can get free pizza from", "contain_address": false}, {"created_at": "Tue Nov 06 15:04:22 +0000 2018", "text": "RT @PizzaToThePolls: @mansi_kat @chescaleigh We will! Send us a picture of the line and an address and we'll get pies to hungry voters. or\u2026", "id": 1059823814815739907, "clean_text": "RT We will Send us a picture of the line and an address and we ll get pies to hungry voters or", "contain_address": false}, {"created_at": "Tue Nov 06 15:04:21 +0000 2018", "text": "RT @OhioUBobcats: @BNettlesPix @PizzaToThePolls \n\nDo your thing!", "id": 1059823811057594368, "clean_text": "RT Do your thing", "contain_address": false}, {"created_at": "Tue Nov 06 15:04:19 +0000 2018", "text": "Omw to the polls to cast my FLIPPED ballot but we have one scanner machine working \ud83e\udd14? @NYCMayor do you know about t\u2026 https://t.co/mjgWtBLgea", "id": 1059823800047538177, "clean_text": "Omw to the polls to cast my FLIPPED ballot but we have one scanner machine working do you know about t", "contain_address": false}, {"created_at": "Tue Nov 06 15:04:12 +0000 2018", "text": "RT @PizzaToThePolls: Help bring smiles to the faces of everyone hangning out at over-crowded polling places with a donation today \u27a1\ufe0f https:\u2026", "id": 1059823770498748417, "clean_text": "RT Help bring smiles to the faces of everyone hangning out at over crowded polling places with a donation today https", "contain_address": false}, {"created_at": "Tue Nov 06 15:04:11 +0000 2018", "text": "I just donated to @pizzatothepolls! You can give today at https://t.co/GFAU7qO3vR", "id": 1059823766681907200, "clean_text": "I just donated to You can give today at", "contain_address": false}, {"created_at": "Tue Nov 06 15:04:03 +0000 2018", "text": "@AndrewJamesNews @HuntingdonColl @ALNewsNetwork Can you pass this along to them? If folks are hungry, and need help\u2026 https://t.co/J8kaPi9CLz", "id": 1059823733332959233, "clean_text": "Can you pass this along to them If folks are hungry and need help", "contain_address": false}, {"created_at": "Tue Nov 06 15:03:49 +0000 2018", "text": "RT @pattigandolfini: @MattGertz @thegarance Long lines at your polling place? @PizzaToThePolls !! Send them a photo of the line, location a\u2026", "id": 1059823677720743937, "clean_text": "RT Long lines at your polling place Send them a photo of the line location a", "contain_address": false}, {"created_at": "Tue Nov 06 15:03:40 +0000 2018", "text": "RT @riningear: Reminder: If your polling line is INSANELY long this afternoon - like, hours - and you think people are at risk of leaving,\u2026", "id": 1059823638063575040, "clean_text": "RT Reminder If your polling line is INSANELY long this afternoon like hours and you think people are at risk of leaving", "contain_address": false}, {"created_at": "Tue Nov 06 15:03:30 +0000 2018", "text": "RT @restaurant_mom: It's going to be one hell of a day.\n\nDon't forget, if you're in line, stay in line. \n\nIf there's a registration snafu,\u2026", "id": 1059823595826737158, "clean_text": "RT It s going to be one hell of a day Don t forget if you re in line stay in line If there s a registration snafu", "contain_address": false}, {"created_at": "Tue Nov 06 15:03:29 +0000 2018", "text": "RT @PizzaToThePolls: 16 pizzas on their way!\n\n\u270c(-\u203f -)\u270c\n          |\n          ^", "id": 1059823593746583554, "clean_text": "RT 16 pizzas on their way", "contain_address": false}, {"created_at": "Tue Nov 06 15:03:16 +0000 2018", "text": "RT @PizzaToThePolls: Happy voting everyone!! Here\u2019s hoping your voting journey is quick and easy today but if you get stuck in line, we\u2019re\u2026", "id": 1059823536712359936, "clean_text": "RT Happy voting everyone Here s hoping your voting journey is quick and easy today but if you get stuck in line we re", "contain_address": false}, {"created_at": "Tue Nov 06 15:03:06 +0000 2018", "text": "@annehelen Can you pass this along to them? If folks are hungry, and need help or a little happiness to encourage t\u2026 https://t.co/qJledJ3Qy5", "id": 1059823493959815168, "clean_text": "Can you pass this along to them If folks are hungry and need help or a little happiness to encourage t", "contain_address": false}, {"created_at": "Tue Nov 06 15:03:01 +0000 2018", "text": "RT @PizzaToThePolls: Happy voting everyone!! Here\u2019s hoping your voting journey is quick and easy today but if you get stuck in line, we\u2019re\u2026", "id": 1059823473344831488, "clean_text": "RT Happy voting everyone Here s hoping your voting journey is quick and easy today but if you get stuck in line we re", "contain_address": false}, {"created_at": "Tue Nov 06 15:02:49 +0000 2018", "text": "RT @VoteRiders: @cameron_kasky Also, report long lines to @PizzaToThePolls and free pizza will arrive like magic!", "id": 1059823425156538368, "clean_text": "RT Also report long lines to and free pizza will arrive like magic", "contain_address": false}, {"created_at": "Tue Nov 06 15:02:42 +0000 2018", "text": "@jon_menjivar @summerbrennan Order @PizzaToThePolls !", "id": 1059823396660236288, "clean_text": "Order", "contain_address": false}, {"created_at": "Tue Nov 06 15:02:39 +0000 2018", "text": "@joshchafetz @StormResist @PizzaToThePolls Done. Thanks for the tip!", "id": 1059823380713607169, "clean_text": "Done Thanks for the tip", "contain_address": false}, {"created_at": "Tue Nov 06 15:02:28 +0000 2018", "text": "RT @PizzaToThePolls: Good morning! https://t.co/QMUGxJF6ni", "id": 1059823336887410688, "clean_text": "RT Good morning", "contain_address": false}, {"created_at": "Tue Nov 06 15:02:13 +0000 2018", "text": "RT @PizzaToThePolls: 16 pizzas on their way!\n\n\u270c(-\u203f -)\u270c\n          |\n          ^", "id": 1059823274740408326, "clean_text": "RT 16 pizzas on their way", "contain_address": false}, {"created_at": "Tue Nov 06 15:02:07 +0000 2018", "text": "RT @OhioUBobcats: @BNettlesPix @PizzaToThePolls \n\nDo your thing!", "id": 1059823245728243714, "clean_text": "RT Do your thing", "contain_address": false}, {"created_at": "Tue Nov 06 15:01:50 +0000 2018", "text": "@KySportsRadio @PizzaToThePolls some 'za needed in Lex! Send him your locations people!", "id": 1059823178128732160, "clean_text": "some za needed in Lex Send him your locations people", "contain_address": false}, {"created_at": "Tue Nov 06 15:01:46 +0000 2018", "text": "RT @PizzaToThePolls: Happy voting everyone!! Here\u2019s hoping your voting journey is quick and easy today but if you get stuck in line, we\u2019re\u2026", "id": 1059823160445460480, "clean_text": "RT Happy voting everyone Here s hoping your voting journey is quick and easy today but if you get stuck in line we re", "contain_address": false}, {"created_at": "Tue Nov 06 15:01:44 +0000 2018", "text": "RT @VoteRiders: @cameron_kasky Also, report long lines to @PizzaToThePolls and free pizza will arrive like magic!", "id": 1059823153164115968, "clean_text": "RT Also report long lines to and free pizza will arrive like magic", "contain_address": false}, {"created_at": "Tue Nov 06 15:01:43 +0000 2018", "text": "@PizzaToThePolls @chrisoIIey Just send the pizza", "id": 1059823145086083073, "clean_text": "Just send the pizza", "contain_address": false}, {"created_at": "Tue Nov 06 15:01:36 +0000 2018", "text": "RT @joshchafetz: So, why not donate if you can? And if you know of long lines at polling places tomorrow, you can tweet @PizzaToThePolls or\u2026", "id": 1059823118070546438, "clean_text": "RT So why not donate if you can And if you know of long lines at polling places tomorrow you can tweet or", "contain_address": false}, {"created_at": "Tue Nov 06 15:01:33 +0000 2018", "text": "RT @shannonrwatts: It\u2019s voting day. Please don\u2019t tweet or RT rumors. Only RT official orgs. Call 866-OUR-VOTE to report verified issues.\u2026", "id": 1059823104892063744, "clean_text": "RT It s voting day Please don t tweet or RT rumors Only RT official orgs Call 866 OUR VOTE to report verified issues", "contain_address": false}, {"created_at": "Tue Nov 06 15:01:28 +0000 2018", "text": "@PizzaToThePolls @Need2Impeach @kmbc check this out!", "id": 1059823084432228352, "clean_text": "check this out", "contain_address": false}, {"created_at": "Tue Nov 06 15:01:26 +0000 2018", "text": "RT @riningear: Reminder: If your polling line is INSANELY long this afternoon - like, hours - and you think people are at risk of leaving,\u2026", "id": 1059823076739899392, "clean_text": "RT Reminder If your polling line is INSANELY long this afternoon like hours and you think people are at risk of leaving", "contain_address": false}, {"created_at": "Tue Nov 06 15:01:18 +0000 2018", "text": "RT @VoteRiders: @cameron_kasky Also, report long lines to @PizzaToThePolls and free pizza will arrive like magic!", "id": 1059823044095557632, "clean_text": "RT Also report long lines to and free pizza will arrive like magic", "contain_address": false}, {"created_at": "Tue Nov 06 15:01:16 +0000 2018", "text": "@ProPublica @i_m_m If folks are hungry, and need help or a little happiness to encourage them to stay in line, repo\u2026 https://t.co/ZM8yOGJdQk", "id": 1059823035224674304, "clean_text": "If folks are hungry and need help or a little happiness to encourage them to stay in line repo", "contain_address": false}, {"created_at": "Tue Nov 06 15:01:13 +0000 2018", "text": "RT @PizzaToThePolls: We sure do! All we need is an address and picture of the line. Reports can also be made at https://t.co/occwLt8XVy. ht\u2026", "id": 1059823020947103749, "clean_text": "RT We sure do All we need is an address and picture of the line Reports can also be made at ht", "contain_address": false}, {"created_at": "Tue Nov 06 15:01:12 +0000 2018", "text": "RT @joshchafetz: I just threw $100 to @PizzaToThePolls. It may sound somewhat silly, but long lines at polling places are largely a result\u2026", "id": 1059823018527150081, "clean_text": "RT I just threw 100 to It may sound somewhat silly but long lines at polling places are largely a result", "contain_address": false}, {"created_at": "Tue Nov 06 15:01:09 +0000 2018", "text": "RT @JamesMTilton: @Bibliogato Not to mention, if you tag @PizzaToThePolls with the info of where you're voting, they'll send pizza to the l\u2026", "id": 1059823003431653377, "clean_text": "RT Not to mention if you tag with the info of where you re voting they ll send pizza to the l", "contain_address": false}, {"created_at": "Tue Nov 06 15:01:01 +0000 2018", "text": "RT @ACHBALLAZ: @samstein Anyone standing in a long line check out @PizzaToThePolls they'll send free pizzas for people in the line!", "id": 1059822971752194048, "clean_text": "RT Anyone standing in a long line check out they ll send free pizzas for people in the line", "contain_address": false}, {"created_at": "Tue Nov 06 15:00:51 +0000 2018", "text": "@KySportsRadio What are the locations? I'm sure @PizzaToThePolls would be happy to send some sustenance along to those waiting", "id": 1059822929536602112, "clean_text": "What are the locations I m sure would be happy to send some sustenance along to those waiting", "contain_address": false}, {"created_at": "Tue Nov 06 15:00:50 +0000 2018", "text": "\ud83c\udf55Hit up @PizzaToThePolls if your polling place has a long line. You guessed it. They\u2019ll send pizza \ud83d\ude0d", "id": 1059822925694541825, "clean_text": "Hit up if your polling place has a long line You guessed it They ll send pizza", "contain_address": false}, {"created_at": "Tue Nov 06 15:00:39 +0000 2018", "text": "RT @shannonrwatts: It\u2019s voting day. Please don\u2019t tweet or RT rumors. Only RT official orgs. Call 866-OUR-VOTE to report verified issues.\u2026", "id": 1059822879980773376, "clean_text": "RT It s voting day Please don t tweet or RT rumors Only RT official orgs Call 866 OUR VOTE to report verified issues", "contain_address": false}, {"created_at": "Tue Nov 06 15:00:15 +0000 2018", "text": "RT @joshchafetz: I just threw $100 to @PizzaToThePolls. It may sound somewhat silly, but long lines at polling places are largely a result\u2026", "id": 1059822776503005184, "clean_text": "RT I just threw 100 to It may sound somewhat silly but long lines at polling places are largely a result", "contain_address": false}, {"created_at": "Tue Nov 06 15:00:13 +0000 2018", "text": "@sarahkendzior @sarahkendzior is he hungry? You should send @PizzaToThePolls the address and pic of the line and th\u2026 https://t.co/UTqCy92wGM", "id": 1059822767686610945, "clean_text": "is he hungry You should send the address and pic of the line and th", "contain_address": false}, {"created_at": "Tue Nov 06 15:00:04 +0000 2018", "text": "RT @PizzaToThePolls: Happy voting everyone!! Here\u2019s hoping your voting journey is quick and easy today but if you get stuck in line, we\u2019re\u2026", "id": 1059822732819353600, "clean_text": "RT Happy voting everyone Here s hoping your voting journey is quick and easy today but if you get stuck in line we re", "contain_address": false}, {"created_at": "Tue Nov 06 15:00:00 +0000 2018", "text": "RT @pattigandolfini: @nancyleong And if the lines get long there's @PizzaToThePolls   Send them a photo of a long line, location, time and\u2026", "id": 1059822715874422785, "clean_text": "RT And if the lines get long there s Send them a photo of a long line location time and", "contain_address": false}]