[{"created_at": "Tue Nov 06 12:59:57 +0000 2018", "text": "RT @mansi_kat: @chescaleigh If you tweet at @PizzaToThePolls they\u2019ll bring pizza to folks waiting in line to vote!", "id": 1059792501752717314, "clean_text": "RT If you tweet at they ll bring pizza to folks waiting in line to vote", "contain_address": false}, {"created_at": "Tue Nov 06 12:59:53 +0000 2018", "text": "RT @GMA: Getting out the vote - #ElectionDay angels are getting creative to get others to the polls! @PizzaToThePolls is sending free pizza\u2026", "id": 1059792486137319425, "clean_text": "RT Getting out the vote ElectionDay angels are getting creative to get others to the polls is sending free pizza", "contain_address": false}, {"created_at": "Tue Nov 06 12:59:51 +0000 2018", "text": "RT @mansi_kat: @chescaleigh If you tweet at @PizzaToThePolls they\u2019ll bring pizza to folks waiting in line to vote!", "id": 1059792477555777537, "clean_text": "RT If you tweet at they ll bring pizza to folks waiting in line to vote", "contain_address": false}, {"created_at": "Tue Nov 06 12:59:51 +0000 2018", "text": "RT @mansi_kat: @chescaleigh If you tweet at @PizzaToThePolls they\u2019ll bring pizza to folks waiting in line to vote!", "id": 1059792476343549953, "clean_text": "RT If you tweet at they ll bring pizza to folks waiting in line to vote", "contain_address": false}, {"created_at": "Tue Nov 06 12:59:43 +0000 2018", "text": "RT @restaurant_mom: It's going to be one hell of a day.\n\nDon't forget, if you're in line, stay in line. \n\nIf there's a registration snafu,\u2026", "id": 1059792446626979840, "clean_text": "RT It s going to be one hell of a day Don t forget if you re in line stay in line If there s a registration snafu", "contain_address": false}, {"created_at": "Tue Nov 06 12:59:42 +0000 2018", "text": "RT @girlsreallyrule: If you are in a long line today, don't leave...ORDER PIZZA! @PizzaToThePolls will take your order and deliver pizza to\u2026", "id": 1059792439496581120, "clean_text": "RT If you are in a long line today don t leave ORDER PIZZA will take your order and deliver pizza to", "contain_address": false}, {"created_at": "Tue Nov 06 12:59:36 +0000 2018", "text": "RT @teresa_atHome: @ChocoHarveyMilk @TheLoyalO @KidCasteel @AllensOpEd @SnowBiAuthor @joncoopertweets @NWPinPDX @CyrusToulabi @MatthewWolff\u2026", "id": 1059792414972538880, "clean_text": "RT", "contain_address": false}, {"created_at": "Tue Nov 06 12:59:35 +0000 2018", "text": "RT @HolyCitySinner: Stuck in a long line? Get free pizza delivered to you thanks to @PizzaToThePolls! Trust me, it's real! I had pizza brou\u2026", "id": 1059792413194182658, "clean_text": "RT Stuck in a long line Get free pizza delivered to you thanks to Trust me it s real I had pizza brou", "contain_address": false}, {"created_at": "Tue Nov 06 12:59:29 +0000 2018", "text": "RT @girlsreallyrule: If you are in a long line today, don't leave...ORDER PIZZA! @PizzaToThePolls will take your order and deliver pizza to\u2026", "id": 1059792384324763648, "clean_text": "RT If you are in a long line today don t leave ORDER PIZZA will take your order and deliver pizza to", "contain_address": false}, {"created_at": "Tue Nov 06 12:59:27 +0000 2018", "text": "RT @PizzaToThePolls: Happy voting everyone!! Here\u2019s hoping your voting journey is quick and easy today but if you get stuck in line, we\u2019re\u2026", "id": 1059792378813444096, "clean_text": "RT Happy voting everyone Here s hoping your voting journey is quick and easy today but if you get stuck in line we re", "contain_address": false}, {"created_at": "Tue Nov 06 12:59:04 +0000 2018", "text": "also if you don\u2019t have a way to your polling place, uber and lyft are offering rides all day and if you get stuck i\u2026 https://t.co/IQee8mHGm5", "id": 1059792279198728192, "clean_text": "also if you don t have a way to your polling place uber and lyft are offering rides all day and if you get stuck i", "contain_address": false}, {"created_at": "Tue Nov 06 12:58:46 +0000 2018", "text": "RT @PizzaToThePolls: We sure do! All we need is an address and picture of the line. Reports can also be made at https://t.co/occwLt8XVy. ht\u2026", "id": 1059792206712717313, "clean_text": "RT We sure do All we need is an address and picture of the line Reports can also be made at ht", "contain_address": false}, {"created_at": "Tue Nov 06 12:58:43 +0000 2018", "text": "RT @GMA: Getting out the vote - #ElectionDay angels are getting creative to get others to the polls! @PizzaToThePolls is sending free pizza\u2026", "id": 1059792194545041408, "clean_text": "RT Getting out the vote ElectionDay angels are getting creative to get others to the polls is sending free pizza", "contain_address": false}, {"created_at": "Tue Nov 06 12:58:42 +0000 2018", "text": "RT @PizzaToThePolls: Happy voting everyone!! Here\u2019s hoping your voting journey is quick and easy today but if you get stuck in line, we\u2019re\u2026", "id": 1059792188597506049, "clean_text": "RT Happy voting everyone Here s hoping your voting journey is quick and easy today but if you get stuck in line we re", "contain_address": false}, {"created_at": "Tue Nov 06 12:58:32 +0000 2018", "text": "RT @girlsreallyrule: If you are in a long line today, don't leave...ORDER PIZZA! @PizzaToThePolls will take your order and deliver pizza to\u2026", "id": 1059792145987579904, "clean_text": "RT If you are in a long line today don t leave ORDER PIZZA will take your order and deliver pizza to", "contain_address": false}, {"created_at": "Tue Nov 06 12:58:28 +0000 2018", "text": "RT @PizzaToThePolls: Happy voting everyone!! Here\u2019s hoping your voting journey is quick and easy today but if you get stuck in line, we\u2019re\u2026", "id": 1059792131890573312, "clean_text": "RT Happy voting everyone Here s hoping your voting journey is quick and easy today but if you get stuck in line we re", "contain_address": false}, {"created_at": "Tue Nov 06 12:58:25 +0000 2018", "text": "RT @mansi_kat: @chescaleigh If you tweet at @PizzaToThePolls they\u2019ll bring pizza to folks waiting in line to vote!", "id": 1059792118900813824, "clean_text": "RT If you tweet at they ll bring pizza to folks waiting in line to vote", "contain_address": false}, {"created_at": "Tue Nov 06 12:58:03 +0000 2018", "text": "RT @mansi_kat: @chescaleigh If you tweet at @PizzaToThePolls they\u2019ll bring pizza to folks waiting in line to vote!", "id": 1059792024591851520, "clean_text": "RT If you tweet at they ll bring pizza to folks waiting in line to vote", "contain_address": false}, {"created_at": "Tue Nov 06 12:58:02 +0000 2018", "text": "RT @PizzaToThePolls: We sure do! All we need is an address and picture of the line. Reports can also be made at https://t.co/occwLt8XVy. ht\u2026", "id": 1059792021433581568, "clean_text": "RT We sure do All we need is an address and picture of the line Reports can also be made at ht", "contain_address": false}, {"created_at": "Tue Nov 06 12:57:59 +0000 2018", "text": "RT @girlsreallyrule: If you are in a long line today, don't leave...ORDER PIZZA! @PizzaToThePolls will take your order and deliver pizza to\u2026", "id": 1059792009911779328, "clean_text": "RT If you are in a long line today don t leave ORDER PIZZA will take your order and deliver pizza to", "contain_address": false}, {"created_at": "Tue Nov 06 12:57:45 +0000 2018", "text": "RT @girlsreallyrule: If you are in a long line today, don't leave...ORDER PIZZA! @PizzaToThePolls will take your order and deliver pizza to\u2026", "id": 1059791950256226304, "clean_text": "RT If you are in a long line today don t leave ORDER PIZZA will take your order and deliver pizza to", "contain_address": false}, {"created_at": "Tue Nov 06 12:57:42 +0000 2018", "text": "RT @PizzaToThePolls: Happy voting everyone!! Here\u2019s hoping your voting journey is quick and easy today but if you get stuck in line, we\u2019re\u2026", "id": 1059791936746389510, "clean_text": "RT Happy voting everyone Here s hoping your voting journey is quick and easy today but if you get stuck in line we re", "contain_address": false}, {"created_at": "Tue Nov 06 12:57:35 +0000 2018", "text": "RT @mansi_kat: @chescaleigh If you tweet at @PizzaToThePolls they\u2019ll bring pizza to folks waiting in line to vote!", "id": 1059791909802164224, "clean_text": "RT If you tweet at they ll bring pizza to folks waiting in line to vote", "contain_address": false}, {"created_at": "Tue Nov 06 12:57:29 +0000 2018", "text": "RT @PizzaToThePolls: @mansi_kat @chescaleigh We will! Send us a picture of the line and an address and we'll get pies to hungry voters. or\u2026", "id": 1059791883654832130, "clean_text": "RT We will Send us a picture of the line and an address and we ll get pies to hungry voters or", "contain_address": false}, {"created_at": "Tue Nov 06 12:57:25 +0000 2018", "text": "@tammy @PizzaToThePolls", "id": 1059791865204166656, "clean_text": "", "contain_address": false}, {"created_at": "Tue Nov 06 12:57:23 +0000 2018", "text": "RT @PizzaToThePolls: Happy voting everyone!! Here\u2019s hoping your voting journey is quick and easy today but if you get stuck in line, we\u2019re\u2026", "id": 1059791856370925568, "clean_text": "RT Happy voting everyone Here s hoping your voting journey is quick and easy today but if you get stuck in line we re", "contain_address": false}, {"created_at": "Tue Nov 06 12:57:18 +0000 2018", "text": "RT @GMA: Getting out the vote - #ElectionDay angels are getting creative to get others to the polls! @PizzaToThePolls is sending free pizza\u2026", "id": 1059791834917019648, "clean_text": "RT Getting out the vote ElectionDay angels are getting creative to get others to the polls is sending free pizza", "contain_address": false}, {"created_at": "Tue Nov 06 12:57:08 +0000 2018", "text": "RT @GMA: Getting out the vote - #ElectionDay angels are getting creative to get others to the polls! @PizzaToThePolls is sending free pizza\u2026", "id": 1059791793359712258, "clean_text": "RT Getting out the vote ElectionDay angels are getting creative to get others to the polls is sending free pizza", "contain_address": false}, {"created_at": "Tue Nov 06 12:57:02 +0000 2018", "text": "RT @PizzaToThePolls: We sure do! All we need is an address and picture of the line. Reports can also be made at https://t.co/occwLt8XVy. ht\u2026", "id": 1059791768189890561, "clean_text": "RT We sure do All we need is an address and picture of the line Reports can also be made at ht", "contain_address": false}, {"created_at": "Tue Nov 06 12:56:58 +0000 2018", "text": "RT @girlsreallyrule: If you are in a long line today, don't leave...ORDER PIZZA! @PizzaToThePolls will take your order and deliver pizza to\u2026", "id": 1059791753325162496, "clean_text": "RT If you are in a long line today don t leave ORDER PIZZA will take your order and deliver pizza to", "contain_address": false}, {"created_at": "Tue Nov 06 12:56:43 +0000 2018", "text": "@PizzaToThePolls please help folks in line to vote! Thank you! https://t.co/jzdSMzyAhr", "id": 1059791690662404096, "clean_text": "please help folks in line to vote Thank you", "contain_address": false}, {"created_at": "Tue Nov 06 12:56:42 +0000 2018", "text": "RT @girlsreallyrule: If you are in a long line today, don't leave...ORDER PIZZA! @PizzaToThePolls will take your order and deliver pizza to\u2026", "id": 1059791685897482240, "clean_text": "RT If you are in a long line today don t leave ORDER PIZZA will take your order and deliver pizza to", "contain_address": false}, {"created_at": "Tue Nov 06 12:56:40 +0000 2018", "text": "RT @girlsreallyrule: If you are in a long line today, don't leave...ORDER PIZZA! @PizzaToThePolls will take your order and deliver pizza to\u2026", "id": 1059791679321001984, "clean_text": "RT If you are in a long line today don t leave ORDER PIZZA will take your order and deliver pizza to", "contain_address": false}, {"created_at": "Tue Nov 06 12:56:35 +0000 2018", "text": "RT @GMA: Getting out the vote - #ElectionDay angels are getting creative to get others to the polls! @PizzaToThePolls is sending free pizza\u2026", "id": 1059791655702855681, "clean_text": "RT Getting out the vote ElectionDay angels are getting creative to get others to the polls is sending free pizza", "contain_address": false}, {"created_at": "Tue Nov 06 12:56:26 +0000 2018", "text": "RT @girlsreallyrule: If you are in a long line today, don't leave...ORDER PIZZA! @PizzaToThePolls will take your order and deliver pizza to\u2026", "id": 1059791618423902208, "clean_text": "RT If you are in a long line today don t leave ORDER PIZZA will take your order and deliver pizza to", "contain_address": false}, {"created_at": "Tue Nov 06 12:56:22 +0000 2018", "text": "RT @PizzaToThePolls: We sure do! All we need is an address and picture of the line. Reports can also be made at https://t.co/occwLt8XVy. ht\u2026", "id": 1059791603760553984, "clean_text": "RT We sure do All we need is an address and picture of the line Reports can also be made at ht", "contain_address": false}, {"created_at": "Tue Nov 06 12:56:17 +0000 2018", "text": "RT @PizzaToThePolls: We sure do! All we need is an address and picture of the line. Reports can also be made at https://t.co/occwLt8XVy. ht\u2026", "id": 1059791581748908032, "clean_text": "RT We sure do All we need is an address and picture of the line Reports can also be made at ht", "contain_address": false}, {"created_at": "Tue Nov 06 12:56:13 +0000 2018", "text": "RT @girlsreallyrule: If you are in a long line today, don't leave...ORDER PIZZA! @PizzaToThePolls will take your order and deliver pizza to\u2026", "id": 1059791565714006016, "clean_text": "RT If you are in a long line today don t leave ORDER PIZZA will take your order and deliver pizza to", "contain_address": false}, {"created_at": "Tue Nov 06 12:56:13 +0000 2018", "text": "RT @PizzaToThePolls: We sure do! All we need is an address and picture of the line. Reports can also be made at https://t.co/occwLt8XVy. ht\u2026", "id": 1059791562757029888, "clean_text": "RT We sure do All we need is an address and picture of the line Reports can also be made at ht", "contain_address": false}, {"created_at": "Tue Nov 06 12:56:04 +0000 2018", "text": "RT @PizzaToThePolls: Happy voting everyone!! Here\u2019s hoping your voting journey is quick and easy today but if you get stuck in line, we\u2019re\u2026", "id": 1059791527029948416, "clean_text": "RT Happy voting everyone Here s hoping your voting journey is quick and easy today but if you get stuck in line we re", "contain_address": false}, {"created_at": "Tue Nov 06 12:56:00 +0000 2018", "text": "RT @PizzaToThePolls: Happy voting everyone!! Here\u2019s hoping your voting journey is quick and easy today but if you get stuck in line, we\u2019re\u2026", "id": 1059791509057347584, "clean_text": "RT Happy voting everyone Here s hoping your voting journey is quick and easy today but if you get stuck in line we re", "contain_address": false}, {"created_at": "Tue Nov 06 12:55:57 +0000 2018", "text": "RT @PizzaToThePolls: Happy voting everyone!! Here\u2019s hoping your voting journey is quick and easy today but if you get stuck in line, we\u2019re\u2026", "id": 1059791495027408900, "clean_text": "RT Happy voting everyone Here s hoping your voting journey is quick and easy today but if you get stuck in line we re", "contain_address": false}, {"created_at": "Tue Nov 06 12:55:55 +0000 2018", "text": "RT @girlsreallyrule: If you are in a long line today, don't leave...ORDER PIZZA! @PizzaToThePolls will take your order and deliver pizza to\u2026", "id": 1059791488358465536, "clean_text": "RT If you are in a long line today don t leave ORDER PIZZA will take your order and deliver pizza to", "contain_address": false}, {"created_at": "Tue Nov 06 12:55:49 +0000 2018", "text": "RT @GMA: Getting out the vote - #ElectionDay angels are getting creative to get others to the polls! @PizzaToThePolls is sending free pizza\u2026", "id": 1059791462269886464, "clean_text": "RT Getting out the vote ElectionDay angels are getting creative to get others to the polls is sending free pizza", "contain_address": false}, {"created_at": "Tue Nov 06 12:55:39 +0000 2018", "text": "RT @GMA: Getting out the vote - #ElectionDay angels are getting creative to get others to the polls! @PizzaToThePolls is sending free pizza\u2026", "id": 1059791420297437184, "clean_text": "RT Getting out the vote ElectionDay angels are getting creative to get others to the polls is sending free pizza", "contain_address": false}, {"created_at": "Tue Nov 06 12:55:36 +0000 2018", "text": "RT @girlsreallyrule: If you are in a long line today, don't leave...ORDER PIZZA! @PizzaToThePolls will take your order and deliver pizza to\u2026", "id": 1059791407802511360, "clean_text": "RT If you are in a long line today don t leave ORDER PIZZA will take your order and deliver pizza to", "contain_address": false}, {"created_at": "Tue Nov 06 12:55:34 +0000 2018", "text": "RT @GMA: Getting out the vote - #ElectionDay angels are getting creative to get others to the polls! @PizzaToThePolls is sending free pizza\u2026", "id": 1059791400818987008, "clean_text": "RT Getting out the vote ElectionDay angels are getting creative to get others to the polls is sending free pizza", "contain_address": false}, {"created_at": "Tue Nov 06 12:55:34 +0000 2018", "text": "RT @girlsreallyrule: If you are in a long line today, don't leave...ORDER PIZZA! @PizzaToThePolls will take your order and deliver pizza to\u2026", "id": 1059791399627972608, "clean_text": "RT If you are in a long line today don t leave ORDER PIZZA will take your order and deliver pizza to", "contain_address": false}, {"created_at": "Tue Nov 06 12:55:33 +0000 2018", "text": "RT @girlsreallyrule: If you are in a long line today, don't leave...ORDER PIZZA! @PizzaToThePolls will take your order and deliver pizza to\u2026", "id": 1059791396201287680, "clean_text": "RT If you are in a long line today don t leave ORDER PIZZA will take your order and deliver pizza to", "contain_address": false}, {"created_at": "Tue Nov 06 12:55:32 +0000 2018", "text": "RT @mansi_kat: @chescaleigh If you tweet at @PizzaToThePolls they\u2019ll bring pizza to folks waiting in line to vote!", "id": 1059791390283128832, "clean_text": "RT If you tweet at they ll bring pizza to folks waiting in line to vote", "contain_address": false}, {"created_at": "Tue Nov 06 12:55:20 +0000 2018", "text": "RT @CarolineAFish: Helpful information via @tinaLillet for voting in New York City TODAY. Most importantly, @PizzaToThePolls \ud83d\ude09\ud83c\udf55\ud83c\udf55#GetOutTheV\u2026", "id": 1059791343227166720, "clean_text": "RT Helpful information via for voting in New York City TODAY Most importantly GetOutTheV", "contain_address": false}, {"created_at": "Tue Nov 06 12:55:17 +0000 2018", "text": "RT @bkehrt513: @Bridget96Rock Also, if you're in a real long line, @PizzaToThePolls will deliver pizza to your polling place on election da\u2026", "id": 1059791328157011968, "clean_text": "RT Also if you re in a real long line will deliver pizza to your polling place on election da", "contain_address": false}, {"created_at": "Tue Nov 06 12:55:15 +0000 2018", "text": "RT @PizzaToThePolls: Happy voting everyone!! Here\u2019s hoping your voting journey is quick and easy today but if you get stuck in line, we\u2019re\u2026", "id": 1059791319093178369, "clean_text": "RT Happy voting everyone Here s hoping your voting journey is quick and easy today but if you get stuck in line we re", "contain_address": false}, {"created_at": "Tue Nov 06 12:55:11 +0000 2018", "text": "RT @PizzaToThePolls: Help bring smiles to the faces of everyone hangning out at over-crowded polling places with a donation today \u27a1\ufe0f https:\u2026", "id": 1059791303494524928, "clean_text": "RT Help bring smiles to the faces of everyone hangning out at over crowded polling places with a donation today https", "contain_address": false}, {"created_at": "Tue Nov 06 12:55:03 +0000 2018", "text": "RT @girlsreallyrule: If you are in a long line today, don't leave...ORDER PIZZA! @PizzaToThePolls will take your order and deliver pizza to\u2026", "id": 1059791270174973953, "clean_text": "RT If you are in a long line today don t leave ORDER PIZZA will take your order and deliver pizza to", "contain_address": false}, {"created_at": "Tue Nov 06 12:55:00 +0000 2018", "text": "RT @PizzaToThePolls: Happy voting everyone!! Here\u2019s hoping your voting journey is quick and easy today but if you get stuck in line, we\u2019re\u2026", "id": 1059791259076845568, "clean_text": "RT Happy voting everyone Here s hoping your voting journey is quick and easy today but if you get stuck in line we re", "contain_address": false}, {"created_at": "Tue Nov 06 12:54:59 +0000 2018", "text": "RT @mansi_kat: @chescaleigh If you tweet at @PizzaToThePolls they\u2019ll bring pizza to folks waiting in line to vote!", "id": 1059791253628506112, "clean_text": "RT If you tweet at they ll bring pizza to folks waiting in line to vote", "contain_address": false}, {"created_at": "Tue Nov 06 12:54:58 +0000 2018", "text": "RT @PizzaToThePolls: Happy voting everyone!! Here\u2019s hoping your voting journey is quick and easy today but if you get stuck in line, we\u2019re\u2026", "id": 1059791250671448064, "clean_text": "RT Happy voting everyone Here s hoping your voting journey is quick and easy today but if you get stuck in line we re", "contain_address": false}, {"created_at": "Tue Nov 06 12:54:55 +0000 2018", "text": "RT @girlsreallyrule: If you are in a long line today, don't leave...ORDER PIZZA! @PizzaToThePolls will take your order and deliver pizza to\u2026", "id": 1059791235014107136, "clean_text": "RT If you are in a long line today don t leave ORDER PIZZA will take your order and deliver pizza to", "contain_address": false}, {"created_at": "Tue Nov 06 12:54:45 +0000 2018", "text": "The only things for you to remember today:\n\nDon\u2019t tweet or RT rumors. Call 866-OUR-VOTE to report verified issues.\u2026 https://t.co/smbOCLr6Ci", "id": 1059791194312585216, "clean_text": "The only things for you to remember today Don t tweet or RT rumors Call 866 OUR VOTE to report verified issues", "contain_address": false}, {"created_at": "Tue Nov 06 12:54:41 +0000 2018", "text": "RT @mansi_kat: @chescaleigh If you tweet at @PizzaToThePolls they\u2019ll bring pizza to folks waiting in line to vote!", "id": 1059791176851574786, "clean_text": "RT If you tweet at they ll bring pizza to folks waiting in line to vote", "contain_address": false}, {"created_at": "Tue Nov 06 12:54:40 +0000 2018", "text": "RT @girlsreallyrule: If you are in a long line today, don't leave...ORDER PIZZA! @PizzaToThePolls will take your order and deliver pizza to\u2026", "id": 1059791175618449408, "clean_text": "RT If you are in a long line today don t leave ORDER PIZZA will take your order and deliver pizza to", "contain_address": false}, {"created_at": "Tue Nov 06 12:54:40 +0000 2018", "text": "RT @GMA: Getting out the vote - #ElectionDay angels are getting creative to get others to the polls! @PizzaToThePolls is sending free pizza\u2026", "id": 1059791174360293378, "clean_text": "RT Getting out the vote ElectionDay angels are getting creative to get others to the polls is sending free pizza", "contain_address": false}, {"created_at": "Tue Nov 06 12:54:39 +0000 2018", "text": "RT @PizzaToThePolls: Help bring smiles to the faces of everyone hangning out at over-crowded polling places with a donation today \u27a1\ufe0f https:\u2026", "id": 1059791170669297664, "clean_text": "RT Help bring smiles to the faces of everyone hangning out at over crowded polling places with a donation today https", "contain_address": false}, {"created_at": "Tue Nov 06 12:54:39 +0000 2018", "text": "RT @girlsreallyrule: If you are in a long line today, don't leave...ORDER PIZZA! @PizzaToThePolls will take your order and deliver pizza to\u2026", "id": 1059791169511743489, "clean_text": "RT If you are in a long line today don t leave ORDER PIZZA will take your order and deliver pizza to", "contain_address": false}, {"created_at": "Tue Nov 06 12:54:23 +0000 2018", "text": "Getting out the vote - #ElectionDay angels are getting creative to get others to the polls! @PizzaToThePolls is sen\u2026 https://t.co/v6Sj0dl3dj", "id": 1059791104390778881, "clean_text": "Getting out the vote ElectionDay angels are getting creative to get others to the polls is sen", "contain_address": false}, {"created_at": "Tue Nov 06 12:54:18 +0000 2018", "text": "RT @mansi_kat: @chescaleigh If you tweet at @PizzaToThePolls they\u2019ll bring pizza to folks waiting in line to vote!", "id": 1059791083280982016, "clean_text": "RT If you tweet at they ll bring pizza to folks waiting in line to vote", "contain_address": false}, {"created_at": "Tue Nov 06 12:54:14 +0000 2018", "text": "RT @girlsreallyrule: If you are in a long line today, don't leave...ORDER PIZZA! @PizzaToThePolls will take your order and deliver pizza to\u2026", "id": 1059791065455169537, "clean_text": "RT If you are in a long line today don t leave ORDER PIZZA will take your order and deliver pizza to", "contain_address": false}, {"created_at": "Tue Nov 06 12:54:09 +0000 2018", "text": "RT @_Ben_Franklin1: @Helenhs I just sent to dough too!\nThank you @pizzatothepolls for enabling me to share with people waiting to vote", "id": 1059791042164260866, "clean_text": "RT I just sent to dough too Thank you for enabling me to share with people waiting to vote", "contain_address": false}, {"created_at": "Tue Nov 06 12:53:51 +0000 2018", "text": "RT @mansi_kat: @chescaleigh If you tweet at @PizzaToThePolls they\u2019ll bring pizza to folks waiting in line to vote!", "id": 1059790968906547201, "clean_text": "RT If you tweet at they ll bring pizza to folks waiting in line to vote", "contain_address": false}, {"created_at": "Tue Nov 06 12:53:50 +0000 2018", "text": "RT @girlsreallyrule: If you are in a long line today, don't leave...ORDER PIZZA! @PizzaToThePolls will take your order and deliver pizza to\u2026", "id": 1059790963147788288, "clean_text": "RT If you are in a long line today don t leave ORDER PIZZA will take your order and deliver pizza to", "contain_address": false}, {"created_at": "Tue Nov 06 12:53:50 +0000 2018", "text": "RT @girlsreallyrule: If you are in a long line today, don't leave...ORDER PIZZA! @PizzaToThePolls will take your order and deliver pizza to\u2026", "id": 1059790962216583169, "clean_text": "RT If you are in a long line today don t leave ORDER PIZZA will take your order and deliver pizza to", "contain_address": false}, {"created_at": "Tue Nov 06 12:53:49 +0000 2018", "text": "RT @PizzaToThePolls: We sure do! All we need is an address and picture of the line. Reports can also be made at https://t.co/occwLt8XVy. ht\u2026", "id": 1059790959322587136, "clean_text": "RT We sure do All we need is an address and picture of the line Reports can also be made at ht", "contain_address": false}, {"created_at": "Tue Nov 06 12:53:45 +0000 2018", "text": "RT @bkehrt513: @Bridget96Rock Also, if you're in a real long line, @PizzaToThePolls will deliver pizza to your polling place on election da\u2026", "id": 1059790942117474309, "clean_text": "RT Also if you re in a real long line will deliver pizza to your polling place on election da", "contain_address": false}, {"created_at": "Tue Nov 06 12:53:35 +0000 2018", "text": "RT @PizzaToThePolls: @AnnaSekiguchi 16 pizzas from dominos should be on the way!", "id": 1059790901168480256, "clean_text": "RT 16 pizzas from dominos should be on the way", "contain_address": false}, {"created_at": "Tue Nov 06 12:53:34 +0000 2018", "text": "RT @girlsreallyrule: If you are in a long line today, don't leave...ORDER PIZZA! @PizzaToThePolls will take your order and deliver pizza to\u2026", "id": 1059790897355866112, "clean_text": "RT If you are in a long line today don t leave ORDER PIZZA will take your order and deliver pizza to", "contain_address": false}, {"created_at": "Tue Nov 06 12:53:32 +0000 2018", "text": "RT @AnnaSekiguchi: @PizzaToThePolls Thank you so much!!", "id": 1059790887641849862, "clean_text": "RT Thank you so much", "contain_address": false}, {"created_at": "Tue Nov 06 12:53:30 +0000 2018", "text": "RT @PizzaToThePolls: @AnnaSekiguchi \ud83d\ude01\ud83c\udf55", "id": 1059790881127981056, "clean_text": "RT", "contain_address": false}, {"created_at": "Tue Nov 06 12:53:30 +0000 2018", "text": "RT @PizzaToThePolls: We sure do! All we need is an address and picture of the line. Reports can also be made at https://t.co/occwLt8XVy. ht\u2026", "id": 1059790880184262656, "clean_text": "RT We sure do All we need is an address and picture of the line Reports can also be made at ht", "contain_address": false}, {"created_at": "Tue Nov 06 12:53:29 +0000 2018", "text": "RT @restaurant_mom: It's going to be one hell of a day.\n\nDon't forget, if you're in line, stay in line. \n\nIf there's a registration snafu,\u2026", "id": 1059790877533466629, "clean_text": "RT It s going to be one hell of a day Don t forget if you re in line stay in line If there s a registration snafu", "contain_address": false}, {"created_at": "Tue Nov 06 12:53:28 +0000 2018", "text": "RT @fairycatmama: @AnnaSekiguchi @CarolAmmons4IL @PizzaToThePolls Help out these students on campus at the University of Illinois?", "id": 1059790873435824128, "clean_text": "RT Help out these students on campus at the University of Illinois", "contain_address": false}, {"created_at": "Tue Nov 06 12:53:27 +0000 2018", "text": "@PizzaToThePolls", "id": 1059790866708074497, "clean_text": "", "contain_address": false}, {"created_at": "Tue Nov 06 12:53:26 +0000 2018", "text": "RT @PizzaToThePolls: We sure do! All we need is an address and picture of the line. Reports can also be made at https://t.co/occwLt8XVy. ht\u2026", "id": 1059790862627074048, "clean_text": "RT We sure do All we need is an address and picture of the line Reports can also be made at ht", "contain_address": false}, {"created_at": "Tue Nov 06 12:53:12 +0000 2018", "text": "RT @mansi_kat: @chescaleigh If you tweet at @PizzaToThePolls they\u2019ll bring pizza to folks waiting in line to vote!", "id": 1059790805664235522, "clean_text": "RT If you tweet at they ll bring pizza to folks waiting in line to vote", "contain_address": false}, {"created_at": "Tue Nov 06 12:53:10 +0000 2018", "text": "HEY EVERYONE\nIS THERE A LONG LINE AT YOUR POLL....CHECK OUT...\n@PizzaToThePolls Great idea!  Keep an eye on Georgia, Florida and Texas...", "id": 1059790795497193477, "clean_text": "HEY EVERYONE IS THERE A LONG LINE AT YOUR POLL CHECK OUT Great idea Keep an eye on Georgia Florida and Texas", "contain_address": false}, {"created_at": "Tue Nov 06 12:53:08 +0000 2018", "text": "RT @PizzaToThePolls: @mansi_kat @chescaleigh We will! Send us a picture of the line and an address and we'll get pies to hungry voters. or\u2026", "id": 1059790786261331969, "clean_text": "RT We will Send us a picture of the line and an address and we ll get pies to hungry voters or", "contain_address": false}, {"created_at": "Tue Nov 06 12:52:36 +0000 2018", "text": "RT @PizzaToThePolls: We sure do! All we need is an address and picture of the line. Reports can also be made at https://t.co/occwLt8XVy. ht\u2026", "id": 1059790651972296705, "clean_text": "RT We sure do All we need is an address and picture of the line Reports can also be made at ht", "contain_address": false}, {"created_at": "Tue Nov 06 12:52:30 +0000 2018", "text": "RT @mansi_kat: @chescaleigh If you tweet at @PizzaToThePolls they\u2019ll bring pizza to folks waiting in line to vote!", "id": 1059790629092446209, "clean_text": "RT If you tweet at they ll bring pizza to folks waiting in line to vote", "contain_address": false}, {"created_at": "Tue Nov 06 12:52:25 +0000 2018", "text": "RT @mansi_kat: @chescaleigh If you tweet at @PizzaToThePolls they\u2019ll bring pizza to folks waiting in line to vote!", "id": 1059790608586264576, "clean_text": "RT If you tweet at they ll bring pizza to folks waiting in line to vote", "contain_address": false}, {"created_at": "Tue Nov 06 12:52:19 +0000 2018", "text": "RT @restaurant_mom: It's going to be one hell of a day.\n\nDon't forget, if you're in line, stay in line. \n\nIf there's a registration snafu,\u2026", "id": 1059790581315133440, "clean_text": "RT It s going to be one hell of a day Don t forget if you re in line stay in line If there s a registration snafu", "contain_address": false}, {"created_at": "Tue Nov 06 12:52:12 +0000 2018", "text": "RT @mansi_kat: @chescaleigh If you tweet at @PizzaToThePolls they\u2019ll bring pizza to folks waiting in line to vote!", "id": 1059790554828038144, "clean_text": "RT If you tweet at they ll bring pizza to folks waiting in line to vote", "contain_address": false}, {"created_at": "Tue Nov 06 12:51:58 +0000 2018", "text": "RT @mansi_kat: @chescaleigh If you tweet at @PizzaToThePolls they\u2019ll bring pizza to folks waiting in line to vote!", "id": 1059790495793270786, "clean_text": "RT If you tweet at they ll bring pizza to folks waiting in line to vote", "contain_address": false}, {"created_at": "Tue Nov 06 12:51:57 +0000 2018", "text": "RT @HolyCitySinner: Stuck in a long line? Get free pizza delivered to you thanks to @PizzaToThePolls! Trust me, it's real! I had pizza brou\u2026", "id": 1059790489581428736, "clean_text": "RT Stuck in a long line Get free pizza delivered to you thanks to Trust me it s real I had pizza brou", "contain_address": false}, {"created_at": "Tue Nov 06 12:51:50 +0000 2018", "text": "RT @girlsreallyrule: If you are in a long line today, don't leave...ORDER PIZZA! @PizzaToThePolls will take your order and deliver pizza to\u2026", "id": 1059790459197894657, "clean_text": "RT If you are in a long line today don t leave ORDER PIZZA will take your order and deliver pizza to", "contain_address": false}, {"created_at": "Tue Nov 06 12:51:20 +0000 2018", "text": "RT @girlsreallyrule: If you are in a long line today, don't leave...ORDER PIZZA! @PizzaToThePolls will take your order and deliver pizza to\u2026", "id": 1059790335742742529, "clean_text": "RT If you are in a long line today don t leave ORDER PIZZA will take your order and deliver pizza to", "contain_address": false}, {"created_at": "Tue Nov 06 12:51:04 +0000 2018", "text": "RT @girlsreallyrule: If you are in a long line today, don't leave...ORDER PIZZA! @PizzaToThePolls will take your order and deliver pizza to\u2026", "id": 1059790269896286208, "clean_text": "RT If you are in a long line today don t leave ORDER PIZZA will take your order and deliver pizza to", "contain_address": false}, {"created_at": "Tue Nov 06 12:50:49 +0000 2018", "text": "RT @girlsreallyrule: If you are in a long line today, don't leave...ORDER PIZZA! @PizzaToThePolls will take your order and deliver pizza to\u2026", "id": 1059790203387305989, "clean_text": "RT If you are in a long line today don t leave ORDER PIZZA will take your order and deliver pizza to", "contain_address": false}, {"created_at": "Tue Nov 06 12:50:44 +0000 2018", "text": "RT @PizzaToThePolls: Happy voting everyone!! Here\u2019s hoping your voting journey is quick and easy today but if you get stuck in line, we\u2019re\u2026", "id": 1059790186102616064, "clean_text": "RT Happy voting everyone Here s hoping your voting journey is quick and easy today but if you get stuck in line we re", "contain_address": false}, {"created_at": "Tue Nov 06 12:50:43 +0000 2018", "text": "@PizzaToThePolls nice work", "id": 1059790178695307264, "clean_text": "nice work", "contain_address": false}, {"created_at": "Tue Nov 06 12:50:37 +0000 2018", "text": "RT @mansi_kat: @chescaleigh If you tweet at @PizzaToThePolls they\u2019ll bring pizza to folks waiting in line to vote!", "id": 1059790155236732928, "clean_text": "RT If you tweet at they ll bring pizza to folks waiting in line to vote", "contain_address": false}, {"created_at": "Tue Nov 06 12:50:36 +0000 2018", "text": "RT @girlsreallyrule: If you are in a long line today, don't leave...ORDER PIZZA! @PizzaToThePolls will take your order and deliver pizza to\u2026", "id": 1059790151617052673, "clean_text": "RT If you are in a long line today don t leave ORDER PIZZA will take your order and deliver pizza to", "contain_address": false}, {"created_at": "Tue Nov 06 12:50:35 +0000 2018", "text": "@chriskingstl @PizzaToThePolls can help if youre hungry! I think bfast pizza is a thing...", "id": 1059790145354895360, "clean_text": "can help if youre hungry I think bfast pizza is a thing", "contain_address": false}, {"created_at": "Tue Nov 06 12:50:34 +0000 2018", "text": "RT @girlsreallyrule: If you are in a long line today, don't leave...ORDER PIZZA! @PizzaToThePolls will take your order and deliver pizza to\u2026", "id": 1059790143425601536, "clean_text": "RT If you are in a long line today don t leave ORDER PIZZA will take your order and deliver pizza to", "contain_address": false}, {"created_at": "Tue Nov 06 12:50:21 +0000 2018", "text": "RT @girlsreallyrule: If you are in a long line today, don't leave...ORDER PIZZA! @PizzaToThePolls will take your order and deliver pizza to\u2026", "id": 1059790086684975104, "clean_text": "RT If you are in a long line today don t leave ORDER PIZZA will take your order and deliver pizza to", "contain_address": false}, {"created_at": "Tue Nov 06 12:50:20 +0000 2018", "text": "RT @mansi_kat: @chescaleigh If you tweet at @PizzaToThePolls they\u2019ll bring pizza to folks waiting in line to vote!", "id": 1059790085380550656, "clean_text": "RT If you tweet at they ll bring pizza to folks waiting in line to vote", "contain_address": false}, {"created_at": "Tue Nov 06 12:50:18 +0000 2018", "text": "RT @mansi_kat: @chescaleigh If you tweet at @PizzaToThePolls they\u2019ll bring pizza to folks waiting in line to vote!", "id": 1059790075452579848, "clean_text": "RT If you tweet at they ll bring pizza to folks waiting in line to vote", "contain_address": false}, {"created_at": "Tue Nov 06 12:50:10 +0000 2018", "text": "RT @girlsreallyrule: If you are in a long line today, don't leave...ORDER PIZZA! @PizzaToThePolls will take your order and deliver pizza to\u2026", "id": 1059790041994747904, "clean_text": "RT If you are in a long line today don t leave ORDER PIZZA will take your order and deliver pizza to", "contain_address": false}, {"created_at": "Tue Nov 06 12:50:10 +0000 2018", "text": "RT @mansi_kat: @chescaleigh If you tweet at @PizzaToThePolls they\u2019ll bring pizza to folks waiting in line to vote!", "id": 1059790039486423040, "clean_text": "RT If you tweet at they ll bring pizza to folks waiting in line to vote", "contain_address": false}, {"created_at": "Tue Nov 06 12:50:07 +0000 2018", "text": "RT @girlsreallyrule: If you are in a long line today, don't leave...ORDER PIZZA! @PizzaToThePolls will take your order and deliver pizza to\u2026", "id": 1059790027033661445, "clean_text": "RT If you are in a long line today don t leave ORDER PIZZA will take your order and deliver pizza to", "contain_address": false}, {"created_at": "Tue Nov 06 12:50:06 +0000 2018", "text": "RT @mansi_kat: @chescaleigh If you tweet at @PizzaToThePolls they\u2019ll bring pizza to folks waiting in line to vote!", "id": 1059790025427181570, "clean_text": "RT If you tweet at they ll bring pizza to folks waiting in line to vote", "contain_address": false}, {"created_at": "Tue Nov 06 12:50:05 +0000 2018", "text": "RT @mansi_kat: @chescaleigh If you tweet at @PizzaToThePolls they\u2019ll bring pizza to folks waiting in line to vote!", "id": 1059790020217880576, "clean_text": "RT If you tweet at they ll bring pizza to folks waiting in line to vote", "contain_address": false}, {"created_at": "Tue Nov 06 12:50:03 +0000 2018", "text": "RT @girlsreallyrule: If you are in a long line today, don't leave...ORDER PIZZA! @PizzaToThePolls will take your order and deliver pizza to\u2026", "id": 1059790013012021250, "clean_text": "RT If you are in a long line today don t leave ORDER PIZZA will take your order and deliver pizza to", "contain_address": false}, {"created_at": "Tue Nov 06 12:50:03 +0000 2018", "text": "RT @mansi_kat: @chescaleigh If you tweet at @PizzaToThePolls they\u2019ll bring pizza to folks waiting in line to vote!", "id": 1059790012693151744, "clean_text": "RT If you tweet at they ll bring pizza to folks waiting in line to vote", "contain_address": false}, {"created_at": "Tue Nov 06 12:49:56 +0000 2018", "text": "RT @restaurant_mom: It's going to be one hell of a day.\n\nDon't forget, if you're in line, stay in line. \n\nIf there's a registration snafu,\u2026", "id": 1059789983085662209, "clean_text": "RT It s going to be one hell of a day Don t forget if you re in line stay in line If there s a registration snafu", "contain_address": false}, {"created_at": "Tue Nov 06 12:49:51 +0000 2018", "text": "RT @girlsreallyrule: If you are in a long line today, don't leave...ORDER PIZZA! @PizzaToThePolls will take your order and deliver pizza to\u2026", "id": 1059789960776171520, "clean_text": "RT If you are in a long line today don t leave ORDER PIZZA will take your order and deliver pizza to", "contain_address": false}, {"created_at": "Tue Nov 06 12:49:50 +0000 2018", "text": "RT @girlsreallyrule: If you are in a long line today, don't leave...ORDER PIZZA! @PizzaToThePolls will take your order and deliver pizza to\u2026", "id": 1059789955906617345, "clean_text": "RT If you are in a long line today don t leave ORDER PIZZA will take your order and deliver pizza to", "contain_address": false}, {"created_at": "Tue Nov 06 12:49:45 +0000 2018", "text": "RT @mansi_kat: @chescaleigh If you tweet at @PizzaToThePolls they\u2019ll bring pizza to folks waiting in line to vote!", "id": 1059789937749291008, "clean_text": "RT If you tweet at they ll bring pizza to folks waiting in line to vote", "contain_address": false}, {"created_at": "Tue Nov 06 12:49:45 +0000 2018", "text": "RT @mansi_kat: @chescaleigh If you tweet at @PizzaToThePolls they\u2019ll bring pizza to folks waiting in line to vote!", "id": 1059789937464111104, "clean_text": "RT If you tweet at they ll bring pizza to folks waiting in line to vote", "contain_address": false}, {"created_at": "Tue Nov 06 12:49:42 +0000 2018", "text": "RT @girlsreallyrule: If you are in a long line today, don't leave...ORDER PIZZA! @PizzaToThePolls will take your order and deliver pizza to\u2026", "id": 1059789925871206400, "clean_text": "RT If you are in a long line today don t leave ORDER PIZZA will take your order and deliver pizza to", "contain_address": false}, {"created_at": "Tue Nov 06 12:49:35 +0000 2018", "text": "RT @girlsreallyrule: If you are in a long line today, don't leave...ORDER PIZZA! @PizzaToThePolls will take your order and deliver pizza to\u2026", "id": 1059789893893808133, "clean_text": "RT If you are in a long line today don t leave ORDER PIZZA will take your order and deliver pizza to", "contain_address": false}, {"created_at": "Tue Nov 06 12:49:31 +0000 2018", "text": "RT @PizzaToThePolls: @mansi_kat @chescaleigh We will! Send us a picture of the line and an address and we'll get pies to hungry voters. or\u2026", "id": 1059789879234699264, "clean_text": "RT We will Send us a picture of the line and an address and we ll get pies to hungry voters or", "contain_address": false}, {"created_at": "Tue Nov 06 12:49:18 +0000 2018", "text": "RT @girlsreallyrule: If you are in a long line today, don't leave...ORDER PIZZA! @PizzaToThePolls will take your order and deliver pizza to\u2026", "id": 1059789823941246976, "clean_text": "RT If you are in a long line today don t leave ORDER PIZZA will take your order and deliver pizza to", "contain_address": false}, {"created_at": "Tue Nov 06 12:49:05 +0000 2018", "text": "RT @mansi_kat: @chescaleigh If you tweet at @PizzaToThePolls they\u2019ll bring pizza to folks waiting in line to vote!", "id": 1059789769998323713, "clean_text": "RT If you tweet at they ll bring pizza to folks waiting in line to vote", "contain_address": false}, {"created_at": "Tue Nov 06 12:49:03 +0000 2018", "text": "RT @girlsreallyrule: If you are in a long line today, don't leave...ORDER PIZZA! @PizzaToThePolls will take your order and deliver pizza to\u2026", "id": 1059789762545008640, "clean_text": "RT If you are in a long line today don t leave ORDER PIZZA will take your order and deliver pizza to", "contain_address": false}, {"created_at": "Tue Nov 06 12:49:03 +0000 2018", "text": "@PizzaToThePolls is 8am too early for y\u2019all or \ud83e\udd14", "id": 1059789758979805185, "clean_text": "is 8am too early for y all or", "contain_address": false}, {"created_at": "Tue Nov 06 12:48:59 +0000 2018", "text": "RT @amylvpoemfarm: And if the line feels long, contact @PizzaToThePolls! Anyone can donate a pizza....I did yesterday! #Vote https://t.co/v\u2026", "id": 1059789742492082176, "clean_text": "RT And if the line feels long contact Anyone can donate a pizza I did yesterday Vote", "contain_address": false}, {"created_at": "Tue Nov 06 12:48:56 +0000 2018", "text": "RT @PizzaToThePolls: Happy voting everyone!! Here\u2019s hoping your voting journey is quick and easy today but if you get stuck in line, we\u2019re\u2026", "id": 1059789731326844933, "clean_text": "RT Happy voting everyone Here s hoping your voting journey is quick and easy today but if you get stuck in line we re", "contain_address": false}, {"created_at": "Tue Nov 06 12:48:55 +0000 2018", "text": "RT @mansi_kat: @chescaleigh If you tweet at @PizzaToThePolls they\u2019ll bring pizza to folks waiting in line to vote!", "id": 1059789728621490177, "clean_text": "RT If you tweet at they ll bring pizza to folks waiting in line to vote", "contain_address": false}, {"created_at": "Tue Nov 06 12:48:52 +0000 2018", "text": "RT @girlsreallyrule: If you are in a long line today, don't leave...ORDER PIZZA! @PizzaToThePolls will take your order and deliver pizza to\u2026", "id": 1059789715069681664, "clean_text": "RT If you are in a long line today don t leave ORDER PIZZA will take your order and deliver pizza to", "contain_address": false}, {"created_at": "Tue Nov 06 12:48:49 +0000 2018", "text": "RT @girlsreallyrule: If you are in a long line today, don't leave...ORDER PIZZA! @PizzaToThePolls will take your order and deliver pizza to\u2026", "id": 1059789700590956545, "clean_text": "RT If you are in a long line today don t leave ORDER PIZZA will take your order and deliver pizza to", "contain_address": false}, {"created_at": "Tue Nov 06 12:48:47 +0000 2018", "text": "RT @girlsreallyrule: If you are in a long line today, don't leave...ORDER PIZZA! @PizzaToThePolls will take your order and deliver pizza to\u2026", "id": 1059789691644530688, "clean_text": "RT If you are in a long line today don t leave ORDER PIZZA will take your order and deliver pizza to", "contain_address": false}, {"created_at": "Tue Nov 06 12:48:43 +0000 2018", "text": "RT @girlsreallyrule: If you are in a long line today, don't leave...ORDER PIZZA! @PizzaToThePolls will take your order and deliver pizza to\u2026", "id": 1059789676406542336, "clean_text": "RT If you are in a long line today don t leave ORDER PIZZA will take your order and deliver pizza to", "contain_address": false}, {"created_at": "Tue Nov 06 12:48:42 +0000 2018", "text": "RT @girlsreallyrule: If you are in a long line today, don't leave...ORDER PIZZA! @PizzaToThePolls will take your order and deliver pizza to\u2026", "id": 1059789673437020160, "clean_text": "RT If you are in a long line today don t leave ORDER PIZZA will take your order and deliver pizza to", "contain_address": false}, {"created_at": "Tue Nov 06 12:48:35 +0000 2018", "text": "RT @mansi_kat: @chescaleigh If you tweet at @PizzaToThePolls they\u2019ll bring pizza to folks waiting in line to vote!", "id": 1059789643695177729, "clean_text": "RT If you tweet at they ll bring pizza to folks waiting in line to vote", "contain_address": false}, {"created_at": "Tue Nov 06 12:48:33 +0000 2018", "text": "RT @mansi_kat: @chescaleigh If you tweet at @PizzaToThePolls they\u2019ll bring pizza to folks waiting in line to vote!", "id": 1059789635113619456, "clean_text": "RT If you tweet at they ll bring pizza to folks waiting in line to vote", "contain_address": false}, {"created_at": "Tue Nov 06 12:48:32 +0000 2018", "text": "RT @girlsreallyrule: If you are in a long line today, don't leave...ORDER PIZZA! @PizzaToThePolls will take your order and deliver pizza to\u2026", "id": 1059789630130786304, "clean_text": "RT If you are in a long line today don t leave ORDER PIZZA will take your order and deliver pizza to", "contain_address": false}, {"created_at": "Tue Nov 06 12:48:30 +0000 2018", "text": "RT @PizzaToThePolls: @mansi_kat @chescaleigh We will! Send us a picture of the line and an address and we'll get pies to hungry voters. or\u2026", "id": 1059789621436014592, "clean_text": "RT We will Send us a picture of the line and an address and we ll get pies to hungry voters or", "contain_address": false}, {"created_at": "Tue Nov 06 12:48:29 +0000 2018", "text": "RT @PizzaToThePolls: @mansi_kat @chescaleigh We will! Send us a picture of the line and an address and we'll get pies to hungry voters. or\u2026", "id": 1059789616788586497, "clean_text": "RT We will Send us a picture of the line and an address and we ll get pies to hungry voters or", "contain_address": false}, {"created_at": "Tue Nov 06 12:48:28 +0000 2018", "text": "RT @mansi_kat: @chescaleigh If you tweet at @PizzaToThePolls they\u2019ll bring pizza to folks waiting in line to vote!", "id": 1059789615731752961, "clean_text": "RT If you tweet at they ll bring pizza to folks waiting in line to vote", "contain_address": false}, {"created_at": "Tue Nov 06 12:48:24 +0000 2018", "text": "RT @girlsreallyrule: If you are in a long line today, don't leave...ORDER PIZZA! @PizzaToThePolls will take your order and deliver pizza to\u2026", "id": 1059789596148543488, "clean_text": "RT If you are in a long line today don t leave ORDER PIZZA will take your order and deliver pizza to", "contain_address": false}, {"created_at": "Tue Nov 06 12:48:16 +0000 2018", "text": "RT @girlsreallyrule: If you are in a long line today, don't leave...ORDER PIZZA! @PizzaToThePolls will take your order and deliver pizza to\u2026", "id": 1059789561943879680, "clean_text": "RT If you are in a long line today don t leave ORDER PIZZA will take your order and deliver pizza to", "contain_address": false}, {"created_at": "Tue Nov 06 12:48:16 +0000 2018", "text": "RT @PizzaToThePolls: We sure do! All we need is an address and picture of the line. Reports can also be made at https://t.co/occwLt8XVy. ht\u2026", "id": 1059789561604251648, "clean_text": "RT We sure do All we need is an address and picture of the line Reports can also be made at ht", "contain_address": false}, {"created_at": "Tue Nov 06 12:48:12 +0000 2018", "text": "RT @HolyCitySinner: Stuck in a long line? Get free pizza delivered to you thanks to @PizzaToThePolls! Trust me, it's real! I had pizza brou\u2026", "id": 1059789544655110144, "clean_text": "RT Stuck in a long line Get free pizza delivered to you thanks to Trust me it s real I had pizza brou", "contain_address": false}, {"created_at": "Tue Nov 06 12:48:05 +0000 2018", "text": "RT @girlsreallyrule: If you are in a long line today, don't leave...ORDER PIZZA! @PizzaToThePolls will take your order and deliver pizza to\u2026", "id": 1059789516892971009, "clean_text": "RT If you are in a long line today don t leave ORDER PIZZA will take your order and deliver pizza to", "contain_address": false}, {"created_at": "Tue Nov 06 12:47:56 +0000 2018", "text": "RT @girlsreallyrule: If you are in a long line today, don't leave...ORDER PIZZA! @PizzaToThePolls will take your order and deliver pizza to\u2026", "id": 1059789479135899648, "clean_text": "RT If you are in a long line today don t leave ORDER PIZZA will take your order and deliver pizza to", "contain_address": false}, {"created_at": "Tue Nov 06 12:47:53 +0000 2018", "text": "RT @girlsreallyrule: If you are in a long line today, don't leave...ORDER PIZZA! @PizzaToThePolls will take your order and deliver pizza to\u2026", "id": 1059789465974120450, "clean_text": "RT If you are in a long line today don t leave ORDER PIZZA will take your order and deliver pizza to", "contain_address": false}, {"created_at": "Tue Nov 06 12:47:48 +0000 2018", "text": "RT @PizzaToThePolls: @mansi_kat @chescaleigh We will! Send us a picture of the line and an address and we'll get pies to hungry voters. or\u2026", "id": 1059789444155404289, "clean_text": "RT We will Send us a picture of the line and an address and we ll get pies to hungry voters or", "contain_address": false}, {"created_at": "Tue Nov 06 12:47:44 +0000 2018", "text": "RT @girlsreallyrule: If you are in a long line today, don't leave...ORDER PIZZA! @PizzaToThePolls will take your order and deliver pizza to\u2026", "id": 1059789427558498304, "clean_text": "RT If you are in a long line today don t leave ORDER PIZZA will take your order and deliver pizza to", "contain_address": false}, {"created_at": "Tue Nov 06 12:47:43 +0000 2018", "text": "RT @PizzaToThePolls: Help bring smiles to the faces of everyone hangning out at over-crowded polling places with a donation today \u27a1\ufe0f https:\u2026", "id": 1059789425444569088, "clean_text": "RT Help bring smiles to the faces of everyone hangning out at over crowded polling places with a donation today https", "contain_address": false}, {"created_at": "Tue Nov 06 12:47:43 +0000 2018", "text": "RT @girlsreallyrule: If you are in a long line today, don't leave...ORDER PIZZA! @PizzaToThePolls will take your order and deliver pizza to\u2026", "id": 1059789423091449856, "clean_text": "RT If you are in a long line today don t leave ORDER PIZZA will take your order and deliver pizza to", "contain_address": false}, {"created_at": "Tue Nov 06 12:47:42 +0000 2018", "text": "RT @girlsreallyrule: If you are in a long line today, don't leave...ORDER PIZZA! @PizzaToThePolls will take your order and deliver pizza to\u2026", "id": 1059789420042375168, "clean_text": "RT If you are in a long line today don t leave ORDER PIZZA will take your order and deliver pizza to", "contain_address": false}, {"created_at": "Tue Nov 06 12:47:40 +0000 2018", "text": "RT @girlsreallyrule: If you are in a long line today, don't leave...ORDER PIZZA! @PizzaToThePolls will take your order and deliver pizza to\u2026", "id": 1059789411553107969, "clean_text": "RT If you are in a long line today don t leave ORDER PIZZA will take your order and deliver pizza to", "contain_address": false}, {"created_at": "Tue Nov 06 12:47:35 +0000 2018", "text": "RT @girlsreallyrule: If you are in a long line today, don't leave...ORDER PIZZA! @PizzaToThePolls will take your order and deliver pizza to\u2026", "id": 1059789390371848198, "clean_text": "RT If you are in a long line today don t leave ORDER PIZZA will take your order and deliver pizza to", "contain_address": false}, {"created_at": "Tue Nov 06 12:47:32 +0000 2018", "text": "RT @mansi_kat: @chescaleigh If you tweet at @PizzaToThePolls they\u2019ll bring pizza to folks waiting in line to vote!", "id": 1059789379210752000, "clean_text": "RT If you tweet at they ll bring pizza to folks waiting in line to vote", "contain_address": false}, {"created_at": "Tue Nov 06 12:47:29 +0000 2018", "text": "RT @PizzaToThePolls: We sure do! All we need is an address and picture of the line. Reports can also be made at https://t.co/occwLt8XVy. ht\u2026", "id": 1059789365600235520, "clean_text": "RT We sure do All we need is an address and picture of the line Reports can also be made at ht", "contain_address": false}, {"created_at": "Tue Nov 06 12:47:28 +0000 2018", "text": "RT @mansi_kat: @chescaleigh If you tweet at @PizzaToThePolls they\u2019ll bring pizza to folks waiting in line to vote!", "id": 1059789362769076224, "clean_text": "RT If you tweet at they ll bring pizza to folks waiting in line to vote", "contain_address": false}, {"created_at": "Tue Nov 06 12:47:05 +0000 2018", "text": "If you are in a long line today, don't leave...ORDER PIZZA! @PizzaToThePolls will take your order and deliver pizza\u2026 https://t.co/c3aszWAoLE", "id": 1059789266191073280, "clean_text": "If you are in a long line today don t leave ORDER PIZZA will take your order and deliver pizza", "contain_address": false}, {"created_at": "Tue Nov 06 12:46:46 +0000 2018", "text": "RT @mansi_kat: @chescaleigh If you tweet at @PizzaToThePolls they\u2019ll bring pizza to folks waiting in line to vote!", "id": 1059789187711410176, "clean_text": "RT If you tweet at they ll bring pizza to folks waiting in line to vote", "contain_address": false}, {"created_at": "Tue Nov 06 12:46:46 +0000 2018", "text": "RT @mansi_kat: @chescaleigh If you tweet at @PizzaToThePolls they\u2019ll bring pizza to folks waiting in line to vote!", "id": 1059789184792174592, "clean_text": "RT If you tweet at they ll bring pizza to folks waiting in line to vote", "contain_address": false}, {"created_at": "Tue Nov 06 12:46:40 +0000 2018", "text": "RT @mansi_kat: @chescaleigh If you tweet at @PizzaToThePolls they\u2019ll bring pizza to folks waiting in line to vote!", "id": 1059789159748063232, "clean_text": "RT If you tweet at they ll bring pizza to folks waiting in line to vote", "contain_address": false}, {"created_at": "Tue Nov 06 12:46:34 +0000 2018", "text": "RT @PizzaToThePolls: Happy voting everyone!! Here\u2019s hoping your voting journey is quick and easy today but if you get stuck in line, we\u2019re\u2026", "id": 1059789137555976192, "clean_text": "RT Happy voting everyone Here s hoping your voting journey is quick and easy today but if you get stuck in line we re", "contain_address": false}, {"created_at": "Tue Nov 06 12:46:30 +0000 2018", "text": "RT @PizzaToThePolls: @mansi_kat @chescaleigh We will! Send us a picture of the line and an address and we'll get pies to hungry voters. or\u2026", "id": 1059789118987796481, "clean_text": "RT We will Send us a picture of the line and an address and we ll get pies to hungry voters or", "contain_address": false}, {"created_at": "Tue Nov 06 12:46:26 +0000 2018", "text": "RT @PizzaToThePolls: Happy voting everyone!! Here\u2019s hoping your voting journey is quick and easy today but if you get stuck in line, we\u2019re\u2026", "id": 1059789103506604032, "clean_text": "RT Happy voting everyone Here s hoping your voting journey is quick and easy today but if you get stuck in line we re", "contain_address": false}, {"created_at": "Tue Nov 06 12:46:26 +0000 2018", "text": "RT @mansi_kat: @chescaleigh If you tweet at @PizzaToThePolls they\u2019ll bring pizza to folks waiting in line to vote!", "id": 1059789100927062018, "clean_text": "RT If you tweet at they ll bring pizza to folks waiting in line to vote", "contain_address": false}, {"created_at": "Tue Nov 06 12:46:25 +0000 2018", "text": "RT @mansi_kat: @chescaleigh If you tweet at @PizzaToThePolls they\u2019ll bring pizza to folks waiting in line to vote!", "id": 1059789099308146688, "clean_text": "RT If you tweet at they ll bring pizza to folks waiting in line to vote", "contain_address": false}, {"created_at": "Tue Nov 06 12:46:23 +0000 2018", "text": "RT @PizzaToThePolls: @mansi_kat @chescaleigh We will! Send us a picture of the line and an address and we'll get pies to hungry voters. or\u2026", "id": 1059789090546245632, "clean_text": "RT We will Send us a picture of the line and an address and we ll get pies to hungry voters or", "contain_address": false}, {"created_at": "Tue Nov 06 12:46:22 +0000 2018", "text": "RT @PizzaToThePolls: @mansi_kat @chescaleigh We will! Send us a picture of the line and an address and we'll get pies to hungry voters. or\u2026", "id": 1059789084418285569, "clean_text": "RT We will Send us a picture of the line and an address and we ll get pies to hungry voters or", "contain_address": false}, {"created_at": "Tue Nov 06 12:46:21 +0000 2018", "text": "RT @mansi_kat: @chescaleigh If you tweet at @PizzaToThePolls they\u2019ll bring pizza to folks waiting in line to vote!", "id": 1059789082212085760, "clean_text": "RT If you tweet at they ll bring pizza to folks waiting in line to vote", "contain_address": false}, {"created_at": "Tue Nov 06 12:45:59 +0000 2018", "text": "RT @mansi_kat: @chescaleigh If you tweet at @PizzaToThePolls they\u2019ll bring pizza to folks waiting in line to vote!", "id": 1059788986716246018, "clean_text": "RT If you tweet at they ll bring pizza to folks waiting in line to vote", "contain_address": false}, {"created_at": "Tue Nov 06 12:45:52 +0000 2018", "text": "RT @PizzaToThePolls: Happy voting everyone!! Here\u2019s hoping your voting journey is quick and easy today but if you get stuck in line, we\u2019re\u2026", "id": 1059788960434663426, "clean_text": "RT Happy voting everyone Here s hoping your voting journey is quick and easy today but if you get stuck in line we re", "contain_address": false}, {"created_at": "Tue Nov 06 12:45:47 +0000 2018", "text": "RT @PizzaToThePolls: @mansi_kat @chescaleigh We will! Send us a picture of the line and an address and we'll get pies to hungry voters. or\u2026", "id": 1059788940339748864, "clean_text": "RT We will Send us a picture of the line and an address and we ll get pies to hungry voters or", "contain_address": false}, {"created_at": "Tue Nov 06 12:45:43 +0000 2018", "text": "RT @mansi_kat: @chescaleigh If you tweet at @PizzaToThePolls they\u2019ll bring pizza to folks waiting in line to vote!", "id": 1059788923453562880, "clean_text": "RT If you tweet at they ll bring pizza to folks waiting in line to vote", "contain_address": false}, {"created_at": "Tue Nov 06 12:45:22 +0000 2018", "text": "RT @mansi_kat: @chescaleigh If you tweet at @PizzaToThePolls they\u2019ll bring pizza to folks waiting in line to vote!", "id": 1059788831702962176, "clean_text": "RT If you tweet at they ll bring pizza to folks waiting in line to vote", "contain_address": false}, {"created_at": "Tue Nov 06 12:45:16 +0000 2018", "text": "RT @mansi_kat: @chescaleigh If you tweet at @PizzaToThePolls they\u2019ll bring pizza to folks waiting in line to vote!", "id": 1059788808613433345, "clean_text": "RT If you tweet at they ll bring pizza to folks waiting in line to vote", "contain_address": false}, {"created_at": "Tue Nov 06 12:45:12 +0000 2018", "text": "RT @PizzaToThePolls: Happy voting everyone!! Here\u2019s hoping your voting journey is quick and easy today but if you get stuck in line, we\u2019re\u2026", "id": 1059788789810413568, "clean_text": "RT Happy voting everyone Here s hoping your voting journey is quick and easy today but if you get stuck in line we re", "contain_address": false}, {"created_at": "Tue Nov 06 12:44:37 +0000 2018", "text": "RT @mansi_kat: @chescaleigh If you tweet at @PizzaToThePolls they\u2019ll bring pizza to folks waiting in line to vote!", "id": 1059788645614477312, "clean_text": "RT If you tweet at they ll bring pizza to folks waiting in line to vote", "contain_address": false}, {"created_at": "Tue Nov 06 12:44:25 +0000 2018", "text": "RT @restaurant_mom: It's going to be one hell of a day.\n\nDon't forget, if you're in line, stay in line. \n\nIf there's a registration snafu,\u2026", "id": 1059788594192232448, "clean_text": "RT It s going to be one hell of a day Don t forget if you re in line stay in line If there s a registration snafu", "contain_address": false}, {"created_at": "Tue Nov 06 12:44:13 +0000 2018", "text": "My favorite twitter account today: @PizzaToThePolls #gotv #goblue #gopepperoni", "id": 1059788545953554433, "clean_text": "My favorite twitter account today gotv goblue gopepperoni", "contain_address": false}, {"created_at": "Tue Nov 06 12:44:03 +0000 2018", "text": "RT @mansi_kat: @chescaleigh If you tweet at @PizzaToThePolls they\u2019ll bring pizza to folks waiting in line to vote!", "id": 1059788503456927745, "clean_text": "RT If you tweet at they ll bring pizza to folks waiting in line to vote", "contain_address": false}, {"created_at": "Tue Nov 06 12:43:47 +0000 2018", "text": "RT @PizzaToThePolls: @mansi_kat @chescaleigh We will! Send us a picture of the line and an address and we'll get pies to hungry voters. or\u2026", "id": 1059788434133434369, "clean_text": "RT We will Send us a picture of the line and an address and we ll get pies to hungry voters or", "contain_address": false}, {"created_at": "Tue Nov 06 12:43:33 +0000 2018", "text": "RT @PizzaToThePolls: @mansi_kat @chescaleigh We will! Send us a picture of the line and an address and we'll get pies to hungry voters. or\u2026", "id": 1059788375190880256, "clean_text": "RT We will Send us a picture of the line and an address and we ll get pies to hungry voters or", "contain_address": false}, {"created_at": "Tue Nov 06 12:43:29 +0000 2018", "text": "RT @mansi_kat: @chescaleigh If you tweet at @PizzaToThePolls they\u2019ll bring pizza to folks waiting in line to vote!", "id": 1059788359885819905, "clean_text": "RT If you tweet at they ll bring pizza to folks waiting in line to vote", "contain_address": false}, {"created_at": "Tue Nov 06 12:43:04 +0000 2018", "text": "RT @PizzaToThePolls: @mansi_kat @chescaleigh We will! Send us a picture of the line and an address and we'll get pies to hungry voters. or\u2026", "id": 1059788256425005056, "clean_text": "RT We will Send us a picture of the line and an address and we ll get pies to hungry voters or", "contain_address": false}, {"created_at": "Tue Nov 06 12:43:02 +0000 2018", "text": "RT @mansi_kat: @chescaleigh If you tweet at @PizzaToThePolls they\u2019ll bring pizza to folks waiting in line to vote!", "id": 1059788246828400640, "clean_text": "RT If you tweet at they ll bring pizza to folks waiting in line to vote", "contain_address": false}, {"created_at": "Tue Nov 06 12:42:58 +0000 2018", "text": "RT @mansi_kat: @chescaleigh If you tweet at @PizzaToThePolls they\u2019ll bring pizza to folks waiting in line to vote!", "id": 1059788229791092737, "clean_text": "RT If you tweet at they ll bring pizza to folks waiting in line to vote", "contain_address": false}, {"created_at": "Tue Nov 06 12:42:53 +0000 2018", "text": "RT @PizzaToThePolls: Happy voting everyone!! Here\u2019s hoping your voting journey is quick and easy today but if you get stuck in line, we\u2019re\u2026", "id": 1059788207498379264, "clean_text": "RT Happy voting everyone Here s hoping your voting journey is quick and easy today but if you get stuck in line we re", "contain_address": false}, {"created_at": "Tue Nov 06 12:42:52 +0000 2018", "text": "RT @PizzaToThePolls: Happy voting everyone!! Here\u2019s hoping your voting journey is quick and easy today but if you get stuck in line, we\u2019re\u2026", "id": 1059788205287890944, "clean_text": "RT Happy voting everyone Here s hoping your voting journey is quick and easy today but if you get stuck in line we re", "contain_address": false}, {"created_at": "Tue Nov 06 12:42:48 +0000 2018", "text": "RT @mansi_kat: @chescaleigh If you tweet at @PizzaToThePolls they\u2019ll bring pizza to folks waiting in line to vote!", "id": 1059788188385009664, "clean_text": "RT If you tweet at they ll bring pizza to folks waiting in line to vote", "contain_address": false}, {"created_at": "Tue Nov 06 12:42:40 +0000 2018", "text": "RT @PizzaToThePolls: Happy voting everyone!! Here\u2019s hoping your voting journey is quick and easy today but if you get stuck in line, we\u2019re\u2026", "id": 1059788153341571072, "clean_text": "RT Happy voting everyone Here s hoping your voting journey is quick and easy today but if you get stuck in line we re", "contain_address": false}, {"created_at": "Tue Nov 06 12:42:07 +0000 2018", "text": "Stuck in a long line? Get free pizza delivered to you thanks to @PizzaToThePolls! Trust me, it's real! I had pizza\u2026 https://t.co/cpsw5V1vrd", "id": 1059788017509060608, "clean_text": "Stuck in a long line Get free pizza delivered to you thanks to Trust me it s real I had pizza", "contain_address": false}, {"created_at": "Tue Nov 06 12:41:54 +0000 2018", "text": "Ahem, @PizzaToThePolls .\nImmanuel Lutheran Church. \nBell and 43rd St. KC, MO 64111 https://t.co/uhqllQL4qH", "id": 1059787962957869056, "clean_text": "Ahem Immanuel Lutheran Church Bell and 43rd St KC MO 64111", "contain_address": false}, {"created_at": "Tue Nov 06 12:41:29 +0000 2018", "text": "@theresa_beer @MattGertz @thegarance @PizzaToThePolls I live in a deep Repub voting district.  I've voted here for\u2026 https://t.co/saEbWjylnO", "id": 1059787854727925761, "clean_text": "I live in a deep Repub voting district I ve voted here for", "contain_address": false}, {"created_at": "Tue Nov 06 12:41:17 +0000 2018", "text": "RT @restaurant_mom: It's going to be one hell of a day.\n\nDon't forget, if you're in line, stay in line. \n\nIf there's a registration snafu,\u2026", "id": 1059787805042376705, "clean_text": "RT It s going to be one hell of a day Don t forget if you re in line stay in line If there s a registration snafu", "contain_address": false}, {"created_at": "Tue Nov 06 12:41:15 +0000 2018", "text": "@theresa_beer @pattigandolfini @MattGertz @thegarance @PizzaToThePolls Canadian here, same thing. 5 minutes max", "id": 1059787797190500352, "clean_text": "Canadian here same thing 5 minutes max", "contain_address": false}, {"created_at": "Tue Nov 06 12:41:12 +0000 2018", "text": "RT @mansi_kat: @chescaleigh If you tweet at @PizzaToThePolls they\u2019ll bring pizza to folks waiting in line to vote!", "id": 1059787783320014848, "clean_text": "RT If you tweet at they ll bring pizza to folks waiting in line to vote", "contain_address": false}, {"created_at": "Tue Nov 06 12:40:42 +0000 2018", "text": "RT @mansi_kat: @chescaleigh If you tweet at @PizzaToThePolls they\u2019ll bring pizza to folks waiting in line to vote!", "id": 1059787660540174336, "clean_text": "RT If you tweet at they ll bring pizza to folks waiting in line to vote", "contain_address": false}, {"created_at": "Tue Nov 06 12:40:31 +0000 2018", "text": "RT @joshchafetz: I just threw $100 to @PizzaToThePolls. It may sound somewhat silly, but long lines at polling places are largely a result\u2026", "id": 1059787611219214336, "clean_text": "RT I just threw 100 to It may sound somewhat silly but long lines at polling places are largely a result", "contain_address": false}, {"created_at": "Tue Nov 06 12:40:22 +0000 2018", "text": "RT @PizzaToThePolls: Happy voting everyone!! Here\u2019s hoping your voting journey is quick and easy today but if you get stuck in line, we\u2019re\u2026", "id": 1059787573676163073, "clean_text": "RT Happy voting everyone Here s hoping your voting journey is quick and easy today but if you get stuck in line we re", "contain_address": false}, {"created_at": "Tue Nov 06 12:39:57 +0000 2018", "text": "But we can make 'em smile with @PizzaToThePolls https://t.co/ztjo8rqDPp", "id": 1059787469816848384, "clean_text": "But we can make em smile with", "contain_address": false}, {"created_at": "Tue Nov 06 12:39:30 +0000 2018", "text": "RT @PizzaToThePolls: @mansi_kat @chescaleigh We will! Send us a picture of the line and an address and we'll get pies to hungry voters. or\u2026", "id": 1059787357522747392, "clean_text": "RT We will Send us a picture of the line and an address and we ll get pies to hungry voters or", "contain_address": false}, {"created_at": "Tue Nov 06 12:39:25 +0000 2018", "text": "RT @mansi_kat: @chescaleigh If you tweet at @PizzaToThePolls they\u2019ll bring pizza to folks waiting in line to vote!", "id": 1059787335762669568, "clean_text": "RT If you tweet at they ll bring pizza to folks waiting in line to vote", "contain_address": false}, {"created_at": "Tue Nov 06 12:39:21 +0000 2018", "text": "RT @mansi_kat: @chescaleigh If you tweet at @PizzaToThePolls they\u2019ll bring pizza to folks waiting in line to vote!", "id": 1059787321032228864, "clean_text": "RT If you tweet at they ll bring pizza to folks waiting in line to vote", "contain_address": false}, {"created_at": "Tue Nov 06 12:39:14 +0000 2018", "text": "@PizzaToThePolls \ud83c\udf55 \u2764 Thank YOU! \u2764\ud83c\udf55", "id": 1059787291185557504, "clean_text": "Thank YOU", "contain_address": false}, {"created_at": "Tue Nov 06 12:38:51 +0000 2018", "text": "RT @restaurant_mom: It's going to be one hell of a day.\n\nDon't forget, if you're in line, stay in line. \n\nIf there's a registration snafu,\u2026", "id": 1059787193617530881, "clean_text": "RT It s going to be one hell of a day Don t forget if you re in line stay in line If there s a registration snafu", "contain_address": false}, {"created_at": "Tue Nov 06 12:37:52 +0000 2018", "text": "RT @PizzaToThePolls: @mansi_kat @chescaleigh We will! Send us a picture of the line and an address and we'll get pies to hungry voters. or\u2026", "id": 1059786947089129473, "clean_text": "RT We will Send us a picture of the line and an address and we ll get pies to hungry voters or", "contain_address": false}, {"created_at": "Tue Nov 06 12:37:16 +0000 2018", "text": "RT @PizzaToThePolls: Happy voting everyone!! Here\u2019s hoping your voting journey is quick and easy today but if you get stuck in line, we\u2019re\u2026", "id": 1059786794668122112, "clean_text": "RT Happy voting everyone Here s hoping your voting journey is quick and easy today but if you get stuck in line we re", "contain_address": false}, {"created_at": "Tue Nov 06 12:37:14 +0000 2018", "text": "@pattigandolfini @MattGertz @thegarance @PizzaToThePolls That something like that has to exist amazes me. I'm Germa\u2026 https://t.co/mwlct0otpU", "id": 1059786787520954368, "clean_text": "That something like that has to exist amazes me I m Germa", "contain_address": false}, {"created_at": "Tue Nov 06 12:36:50 +0000 2018", "text": "RT @amylvpoemfarm: And if the line feels long, contact @PizzaToThePolls! Anyone can donate a pizza....I did yesterday! #Vote https://t.co/v\u2026", "id": 1059786686538964997, "clean_text": "RT And if the line feels long contact Anyone can donate a pizza I did yesterday Vote", "contain_address": false}, {"created_at": "Tue Nov 06 12:36:22 +0000 2018", "text": "RT @PizzaToThePolls: Happy voting everyone!! Here\u2019s hoping your voting journey is quick and easy today but if you get stuck in line, we\u2019re\u2026", "id": 1059786568930680833, "clean_text": "RT Happy voting everyone Here s hoping your voting journey is quick and easy today but if you get stuck in line we re", "contain_address": false}, {"created_at": "Tue Nov 06 12:36:16 +0000 2018", "text": "RT @mansi_kat: @chescaleigh If you tweet at @PizzaToThePolls they\u2019ll bring pizza to folks waiting in line to vote!", "id": 1059786542355570688, "clean_text": "RT If you tweet at they ll bring pizza to folks waiting in line to vote", "contain_address": false}, {"created_at": "Tue Nov 06 12:36:07 +0000 2018", "text": "RT @restaurant_mom: It's going to be one hell of a day.\n\nDon't forget, if you're in line, stay in line. \n\nIf there's a registration snafu,\u2026", "id": 1059786507739951104, "clean_text": "RT It s going to be one hell of a day Don t forget if you re in line stay in line If there s a registration snafu", "contain_address": false}, {"created_at": "Tue Nov 06 12:35:57 +0000 2018", "text": "RT @PizzaToThePolls: We sure do! All we need is an address and picture of the line. Reports can also be made at https://t.co/occwLt8XVy. ht\u2026", "id": 1059786462370119680, "clean_text": "RT We sure do All we need is an address and picture of the line Reports can also be made at ht", "contain_address": false}, {"created_at": "Tue Nov 06 12:35:51 +0000 2018", "text": "My mom is spreading the word about @PizzaToThePolls so I am too! Stay in line, people! Vote (FOR DEMOCRATS) like de\u2026 https://t.co/sU4GcinQlf", "id": 1059786439922274305, "clean_text": "My mom is spreading the word about so I am too Stay in line people Vote FOR DEMOCRATS like de", "contain_address": false}, {"created_at": "Tue Nov 06 12:35:38 +0000 2018", "text": "@Ryguy1987 It may be too early for @PizzaToThePolls, we may need Pancakes to the Polls", "id": 1059786385236942854, "clean_text": "It may be too early for we may need Pancakes to the Polls", "contain_address": false}, {"created_at": "Tue Nov 06 12:35:25 +0000 2018", "text": "RT @mansi_kat: @chescaleigh If you tweet at @PizzaToThePolls they\u2019ll bring pizza to folks waiting in line to vote!", "id": 1059786329662373889, "clean_text": "RT If you tweet at they ll bring pizza to folks waiting in line to vote", "contain_address": false}, {"created_at": "Tue Nov 06 12:35:24 +0000 2018", "text": "RT @restaurant_mom: It's going to be one hell of a day.\n\nDon't forget, if you're in line, stay in line. \n\nIf there's a registration snafu,\u2026", "id": 1059786325367447552, "clean_text": "RT It s going to be one hell of a day Don t forget if you re in line stay in line If there s a registration snafu", "contain_address": false}, {"created_at": "Tue Nov 06 12:35:13 +0000 2018", "text": "RT @mansi_kat: @chescaleigh If you tweet at @PizzaToThePolls they\u2019ll bring pizza to folks waiting in line to vote!", "id": 1059786277711761408, "clean_text": "RT If you tweet at they ll bring pizza to folks waiting in line to vote", "contain_address": false}, {"created_at": "Tue Nov 06 12:35:11 +0000 2018", "text": "RT @mansi_kat: @chescaleigh If you tweet at @PizzaToThePolls they\u2019ll bring pizza to folks waiting in line to vote!", "id": 1059786272686915584, "clean_text": "RT If you tweet at they ll bring pizza to folks waiting in line to vote", "contain_address": false}, {"created_at": "Tue Nov 06 12:34:41 +0000 2018", "text": "@amprog Long lines at your polling place? @PizzaToThePolls !! Send them a photo of the line, location and time, and\u2026 https://t.co/KQhkY2QQ6j", "id": 1059786144945201152, "clean_text": "Long lines at your polling place Send them a photo of the line location and time and", "contain_address": false}, {"created_at": "Tue Nov 06 12:34:08 +0000 2018", "text": "RT @restaurant_mom: It's going to be one hell of a day.\n\nDon't forget, if you're in line, stay in line. \n\nIf there's a registration snafu,\u2026", "id": 1059786007770513408, "clean_text": "RT It s going to be one hell of a day Don t forget if you re in line stay in line If there s a registration snafu", "contain_address": false}, {"created_at": "Tue Nov 06 12:32:13 +0000 2018", "text": "RT @PizzaToThePolls: @MovementVote keep us posted, we're ready with the pizzas! \ud83c\udf55\ud83c\udf55\ud83c\udf55 https://t.co/occwLt8XVy", "id": 1059785524230193154, "clean_text": "RT keep us posted we re ready with the pizzas", "contain_address": false}, {"created_at": "Tue Nov 06 12:32:10 +0000 2018", "text": "RT @restaurant_mom: It's going to be one hell of a day.\n\nDon't forget, if you're in line, stay in line. \n\nIf there's a registration snafu,\u2026", "id": 1059785510753832960, "clean_text": "RT It s going to be one hell of a day Don t forget if you re in line stay in line If there s a registration snafu", "contain_address": false}, {"created_at": "Tue Nov 06 12:32:04 +0000 2018", "text": "RT @_Ben_Franklin1: I just donated to @pizzatothepolls! You can give today at https://t.co/2GEypIYj4o\nAnd you can report long lines on thei\u2026", "id": 1059785486733058049, "clean_text": "RT I just donated to You can give today at And you can report long lines on thei", "contain_address": false}, {"created_at": "Tue Nov 06 12:31:33 +0000 2018", "text": "@syalmans Is there anyone you can call to come give you something? What about @PizzaToThePolls?", "id": 1059785356135067648, "clean_text": "Is there anyone you can call to come give you something What about", "contain_address": false}, {"created_at": "Tue Nov 06 12:31:30 +0000 2018", "text": "And if the line feels long, contact @PizzaToThePolls! Anyone can donate a pizza....I did yesterday! #Vote https://t.co/vamz6En39y", "id": 1059785344051224576, "clean_text": "And if the line feels long contact Anyone can donate a pizza I did yesterday Vote", "contain_address": false}, {"created_at": "Tue Nov 06 12:31:18 +0000 2018", "text": "@chescaleigh If you tweet at @PizzaToThePolls they\u2019ll bring pizza to folks waiting in line to vote!", "id": 1059785293572833282, "clean_text": "If you tweet at they ll bring pizza to folks waiting in line to vote", "contain_address": false}, {"created_at": "Tue Nov 06 12:29:09 +0000 2018", "text": "@PizzaToThePolls Sadly I had to postpone my vote until after work but it's at Derka's Auto Body in Philadelphia. I couldn't believe my eyes!", "id": 1059784750464937984, "clean_text": "Sadly I had to postpone my vote until after work but it s at Derka s Auto Body in Philadelphia I couldn t believe my eyes", "contain_address": false}, {"created_at": "Tue Nov 06 12:28:30 +0000 2018", "text": "RT @pattigandolfini: @MattGertz @thegarance Long lines at your polling place? @PizzaToThePolls !! Send them a photo of the line, location a\u2026", "id": 1059784586937450498, "clean_text": "RT Long lines at your polling place Send them a photo of the line location a", "contain_address": false}, {"created_at": "Tue Nov 06 12:28:16 +0000 2018", "text": "RT @DebraMessing: I just donated to @pizzatothepolls! You can give today at https://t.co/chM2NYCQBz. They will send \ud83d\udd25FREE\ud83d\udd25 pizzas to ANY lo\u2026", "id": 1059784531006382080, "clean_text": "RT I just donated to You can give today at They will send FREE pizzas to ANY lo", "contain_address": false}, {"created_at": "Tue Nov 06 12:27:28 +0000 2018", "text": ".@PizzaToThePolls I just encouraged people to vote at my coffee shop and told them about your site! @kingforJAX I\u2019m\u2026 https://t.co/19Tv2GXW6b", "id": 1059784329059024897, "clean_text": "I just encouraged people to vote at my coffee shop and told them about your site I m", "contain_address": false}, {"created_at": "Tue Nov 06 12:27:16 +0000 2018", "text": "RT @restaurant_mom: It's going to be one hell of a day.\n\nDon't forget, if you're in line, stay in line. \n\nIf there's a registration snafu,\u2026", "id": 1059784276768546817, "clean_text": "RT It s going to be one hell of a day Don t forget if you re in line stay in line If there s a registration snafu", "contain_address": false}, {"created_at": "Tue Nov 06 12:27:11 +0000 2018", "text": "RT @PizzaToThePolls: @chrisoIIey We're tracking these early lines to send pizza as soon as we can. Let us know where you are and we'll keep\u2026", "id": 1059784259240710144, "clean_text": "RT We re tracking these early lines to send pizza as soon as we can Let us know where you are and we ll keep", "contain_address": false}, {"created_at": "Tue Nov 06 12:25:56 +0000 2018", "text": "RT @restaurant_mom: It's going to be one hell of a day.\n\nDon't forget, if you're in line, stay in line. \n\nIf there's a registration snafu,\u2026", "id": 1059783942650454016, "clean_text": "RT It s going to be one hell of a day Don t forget if you re in line stay in line If there s a registration snafu", "contain_address": false}, {"created_at": "Tue Nov 06 12:25:45 +0000 2018", "text": "RT @restaurant_mom: It's going to be one hell of a day.\n\nDon't forget, if you're in line, stay in line. \n\nIf there's a registration snafu,\u2026", "id": 1059783895426588678, "clean_text": "RT It s going to be one hell of a day Don t forget if you re in line stay in line If there s a registration snafu", "contain_address": false}, {"created_at": "Tue Nov 06 12:25:28 +0000 2018", "text": "RT @joshchafetz: I just threw $100 to @PizzaToThePolls. It may sound somewhat silly, but long lines at polling places are largely a result\u2026", "id": 1059783825398681601, "clean_text": "RT I just threw 100 to It may sound somewhat silly but long lines at polling places are largely a result", "contain_address": false}, {"created_at": "Tue Nov 06 12:25:18 +0000 2018", "text": "RT @PizzaToThePolls: @AnnaSekiguchi 16 pizzas from dominos should be on the way!", "id": 1059783784508342272, "clean_text": "RT 16 pizzas from dominos should be on the way", "contain_address": false}, {"created_at": "Tue Nov 06 12:23:10 +0000 2018", "text": "RT @PizzaToThePolls: Happy voting everyone!! Here\u2019s hoping your voting journey is quick and easy today but if you get stuck in line, we\u2019re\u2026", "id": 1059783247855529984, "clean_text": "RT Happy voting everyone Here s hoping your voting journey is quick and easy today but if you get stuck in line we re", "contain_address": false}, {"created_at": "Tue Nov 06 12:22:46 +0000 2018", "text": "RT @PizzaToThePolls: And here's the final count for Monday:\n\n- \ud83c\udf55658 pizzas\n- \u2705 40 polling places across 10 states\n- $28,000 raised today\n\nY\u2026", "id": 1059783145887817728, "clean_text": "RT And here s the final count for Monday 658 pizzas 40 polling places across 10 states 28 000 raised today Y", "contain_address": false}, {"created_at": "Tue Nov 06 12:22:27 +0000 2018", "text": "RT @CarolineAFish: Helpful information via @tinaLillet for voting in New York City TODAY. Most importantly, @PizzaToThePolls \ud83d\ude09\ud83c\udf55\ud83c\udf55#GetOutTheV\u2026", "id": 1059783065143308288, "clean_text": "RT Helpful information via for voting in New York City TODAY Most importantly GetOutTheV", "contain_address": false}, {"created_at": "Tue Nov 06 12:22:18 +0000 2018", "text": "RT @restaurant_mom: It's going to be one hell of a day.\n\nDon't forget, if you're in line, stay in line. \n\nIf there's a registration snafu,\u2026", "id": 1059783028187299841, "clean_text": "RT It s going to be one hell of a day Don t forget if you re in line stay in line If there s a registration snafu", "contain_address": false}, {"created_at": "Tue Nov 06 12:22:09 +0000 2018", "text": "@wserrino @sassyemmy3 @PizzaToThePolls Good idea", "id": 1059782989171834881, "clean_text": "Good idea", "contain_address": false}, {"created_at": "Tue Nov 06 12:21:43 +0000 2018", "text": "Is it too early to call in @PizzaToThePolls for the 50 or so people in line to vote at 31/6?", "id": 1059782882644951042, "clean_text": "Is it too early to call in for the 50 or so people in line to vote at 31 6", "contain_address": false}, {"created_at": "Tue Nov 06 12:20:38 +0000 2018", "text": "@MattGertz @thegarance Long lines at your polling place? @PizzaToThePolls !! Send them a photo of the line, locatio\u2026 https://t.co/F6MOve1f2j", "id": 1059782609155301376, "clean_text": "Long lines at your polling place Send them a photo of the line locatio", "contain_address": false}, {"created_at": "Tue Nov 06 12:20:14 +0000 2018", "text": "It's going to be one hell of a day.\n\nDon't forget, if you're in line, stay in line. \n\nIf there's a registration sna\u2026 https://t.co/8AGrwJMn69", "id": 1059782508001271813, "clean_text": "It s going to be one hell of a day Don t forget if you re in line stay in line If there s a registration sna", "contain_address": false}, {"created_at": "Tue Nov 06 12:19:54 +0000 2018", "text": "RT @pattigandolfini: @nancyleong And if the lines get long there's @PizzaToThePolls   Send them a photo of a long line, location, time and\u2026", "id": 1059782425872605184, "clean_text": "RT And if the lines get long there s Send them a photo of a long line location time and", "contain_address": false}, {"created_at": "Tue Nov 06 12:19:35 +0000 2018", "text": "RT @teresa_atHome: @ChocoHarveyMilk @TheLoyalO @KidCasteel @AllensOpEd @SnowBiAuthor @joncoopertweets @NWPinPDX @CyrusToulabi @MatthewWolff\u2026", "id": 1059782342955405312, "clean_text": "RT", "contain_address": false}, {"created_at": "Tue Nov 06 12:18:36 +0000 2018", "text": "RT @jen_gidley: Need a ride to the polls tomorrow? @lyft and @Uber are offering discounted rides to polling locations. Long lines making yo\u2026", "id": 1059782098104602624, "clean_text": "RT Need a ride to the polls tomorrow and are offering discounted rides to polling locations Long lines making yo", "contain_address": false}, {"created_at": "Tue Nov 06 12:16:50 +0000 2018", "text": "RT @teresa_atHome: @ChocoHarveyMilk @TheLoyalO @KidCasteel @AllensOpEd @SnowBiAuthor @joncoopertweets @NWPinPDX @CyrusToulabi @MatthewWolff\u2026", "id": 1059781654674173954, "clean_text": "RT", "contain_address": false}, {"created_at": "Tue Nov 06 12:11:52 +0000 2018", "text": "RT @teresa_atHome: @ChocoHarveyMilk @TheLoyalO @KidCasteel @AllensOpEd @SnowBiAuthor @joncoopertweets @NWPinPDX @CyrusToulabi @MatthewWolff\u2026", "id": 1059780402557132800, "clean_text": "RT", "contain_address": false}, {"created_at": "Tue Nov 06 12:08:44 +0000 2018", "text": "@PizzaToThePolls Im that case, I'll be chipping in today. \u2764 Thanks for doing what you do!", "id": 1059779616552960000, "clean_text": "Im that case I ll be chipping in today Thanks for doing what you do", "contain_address": false}, {"created_at": "Tue Nov 06 12:08:28 +0000 2018", "text": "If you\u2019re stuck in long lines today but need some food consider sending @PizzaToThePolls and #vote #ElectionDay", "id": 1059779546315218949, "clean_text": "If you re stuck in long lines today but need some food consider sending and vote ElectionDay", "contain_address": false}, {"created_at": "Tue Nov 06 12:06:38 +0000 2018", "text": "RT @teresa_atHome: @ChocoHarveyMilk @TheLoyalO @KidCasteel @AllensOpEd @SnowBiAuthor @joncoopertweets @NWPinPDX @CyrusToulabi @MatthewWolff\u2026", "id": 1059779084249718784, "clean_text": "RT", "contain_address": false}, {"created_at": "Tue Nov 06 12:05:36 +0000 2018", "text": "@Helenhs I just sent to dough too!\nThank you @pizzatothepolls for enabling me to share with people waiting to vote", "id": 1059778827327586305, "clean_text": "I just sent to dough too Thank you for enabling me to share with people waiting to vote", "contain_address": false}, {"created_at": "Tue Nov 06 12:05:13 +0000 2018", "text": "RT @PizzaToThePolls: Happy voting everyone!! Here\u2019s hoping your voting journey is quick and easy today but if you get stuck in line, we\u2019re\u2026", "id": 1059778730980245504, "clean_text": "RT Happy voting everyone Here s hoping your voting journey is quick and easy today but if you get stuck in line we re", "contain_address": false}, {"created_at": "Tue Nov 06 12:04:50 +0000 2018", "text": "@PizzaToThePolls there's a line in Hampton NH https://t.co/TMihWGsRpT", "id": 1059778633919856640, "clean_text": "there s a line in Hampton NH", "contain_address": false}, {"created_at": "Tue Nov 06 12:02:44 +0000 2018", "text": "I just donated to @pizzatothepolls! You can give today at https://t.co/2GEypIYj4o\nAnd you can report long lines on\u2026 https://t.co/GC4F71quF2", "id": 1059778105403944960, "clean_text": "I just donated to You can give today at And you can report long lines on", "contain_address": false}, {"created_at": "Tue Nov 06 12:02:36 +0000 2018", "text": "RT @pattonoswalt: Donate if you can to @PizzaToThePolls!!!! #Vote #BlueWave https://t.co/xX8uY7uv3N", "id": 1059778069748158466, "clean_text": "RT Donate if you can to Vote BlueWave", "contain_address": false}, {"created_at": "Tue Nov 06 12:01:51 +0000 2018", "text": "RT @CarolineAFish: Helpful information via @tinaLillet for voting in New York City TODAY. Most importantly, @PizzaToThePolls \ud83d\ude09\ud83c\udf55\ud83c\udf55#GetOutTheV\u2026", "id": 1059777881969213440, "clean_text": "RT Helpful information via for voting in New York City TODAY Most importantly GetOutTheV", "contain_address": false}, {"created_at": "Tue Nov 06 12:00:47 +0000 2018", "text": "RT @wserrino: Pizza to the Polls  -- If People are waiting in long lines - help them stay happy and stay to vote by contacting @pizzatothep\u2026", "id": 1059777614531854336, "clean_text": "RT Pizza to the Polls If People are waiting in long lines help them stay happy and stay to vote by contacting", "contain_address": false}, {"created_at": "Tue Nov 06 12:00:29 +0000 2018", "text": "RT @wserrino: Pizza to the Polls  -- If People are waiting in long lines - help them stay happy and stay to vote by contacting @pizzatothep\u2026", "id": 1059777538405396482, "clean_text": "RT Pizza to the Polls If People are waiting in long lines help them stay happy and stay to vote by contacting", "contain_address": false}, {"created_at": "Tue Nov 06 12:00:25 +0000 2018", "text": "RT @CarolineAFish: Helpful information via @tinaLillet for voting in New York City TODAY. Most importantly, @PizzaToThePolls \ud83d\ude09\ud83c\udf55\ud83c\udf55#GetOutTheV\u2026", "id": 1059777520168587270, "clean_text": "RT Helpful information via for voting in New York City TODAY Most importantly GetOutTheV", "contain_address": false}, {"created_at": "Tue Nov 06 12:00:18 +0000 2018", "text": "RT @PizzaToThePolls: We sure do! All we need is an address and picture of the line. Reports can also be made at https://t.co/occwLt8XVy. ht\u2026", "id": 1059777493727633409, "clean_text": "RT We sure do All we need is an address and picture of the line Reports can also be made at ht", "contain_address": false}]