[{"created_at": "Tue Nov 06 21:02:54 +0000 2018", "text": "RT @MichaelSkolnik: If you're in line to vote, #StayInLine!\n\nWe need you! \nEvery vote counts!\nYou can do it!\n \nIf you need pizza, \nhit up @\u2026", "id": 1059914040141639680, "clean_text": "RT If you re in line to vote StayInLine We need you Every vote counts You can do it If you need pizza hit up", "contain_address": false}, {"created_at": "Tue Nov 06 21:02:53 +0000 2018", "text": "RT @MichaelSkolnik: If you're in line to vote, #StayInLine!\n\nWe need you! \nEvery vote counts!\nYou can do it!\n \nIf you need pizza, \nhit up @\u2026", "id": 1059914038887505920, "clean_text": "RT If you re in line to vote StayInLine We need you Every vote counts You can do it If you need pizza hit up", "contain_address": false}, {"created_at": "Tue Nov 06 21:02:52 +0000 2018", "text": "RT @StormResist: #StayInLine if you have gone to your polling place to vote. \n\nDon't leave thinking the lines will get shorter later, they\u2026", "id": 1059914035242577920, "clean_text": "RT StayInLine if you have gone to your polling place to vote Don t leave thinking the lines will get shorter later they", "contain_address": false}, {"created_at": "Tue Nov 06 21:02:49 +0000 2018", "text": "RT @SarahThyre: The lines are long. People are gettin\u2019 hungry. I just sent a bunch of @PizzaToThePolls and so can you! https://t.co/7Q161DW\u2026", "id": 1059914021481168896, "clean_text": "RT The lines are long People are gettin hungry I just sent a bunch of and so can you", "contain_address": false}, {"created_at": "Tue Nov 06 21:02:48 +0000 2018", "text": "RT @girlsreallyrule: Now is the time of the day when you need to #StayInLine if you have gone to your polling place to vote. Don't leave th\u2026", "id": 1059914017756585989, "clean_text": "RT Now is the time of the day when you need to StayInLine if you have gone to your polling place to vote Don t leave th", "contain_address": false}, {"created_at": "Tue Nov 06 21:02:47 +0000 2018", "text": "@KassandraSeven You can order Free pizza for these ppl waiting in line w @pizzatothepolls", "id": 1059914014245953537, "clean_text": "You can order Free pizza for these ppl waiting in line w", "contain_address": false}, {"created_at": "Tue Nov 06 21:02:46 +0000 2018", "text": "RT @PizzaToThePolls: We have a report of a line at 1401 W Green St, Urbana, IL 61801\n\nvia https://t.co/GA1TmoTwxu", "id": 1059914009523224576, "clean_text": "RT We have a report of a line at 1401 W Green St Urbana IL 61801 via", "contain_address": true, "full": "Illini Union, 1401 W Green St, Urbana, IL 61801, USA", "st_num": "1401", "route": "West Green Street", "city": "Urbana", "county": "Champaign County", "state": "Illinois", "state_abbv": "IL", "zipcode": "61801", "lat": "40.1094131", "lng": "-88.2271693"}, {"created_at": "Tue Nov 06 21:02:45 +0000 2018", "text": "@PizzaToThePolls oh yeah they hangry man", "id": 1059914006151000067, "clean_text": "oh yeah they hangry man", "contain_address": false}, {"created_at": "Tue Nov 06 21:02:44 +0000 2018", "text": "RT @leahmcelrath: DONATE\nto send pizza to polling stations where there are long lines:\n\nhttps://t.co/bye4Ldoigk\n\nYou can also REQUEST pizza\u2026", "id": 1059914001709117440, "clean_text": "RT DONATE to send pizza to polling stations where there are long lines You can also REQUEST pizza", "contain_address": false}, {"created_at": "Tue Nov 06 21:02:44 +0000 2018", "text": "RT @burlesquebishop: Donate to @PizzaToThePolls they are sending food to folks in GA waiting for hours !\nVoter suppression in Georgia is RE\u2026", "id": 1059914000002150400, "clean_text": "RT Donate to they are sending food to folks in GA waiting for hours Voter suppression in Georgia is RE", "contain_address": false}, {"created_at": "Tue Nov 06 21:02:42 +0000 2018", "text": "RT @PizzaToThePolls: @Grrjessi @pemalevy Let us know if you hear of any specific locations experiencing long lines, we are trying to get pi\u2026", "id": 1059913993639333891, "clean_text": "RT Let us know if you hear of any specific locations experiencing long lines we are trying to get pi", "contain_address": false}, {"created_at": "Tue Nov 06 21:02:40 +0000 2018", "text": "RT @girlsreallyrule: Now is the time of the day when you need to #StayInLine if you have gone to your polling place to vote. Don't leave th\u2026", "id": 1059913982633525251, "clean_text": "RT Now is the time of the day when you need to StayInLine if you have gone to your polling place to vote Don t leave th", "contain_address": false}, {"created_at": "Tue Nov 06 21:02:39 +0000 2018", "text": "RT @PizzaToThePolls: Hearing about a line at 4521 Centerville Hwy, Snellville, GA 30039, USA\n\nvia https://t.co/fkE1PQqIHg", "id": 1059913978086854658, "clean_text": "RT Hearing about a line at 4521 Centerville Hwy Snellville GA 30039 USA via", "contain_address": true, "full": "4521 Centerville Hwy, Snellville, GA 30039, USA", "st_num": "4521", "route": "Centerville Highway", "city": "Snellville", "county": "Gwinnett County", "state": "Georgia", "state_abbv": "GA", "zipcode": "30039", "lat": "33.7755485", "lng": "-84.0499465"}, {"created_at": "Tue Nov 06 21:02:38 +0000 2018", "text": "RT @MichaelSkolnik: If you're in line to vote, #StayInLine!\n\nWe need you! \nEvery vote counts!\nYou can do it!\n \nIf you need pizza, \nhit up @\u2026", "id": 1059913975595380736, "clean_text": "RT If you re in line to vote StayInLine We need you Every vote counts You can do it If you need pizza hit up", "contain_address": false}, {"created_at": "Tue Nov 06 21:02:32 +0000 2018", "text": "RT @PizzaToThePolls: Confirmed launch of 16 pizzas  \ud83d\ude80\ud83d\ude80\ud83d\ude80\ud83d\ude80", "id": 1059913949943119872, "clean_text": "RT Confirmed launch of 16 pizzas", "contain_address": false}, {"created_at": "Tue Nov 06 21:02:30 +0000 2018", "text": "RT @MichaelSkolnik: If you're in line to vote, #StayInLine!\n\nWe need you! \nEvery vote counts!\nYou can do it!\n \nIf you need pizza, \nhit up @\u2026", "id": 1059913942389194752, "clean_text": "RT If you re in line to vote StayInLine We need you Every vote counts You can do it If you need pizza hit up", "contain_address": false}, {"created_at": "Tue Nov 06 21:02:30 +0000 2018", "text": "RT @PizzaToThePolls: Help bring smiles to the faces of everyone hangning out at over-crowded polling places with a donation today \u27a1\ufe0f https:\u2026", "id": 1059913940774334464, "clean_text": "RT Help bring smiles to the faces of everyone hangning out at over crowded polling places with a donation today https", "contain_address": false}, {"created_at": "Tue Nov 06 21:02:29 +0000 2018", "text": "@Nina_R_Morr Thanks for voting Nina! @PizzaToThePolls if you haven't already, looks like the voters at Brooklyn PS9 need \ud83c\udf55\ud83c\udf55\ud83c\udf55", "id": 1059913937867673607, "clean_text": "Thanks for voting Nina if you haven t already looks like the voters at Brooklyn PS9 need", "contain_address": false}, {"created_at": "Tue Nov 06 21:02:29 +0000 2018", "text": "RT @PizzaToThePolls: Help bring smiles to the faces of everyone hangning out at over-crowded polling places with a donation today \u27a1\ufe0f https:\u2026", "id": 1059913936647151618, "clean_text": "RT Help bring smiles to the faces of everyone hangning out at over crowded polling places with a donation today https", "contain_address": false}, {"created_at": "Tue Nov 06 21:02:28 +0000 2018", "text": "RT @PizzaToThePolls: {\\__/}\n( \u2022 . \u2022)\n/ &gt; \ud83d\uddf3  psst. look at this polling place at it 1900 Hobson Pike Antioch, TN 37013\n\n{\\__/}\n(\u00f2 . \u00f3)\n/ &gt; \ud83d\uddf3\u2026", "id": 1059913933673455617, "clean_text": "RT gt psst look at this polling place at it 1900 Hobson Pike Antioch TN 37013 gt", "contain_address": false}, {"created_at": "Tue Nov 06 21:02:27 +0000 2018", "text": "RT @girlsreallyrule: Now is the time of the day when you need to #StayInLine if you have gone to your polling place to vote. Don't leave th\u2026", "id": 1059913929370013697, "clean_text": "RT Now is the time of the day when you need to StayInLine if you have gone to your polling place to vote Don t leave th", "contain_address": false}, {"created_at": "Tue Nov 06 21:02:27 +0000 2018", "text": "RT @colindonnell: Are you waiting in a long line to #vote?\n\nAre you getting hungry?\n\nWanna help out hungry people who r dealing with long l\u2026", "id": 1059913929055461376, "clean_text": "RT Are you waiting in a long line to vote Are you getting hungry Wanna help out hungry people who r dealing with long l", "contain_address": false}, {"created_at": "Tue Nov 06 21:02:27 +0000 2018", "text": "RT @MichaelSkolnik: If you're in line to vote, #StayInLine!\n\nWe need you! \nEvery vote counts!\nYou can do it!\n \nIf you need pizza, \nhit up @\u2026", "id": 1059913928656875520, "clean_text": "RT If you re in line to vote StayInLine We need you Every vote counts You can do it If you need pizza hit up", "contain_address": false}, {"created_at": "Tue Nov 06 21:02:27 +0000 2018", "text": "RT @MichaelSkolnik: If you're in line to vote, #StayInLine!\n\nWe need you! \nEvery vote counts!\nYou can do it!\n \nIf you need pizza, \nhit up @\u2026", "id": 1059913928224890880, "clean_text": "RT If you re in line to vote StayInLine We need you Every vote counts You can do it If you need pizza hit up", "contain_address": false}, {"created_at": "Tue Nov 06 21:02:26 +0000 2018", "text": "RT @LordHenry42: @ddale8 Donated to @PizzaToThePolls. Swedes cant vote, but we can support those who do.", "id": 1059913925175664640, "clean_text": "RT Donated to Swedes cant vote but we can support those who do", "contain_address": false}, {"created_at": "Tue Nov 06 21:02:25 +0000 2018", "text": "RT @melissacwalker: If you see reports of long lines, quote-tweet to @pizzatothepolls and they will get pizza there promptly.", "id": 1059913920167731200, "clean_text": "RT If you see reports of long lines quote tweet to and they will get pizza there promptly", "contain_address": false}, {"created_at": "Tue Nov 06 21:02:25 +0000 2018", "text": "RT @PizzaToThePolls: {\\__/}\n( \u2022 . \u2022)\n/ &gt; \ud83d\uddf3  psst. look at this polling place at it 1900 Hobson Pike Antioch, TN 37013\n\n{\\__/}\n(\u00f2 . \u00f3)\n/ &gt; \ud83d\uddf3\u2026", "id": 1059913919513481218, "clean_text": "RT gt psst look at this polling place at it 1900 Hobson Pike Antioch TN 37013 gt", "contain_address": false}, {"created_at": "Tue Nov 06 21:02:24 +0000 2018", "text": "RT @woogidyboogidy: @MarissaMichel11 @PizzaToThePolls @Grrjessi @pemalevy https://t.co/1FMrGLm1gu donate there", "id": 1059913915210129409, "clean_text": "RT donate there", "contain_address": false}, {"created_at": "Tue Nov 06 21:02:22 +0000 2018", "text": "RT @melissacwalker: If you see reports of long lines, quote-tweet to @pizzatothepolls and they will get pizza there promptly.", "id": 1059913908817985537, "clean_text": "RT If you see reports of long lines quote tweet to and they will get pizza there promptly", "contain_address": false}, {"created_at": "Tue Nov 06 21:02:21 +0000 2018", "text": "RT @PizzaToThePolls: @Grrjessi @pemalevy Let us know if you hear of any specific locations experiencing long lines, we are trying to get pi\u2026", "id": 1059913904837382144, "clean_text": "RT Let us know if you hear of any specific locations experiencing long lines we are trying to get pi", "contain_address": false}, {"created_at": "Tue Nov 06 21:02:20 +0000 2018", "text": "RT @MichaelSkolnik: If you're in line to vote, #StayInLine!\n\nWe need you! \nEvery vote counts!\nYou can do it!\n \nIf you need pizza, \nhit up @\u2026", "id": 1059913899036815361, "clean_text": "RT If you re in line to vote StayInLine We need you Every vote counts You can do it If you need pizza hit up", "contain_address": false}, {"created_at": "Tue Nov 06 21:02:19 +0000 2018", "text": "RT @MichaelSkolnik: If you're in line to vote, #StayInLine!\n\nWe need you! \nEvery vote counts!\nYou can do it!\n \nIf you need pizza, \nhit up @\u2026", "id": 1059913894821535745, "clean_text": "RT If you re in line to vote StayInLine We need you Every vote counts You can do it If you need pizza hit up", "contain_address": false}, {"created_at": "Tue Nov 06 21:02:16 +0000 2018", "text": "RT @MichaelSkolnik: If you're in line to vote, #StayInLine!\n\nWe need you! \nEvery vote counts!\nYou can do it!\n \nIf you need pizza, \nhit up @\u2026", "id": 1059913881433165824, "clean_text": "RT If you re in line to vote StayInLine We need you Every vote counts You can do it If you need pizza hit up", "contain_address": false}, {"created_at": "Tue Nov 06 21:02:15 +0000 2018", "text": "RT @MichaelSkolnik: If you're in line to vote, #StayInLine!\n\nWe need you! \nEvery vote counts!\nYou can do it!\n \nIf you need pizza, \nhit up @\u2026", "id": 1059913877905911808, "clean_text": "RT If you re in line to vote StayInLine We need you Every vote counts You can do it If you need pizza hit up", "contain_address": false}, {"created_at": "Tue Nov 06 21:02:15 +0000 2018", "text": "RT @MichaelSkolnik: If you're in line to vote, #StayInLine!\n\nWe need you! \nEvery vote counts!\nYou can do it!\n \nIf you need pizza, \nhit up @\u2026", "id": 1059913876861415424, "clean_text": "RT If you re in line to vote StayInLine We need you Every vote counts You can do it If you need pizza hit up", "contain_address": false}, {"created_at": "Tue Nov 06 21:02:13 +0000 2018", "text": "RT @Alyssa_Milano: Do you all know about @PizzaToThePolls? \n\nYou can donate to the fund at https://t.co/3bdV8hIS0a! \n\nAnd if you see hungry\u2026", "id": 1059913870800814085, "clean_text": "RT Do you all know about You can donate to the fund at And if you see hungry", "contain_address": false}, {"created_at": "Tue Nov 06 21:02:13 +0000 2018", "text": "RT @PizzaToThePolls: Got a report of a line at\n\n500 Tate St, Greensboro, NC 27412, USA via https://t.co/IA3LPQfCXE", "id": 1059913868762329091, "clean_text": "RT Got a report of a line at 500 Tate St Greensboro NC 27412 USA via", "contain_address": true, "full": "500 Tate St, Greensboro, NC 27403, USA", "st_num": "500", "route": "Tate Street", "city": "Greensboro", "county": "Guilford County", "state": "North Carolina", "state_abbv": "NC", "zipcode": "27403", "lat": "36.0661150", "lng": "-79.8057445"}, {"created_at": "Tue Nov 06 21:02:11 +0000 2018", "text": "RT @MichaelSkolnik: If you're in line to vote, #StayInLine!\n\nWe need you! \nEvery vote counts!\nYou can do it!\n \nIf you need pizza, \nhit up @\u2026", "id": 1059913859933372422, "clean_text": "RT If you re in line to vote StayInLine We need you Every vote counts You can do it If you need pizza hit up", "contain_address": false}, {"created_at": "Tue Nov 06 21:02:09 +0000 2018", "text": "RT @PizzaToThePolls: @Grrjessi @pemalevy Let us know if you hear of any specific locations experiencing long lines, we are trying to get pi\u2026", "id": 1059913851855101953, "clean_text": "RT Let us know if you hear of any specific locations experiencing long lines we are trying to get pi", "contain_address": false}, {"created_at": "Tue Nov 06 21:02:09 +0000 2018", "text": "RT @SarahThyre: The lines are long. People are gettin\u2019 hungry. I just sent a bunch of @PizzaToThePolls and so can you! https://t.co/7Q161DW\u2026", "id": 1059913851679002626, "clean_text": "RT The lines are long People are gettin hungry I just sent a bunch of and so can you", "contain_address": false}, {"created_at": "Tue Nov 06 21:02:09 +0000 2018", "text": "RT @graceisnotgone: @ElwoodBrandon @CheriJacobus @PizzaToThePolls Just go to https://t.co/Yk4qSQ4sue and give a link with photo of line and\u2026", "id": 1059913851586650112, "clean_text": "RT Just go to and give a link with photo of line and", "contain_address": false}, {"created_at": "Tue Nov 06 21:02:07 +0000 2018", "text": "RT @MichaelSkolnik: If you're in line to vote, #StayInLine!\n\nWe need you! \nEvery vote counts!\nYou can do it!\n \nIf you need pizza, \nhit up @\u2026", "id": 1059913843579600896, "clean_text": "RT If you re in line to vote StayInLine We need you Every vote counts You can do it If you need pizza hit up", "contain_address": false}, {"created_at": "Tue Nov 06 21:02:05 +0000 2018", "text": "RT @leahmcelrath: DONATE\nto send pizza to polling stations where there are long lines:\n\nhttps://t.co/bye4Ldoigk\n\nYou can also REQUEST pizza\u2026", "id": 1059913834595565569, "clean_text": "RT DONATE to send pizza to polling stations where there are long lines You can also REQUEST pizza", "contain_address": false}, {"created_at": "Tue Nov 06 21:02:04 +0000 2018", "text": "RT @conradricamora: I just donated to @PizzaToThePolls !! Hang in there peeps in long voting lines! Pizza is on the way! https://t.co/mLK9x\u2026", "id": 1059913833752522752, "clean_text": "RT I just donated to Hang in there peeps in long voting lines Pizza is on the way", "contain_address": false}, {"created_at": "Tue Nov 06 21:02:04 +0000 2018", "text": "RT @girlsreallyrule: Now is the time of the day when you need to #StayInLine if you have gone to your polling place to vote. Don't leave th\u2026", "id": 1059913832649367552, "clean_text": "RT Now is the time of the day when you need to StayInLine if you have gone to your polling place to vote Don t leave th", "contain_address": false}, {"created_at": "Tue Nov 06 21:02:04 +0000 2018", "text": "RT @PizzaToThePolls: \ud83d\udc51\n\ud83c\udf55  \ud83c\udf55\n\ud83d\udc41  \ud83d\udc41\ud83d\udc42\n   \ud83d\udc43  \n   \ud83d\udc44 - Oh? They need pizza at 1001 Lawrenceville Hwy, Lawrenceville, GA 30046, USA\n   \nvia https:/\u2026", "id": 1059913830988505088, "clean_text": "RT Oh They need pizza at 1001 Lawrenceville Hwy Lawrenceville GA 30046 USA via https", "contain_address": true, "full": "1001 Lawrenceville Hwy, Lawrenceville, GA 30046, USA", "st_num": "1001", "route": "Lawrenceville Highway", "city": "Lawrenceville", "county": "Gwinnett County", "state": "Georgia", "state_abbv": "GA", "zipcode": "30046", "lat": "33.9423194", "lng": "-84.0146768"}, {"created_at": "Tue Nov 06 21:02:03 +0000 2018", "text": "RT @MichaelSkolnik: If you're in line to vote, #StayInLine!\n\nWe need you! \nEvery vote counts!\nYou can do it!\n \nIf you need pizza, \nhit up @\u2026", "id": 1059913828010520577, "clean_text": "RT If you re in line to vote StayInLine We need you Every vote counts You can do it If you need pizza hit up", "contain_address": false}, {"created_at": "Tue Nov 06 21:02:03 +0000 2018", "text": "@PizzaToThePolls Are y'all sending pizza there?", "id": 1059913827146481666, "clean_text": "Are y all sending pizza there", "contain_address": false}, {"created_at": "Tue Nov 06 21:02:03 +0000 2018", "text": "@jp2e @PizzaToThePolls They\u2019re really an amazing organization\u2763\ufe0f", "id": 1059913826605268992, "clean_text": "They re really an amazing organization", "contain_address": false}, {"created_at": "Tue Nov 06 21:02:02 +0000 2018", "text": "@MsEyreResists @MRD1st @PizzaToThePolls That\u2019s such a great idea\u2014Pizza to the Polls. Also, Jane Eyre is my favorite\u2026 https://t.co/93sbcyrMwG", "id": 1059913824466288642, "clean_text": "That s such a great idea Pizza to the Polls Also Jane Eyre is my favorite", "contain_address": false}, {"created_at": "Tue Nov 06 21:02:00 +0000 2018", "text": "I just donated to @PizzaToThePolls to help people waiting in long lines.", "id": 1059913816840916992, "clean_text": "I just donated to to help people waiting in long lines", "contain_address": false}, {"created_at": "Tue Nov 06 21:02:00 +0000 2018", "text": "@grammeejill @ChasCityPaper @PizzaToThePolls", "id": 1059913814634835968, "clean_text": "", "contain_address": false}, {"created_at": "Tue Nov 06 21:01:59 +0000 2018", "text": "RT @colindonnell: Are you waiting in a long line to #vote?\n\nAre you getting hungry?\n\nWanna help out hungry people who r dealing with long l\u2026", "id": 1059913809467506689, "clean_text": "RT Are you waiting in a long line to vote Are you getting hungry Wanna help out hungry people who r dealing with long l", "contain_address": false}, {"created_at": "Tue Nov 06 21:01:58 +0000 2018", "text": "RT @traytaymakeup: @ProudResister Don\u2019t forget there\u2019s @PizzaToThePolls they will send hot pizza to hungry voters waiting in line. They are\u2026", "id": 1059913808007835648, "clean_text": "RT Don t forget there s they will send hot pizza to hungry voters waiting in line They are", "contain_address": false}, {"created_at": "Tue Nov 06 21:01:58 +0000 2018", "text": "RT @MichaelSkolnik: If you're in line to vote, #StayInLine!\n\nWe need you! \nEvery vote counts!\nYou can do it!\n \nIf you need pizza, \nhit up @\u2026", "id": 1059913806103658497, "clean_text": "RT If you re in line to vote StayInLine We need you Every vote counts You can do it If you need pizza hit up", "contain_address": false}, {"created_at": "Tue Nov 06 21:01:58 +0000 2018", "text": "RT @girlsreallyrule: Now is the time of the day when you need to #StayInLine if you have gone to your polling place to vote. Don't leave th\u2026", "id": 1059913805910732806, "clean_text": "RT Now is the time of the day when you need to StayInLine if you have gone to your polling place to vote Don t leave th", "contain_address": false}, {"created_at": "Tue Nov 06 21:01:57 +0000 2018", "text": "DON'T FORGET: As long as you're in line by the closing time of your polling station, you can still vote! They canno\u2026 https://t.co/wpCCeRi4bT", "id": 1059913803394093058, "clean_text": "DON T FORGET As long as you re in line by the closing time of your polling station you can still vote They canno", "contain_address": false}, {"created_at": "Tue Nov 06 21:01:56 +0000 2018", "text": "RT @PizzaToThePolls: {\\__/}\n( \u2022 . \u2022)\n/ &gt; \ud83d\uddf3  psst. look at this polling place at it 1900 Hobson Pike Antioch, TN 37013\n\n{\\__/}\n(\u00f2 . \u00f3)\n/ &gt; \ud83d\uddf3\u2026", "id": 1059913799300472833, "clean_text": "RT gt psst look at this polling place at it 1900 Hobson Pike Antioch TN 37013 gt", "contain_address": false}, {"created_at": "Tue Nov 06 21:01:56 +0000 2018", "text": "RT @PizzaToThePolls: Hearing about a line at 4521 Centerville Hwy, Snellville, GA 30039, USA\n\nvia https://t.co/fkE1PQqIHg", "id": 1059913797404688385, "clean_text": "RT Hearing about a line at 4521 Centerville Hwy Snellville GA 30039 USA via", "contain_address": true, "full": "4521 Centerville Hwy, Snellville, GA 30039, USA", "st_num": "4521", "route": "Centerville Highway", "city": "Snellville", "county": "Gwinnett County", "state": "Georgia", "state_abbv": "GA", "zipcode": "30039", "lat": "33.7755485", "lng": "-84.0499465"}, {"created_at": "Tue Nov 06 21:01:52 +0000 2018", "text": "RT @MichaelSkolnik: If you're in line to vote, #StayInLine!\n\nWe need you! \nEvery vote counts!\nYou can do it!\n \nIf you need pizza, \nhit up @\u2026", "id": 1059913782078492672, "clean_text": "RT If you re in line to vote StayInLine We need you Every vote counts You can do it If you need pizza hit up", "contain_address": false}, {"created_at": "Tue Nov 06 21:01:48 +0000 2018", "text": "RT @PizzaToThePolls: @Grrjessi @pemalevy Let us know if you hear of any specific locations experiencing long lines, we are trying to get pi\u2026", "id": 1059913766131978245, "clean_text": "RT Let us know if you hear of any specific locations experiencing long lines we are trying to get pi", "contain_address": false}, {"created_at": "Tue Nov 06 21:01:47 +0000 2018", "text": "RT @PizzaToThePolls: Got a report of a line at\n\nStudent Services Building, 1151 S Forest Ave #140, Tempe, AZ 85281, USA via https://t.co/v8\u2026", "id": 1059913760851271683, "clean_text": "RT Got a report of a line at Student Services Building 1151 S Forest Ave 140 Tempe AZ 85281 USA via", "contain_address": true, "full": "1151 S Forest Ave, Tempe, AZ 85287, USA", "st_num": "1151", "route": "South Forest Avenue", "city": "Tempe", "county": "Maricopa County", "state": "Arizona", "state_abbv": "AZ", "zipcode": "85287", "lat": "33.4169629", "lng": "-111.9362888"}, {"created_at": "Tue Nov 06 21:01:45 +0000 2018", "text": "RT @jp2e: Hey @pizzatothepolls thanks for sustenance. 1 hour in, at least 1 to go here in Charleston, SC #PizzaToThePolls #Midterms2018 htt\u2026", "id": 1059913752034844673, "clean_text": "RT Hey thanks for sustenance 1 hour in at least 1 to go here in Charleston SC PizzaToThePolls Midterms2018 htt", "contain_address": true, "full": null, "st_num": null, "route": null, "city": null, "county": null, "state": null, "state_abbv": null, "zipcode": null, "lat": null, "lng": null}, {"created_at": "Tue Nov 06 21:01:44 +0000 2018", "text": "For the people waiting in line to vote this afternoon/evening after a long day of work. Many will wait through dinn\u2026 https://t.co/yABDZRjoVh", "id": 1059913748050272256, "clean_text": "For the people waiting in line to vote this afternoon evening after a long day of work Many will wait through dinn", "contain_address": false}, {"created_at": "Tue Nov 06 21:01:40 +0000 2018", "text": "long lines at your polling place? send details to @PizzaToThePolls and they'll send za! geniuses. https://t.co/oAaz3SBd3Y", "id": 1059913732338274304, "clean_text": "long lines at your polling place send details to and they ll send za geniuses", "contain_address": false}, {"created_at": "Tue Nov 06 21:01:40 +0000 2018", "text": "RT @conradricamora: I just donated to @PizzaToThePolls !! Hang in there peeps in long voting lines! Pizza is on the way! https://t.co/mLK9x\u2026", "id": 1059913730350346241, "clean_text": "RT I just donated to Hang in there peeps in long voting lines Pizza is on the way", "contain_address": false}, {"created_at": "Tue Nov 06 21:01:39 +0000 2018", "text": "RT @MichaelSkolnik: If you're in line to vote, #StayInLine!\n\nWe need you! \nEvery vote counts!\nYou can do it!\n \nIf you need pizza, \nhit up @\u2026", "id": 1059913728991420416, "clean_text": "RT If you re in line to vote StayInLine We need you Every vote counts You can do it If you need pizza hit up", "contain_address": false}, {"created_at": "Tue Nov 06 21:01:39 +0000 2018", "text": "@27fIowers report it here: https://t.co/XmuEk54mu6 @PizzaToThePolls", "id": 1059913728966254592, "clean_text": "report it here", "contain_address": false}, {"created_at": "Tue Nov 06 21:01:38 +0000 2018", "text": "RT @girlsreallyrule: Now is the time of the day when you need to #StayInLine if you have gone to your polling place to vote. Don't leave th\u2026", "id": 1059913721693245440, "clean_text": "RT Now is the time of the day when you need to StayInLine if you have gone to your polling place to vote Don t leave th", "contain_address": false}, {"created_at": "Tue Nov 06 21:01:37 +0000 2018", "text": "RT @ClaraJeffery: Alright. I just donated to @PizzaToThePolls so that these frustrated voters, and others like them, don't have to go hungr\u2026", "id": 1059913719789031425, "clean_text": "RT Alright I just donated to so that these frustrated voters and others like them don t have to go hungr", "contain_address": false}, {"created_at": "Tue Nov 06 21:01:37 +0000 2018", "text": "RT @hodgman: This is on purpose. If you're on the ground in ATL, please help your fellow citizens to hang in there. Offer rides/rides back.\u2026", "id": 1059913718543343619, "clean_text": "RT This is on purpose If you re on the ground in ATL please help your fellow citizens to hang in there Offer rides rides back", "contain_address": false}, {"created_at": "Tue Nov 06 21:01:37 +0000 2018", "text": "@IndivisibleTeam Or if you're already in line and still hungry, @PizzaToThePolls \ud83c\udf55\ud83c\udf55\ud83c\udf55", "id": 1059913718413307904, "clean_text": "Or if you re already in line and still hungry", "contain_address": false}, {"created_at": "Tue Nov 06 21:01:35 +0000 2018", "text": "RT @jp2e: Hey @pizzatothepolls thanks for sustenance. 1 hour in, at least 1 to go here in Charleston, SC #PizzaToThePolls #Midterms2018 htt\u2026", "id": 1059913709563363329, "clean_text": "RT Hey thanks for sustenance 1 hour in at least 1 to go here in Charleston SC PizzaToThePolls Midterms2018 htt", "contain_address": true, "full": null, "st_num": null, "route": null, "city": null, "county": null, "state": null, "state_abbv": null, "zipcode": null, "lat": null, "lng": null}, {"created_at": "Tue Nov 06 21:01:31 +0000 2018", "text": "I just donated to @pizzatothepolls! You can give today at https://t.co/t4zflzGPlF\n\nHelp out those folks who are wai\u2026 https://t.co/lCuxtUpWeu", "id": 1059913693788622848, "clean_text": "I just donated to You can give today at Help out those folks who are wai", "contain_address": false}, {"created_at": "Tue Nov 06 21:01:29 +0000 2018", "text": "RT @allspinzone: @ProudResister Advise @PizzaToThePolls for those long lines. They will send pizzas. Seriously.", "id": 1059913686679216128, "clean_text": "RT Advise for those long lines They will send pizzas Seriously", "contain_address": false}, {"created_at": "Tue Nov 06 21:01:28 +0000 2018", "text": "RT @woogidyboogidy: @MarissaMichel11 @PizzaToThePolls @Grrjessi @pemalevy https://t.co/1FMrGLm1gu donate there", "id": 1059913682824691715, "clean_text": "RT donate there", "contain_address": false}, {"created_at": "Tue Nov 06 21:01:26 +0000 2018", "text": "RT @girlsreallyrule: Now is the time of the day when you need to #StayInLine if you have gone to your polling place to vote. Don't leave th\u2026", "id": 1059913672930328582, "clean_text": "RT Now is the time of the day when you need to StayInLine if you have gone to your polling place to vote Don t leave th", "contain_address": false}, {"created_at": "Tue Nov 06 21:01:25 +0000 2018", "text": "Are you waiting in a long line to #vote?\n\nAre you getting hungry?\n\nWanna help out hungry people who r dealing with\u2026 https://t.co/9gSeJnzsNS", "id": 1059913668559802370, "clean_text": "Are you waiting in a long line to vote Are you getting hungry Wanna help out hungry people who r dealing with", "contain_address": false}, {"created_at": "Tue Nov 06 21:01:24 +0000 2018", "text": "@feltrrr2 @HeminYPatel @kira_lerner @PizzaToThePolls Done. Who else in line needs pizza ?", "id": 1059913663467872256, "clean_text": "Done Who else in line needs pizza", "contain_address": false}, {"created_at": "Tue Nov 06 21:01:23 +0000 2018", "text": "I just sent Pizza to the Polls!  Donate to @pizzatothepolls! Feed the people waiting in long lines to perform their\u2026 https://t.co/53pU4SN5em", "id": 1059913662029316096, "clean_text": "I just sent Pizza to the Polls Donate to Feed the people waiting in long lines to perform their", "contain_address": false}, {"created_at": "Tue Nov 06 21:01:23 +0000 2018", "text": "RT @PizzaToThePolls: @Grrjessi @pemalevy Let us know if you hear of any specific locations experiencing long lines, we are trying to get pi\u2026", "id": 1059913658514444288, "clean_text": "RT Let us know if you hear of any specific locations experiencing long lines we are trying to get pi", "contain_address": false}, {"created_at": "Tue Nov 06 21:01:22 +0000 2018", "text": "RT @girlsreallyrule: Now is the time of the day when you need to #StayInLine if you have gone to your polling place to vote. Don't leave th\u2026", "id": 1059913655167270913, "clean_text": "RT Now is the time of the day when you need to StayInLine if you have gone to your polling place to vote Don t leave th", "contain_address": false}, {"created_at": "Tue Nov 06 21:01:21 +0000 2018", "text": "When you early voted last week and feel bad for people waiting in line today... Donated to @pizzatothepolls! You ca\u2026 https://t.co/bK5qClIapY", "id": 1059913652986437634, "clean_text": "When you early voted last week and feel bad for people waiting in line today Donated to You ca", "contain_address": false}, {"created_at": "Tue Nov 06 21:01:20 +0000 2018", "text": "RT @PizzaToThePolls: Help bring smiles to the faces of everyone hangning out at over-crowded polling places with a donation today \u27a1\ufe0f https:\u2026", "id": 1059913649345703937, "clean_text": "RT Help bring smiles to the faces of everyone hangning out at over crowded polling places with a donation today https", "contain_address": false}, {"created_at": "Tue Nov 06 21:01:20 +0000 2018", "text": "@GloriaFallon123 @DavidGordonX @BOENYC @PizzaToThePolls ...and they\u2019re all down.", "id": 1059913647017865216, "clean_text": "and they re all down", "contain_address": false}, {"created_at": "Tue Nov 06 21:01:19 +0000 2018", "text": "Hello support and feed people in long poll lines. I just donated to @pizzatothepolls! You can give today at\u2026 https://t.co/ZumVvDgjCw", "id": 1059913644383842306, "clean_text": "Hello support and feed people in long poll lines I just donated to You can give today at", "contain_address": false}, {"created_at": "Tue Nov 06 21:01:19 +0000 2018", "text": "I'm gluten free, but you don't have to be! I just donated to @pizzatothepolls! You can give today at https://t.co/ARS9tyiQfm", "id": 1059913641942835201, "clean_text": "I m gluten free but you don t have to be I just donated to You can give today at", "contain_address": false}, {"created_at": "Tue Nov 06 21:01:17 +0000 2018", "text": "@cbsky7 @PizzaToThePolls @JenAFifield @sqrlybear @azcpolitics Yes, where do we donate??@azfamily", "id": 1059913636313948160, "clean_text": "Yes where do we donate", "contain_address": false}, {"created_at": "Tue Nov 06 21:01:15 +0000 2018", "text": "RT @PizzaToThePolls: Got a report of a line at\n\nStudent Services Building, 1151 S Forest Ave #140, Tempe, AZ 85281, USA via https://t.co/v8\u2026", "id": 1059913626327240704, "clean_text": "RT Got a report of a line at Student Services Building 1151 S Forest Ave 140 Tempe AZ 85281 USA via", "contain_address": true, "full": "1151 S Forest Ave, Tempe, AZ 85287, USA", "st_num": "1151", "route": "South Forest Avenue", "city": "Tempe", "county": "Maricopa County", "state": "Arizona", "state_abbv": "AZ", "zipcode": "85287", "lat": "33.4169629", "lng": "-111.9362888"}, {"created_at": "Tue Nov 06 21:01:14 +0000 2018", "text": "RT @JewelStaite: My American friends: stuck in long lines trying to vote? Hang in there. Lots of people are counting on you! P.s. I just do\u2026", "id": 1059913621348716549, "clean_text": "RT My American friends stuck in long lines trying to vote Hang in there Lots of people are counting on you P s I just do", "contain_address": false}, {"created_at": "Tue Nov 06 21:01:14 +0000 2018", "text": "RT @MichaelSkolnik: If you're in line to vote, #StayInLine!\n\nWe need you! \nEvery vote counts!\nYou can do it!\n \nIf you need pizza, \nhit up @\u2026", "id": 1059913620958650369, "clean_text": "RT If you re in line to vote StayInLine We need you Every vote counts You can do it If you need pizza hit up", "contain_address": false}, {"created_at": "Tue Nov 06 21:01:11 +0000 2018", "text": "RT @PizzaToThePolls: Confirmed launch of 10 pizzas  \ud83d\ude80\ud83d\ude80\ud83d\ude80\ud83d\ude80", "id": 1059913609025933312, "clean_text": "RT Confirmed launch of 10 pizzas", "contain_address": false}, {"created_at": "Tue Nov 06 21:01:10 +0000 2018", "text": "RT @danahajek: @PizzaToThePolls \ud83d\udea8 long lines and waiting at Texas A&amp;M! We need the young vote in Texas. Don\u2019t let these students get out of\u2026", "id": 1059913607239032832, "clean_text": "RT long lines and waiting at Texas A amp M We need the young vote in Texas Don t let these students get out of", "contain_address": false}, {"created_at": "Tue Nov 06 21:01:10 +0000 2018", "text": "RT @MichaelSkolnik: If you're in line to vote, #StayInLine!\n\nWe need you! \nEvery vote counts!\nYou can do it!\n \nIf you need pizza, \nhit up @\u2026", "id": 1059913604017864706, "clean_text": "RT If you re in line to vote StayInLine We need you Every vote counts You can do it If you need pizza hit up", "contain_address": false}, {"created_at": "Tue Nov 06 21:01:09 +0000 2018", "text": "@conradricamora @PizzaToThePolls YOURE SUCH A SWEETHEART", "id": 1059913603149713408, "clean_text": "YOURE SUCH A SWEETHEART", "contain_address": false}, {"created_at": "Tue Nov 06 21:01:08 +0000 2018", "text": "RT @cameronkgvi: @_2lite @ljoywilliams @PizzaToThePolls They have already been reports that they did not turn on the machines for more than\u2026", "id": 1059913596799537157, "clean_text": "RT They have already been reports that they did not turn on the machines for more than", "contain_address": false}, {"created_at": "Tue Nov 06 21:01:06 +0000 2018", "text": "RT @PizzaToThePolls: Help bring smiles to the faces of everyone hangning out at over-crowded polling places with a donation today \u27a1\ufe0f https:\u2026", "id": 1059913588528369665, "clean_text": "RT Help bring smiles to the faces of everyone hangning out at over crowded polling places with a donation today https", "contain_address": false}, {"created_at": "Tue Nov 06 21:01:05 +0000 2018", "text": "RT @PizzaToThePolls: Got a report of a line at\n\nStudent Services Building, 1151 S Forest Ave #140, Tempe, AZ 85281, USA via https://t.co/v8\u2026", "id": 1059913586070429697, "clean_text": "RT Got a report of a line at Student Services Building 1151 S Forest Ave 140 Tempe AZ 85281 USA via", "contain_address": true, "full": "1151 S Forest Ave, Tempe, AZ 85287, USA", "st_num": "1151", "route": "South Forest Avenue", "city": "Tempe", "county": "Maricopa County", "state": "Arizona", "state_abbv": "AZ", "zipcode": "85287", "lat": "33.4169629", "lng": "-111.9362888"}, {"created_at": "Tue Nov 06 21:01:04 +0000 2018", "text": "@PizzaToThePolls WHOA. Are they particularly hungry in Utah, or did they just get extremely excited when they saw your Emoji Art?", "id": 1059913578638131202, "clean_text": "WHOA Are they particularly hungry in Utah or did they just get extremely excited when they saw your Emoji Art", "contain_address": false}, {"created_at": "Tue Nov 06 21:01:03 +0000 2018", "text": "RT @melissacwalker: If you see reports of long lines, quote-tweet to @pizzatothepolls and they will get pizza there promptly.", "id": 1059913577450983424, "clean_text": "RT If you see reports of long lines quote tweet to and they will get pizza there promptly", "contain_address": false}, {"created_at": "Tue Nov 06 21:01:02 +0000 2018", "text": "RT @PizzaToThePolls: \u2282_\u30fd\n    \uff3c\uff3c \u039b\uff3f\u039b\n      \uff3c(\u3000\u02c7\u03c9\u02c7)\n        /\u3000   \u2312\n     /        \u3078\uff3c\n   / \u3000   /\u3000\uff3c\uff3c\n  \uff9a\u3000\u30ce\u3000\u3000\u30fd_\u3064\n  /\u3000/   Sent 18 pizzas\n(\u3000(\u30fd\n| |\u2026", "id": 1059913571809677313, "clean_text": "RT Sent 18 pizzas", "contain_address": false}, {"created_at": "Tue Nov 06 21:01:01 +0000 2018", "text": "RT @PizzaToThePolls: Got a report of a line at\n\nStudent Services Building, 1151 S Forest Ave #140, Tempe, AZ 85281, USA via https://t.co/v8\u2026", "id": 1059913569712697345, "clean_text": "RT Got a report of a line at Student Services Building 1151 S Forest Ave 140 Tempe AZ 85281 USA via", "contain_address": true, "full": "1151 S Forest Ave, Tempe, AZ 85287, USA", "st_num": "1151", "route": "South Forest Avenue", "city": "Tempe", "county": "Maricopa County", "state": "Arizona", "state_abbv": "AZ", "zipcode": "85287", "lat": "33.4169629", "lng": "-111.9362888"}, {"created_at": "Tue Nov 06 21:00:59 +0000 2018", "text": "RT @AkashicBooks: Already voted but looking to support those waiting in line? Help out via @PizzaToThePolls \ud83c\udf55\ud83c\udf55\ud83c\udf55: https://t.co/9orUZgYPgZ", "id": 1059913560397172736, "clean_text": "RT Already voted but looking to support those waiting in line Help out via", "contain_address": false}, {"created_at": "Tue Nov 06 21:00:59 +0000 2018", "text": "RT @PizzaToThePolls: {\\__/}\n( \u2022 . \u2022)\n/ &gt; \ud83d\uddf3  psst. look at this polling place at it 10 Grand Army Plaza, Brooklyn, NY 11238, USA\n\n{\\__/}\n(\u00f2\u2026", "id": 1059913557926543361, "clean_text": "RT gt psst look at this polling place at it 10 Grand Army Plaza Brooklyn NY 11238 USA", "contain_address": false}, {"created_at": "Tue Nov 06 21:00:58 +0000 2018", "text": "RT @StormResist: #StayInLine if you have gone to your polling place to vote. \n\nDon't leave thinking the lines will get shorter later, they\u2026", "id": 1059913556844519436, "clean_text": "RT StayInLine if you have gone to your polling place to vote Don t leave thinking the lines will get shorter later they", "contain_address": false}, {"created_at": "Tue Nov 06 21:00:58 +0000 2018", "text": "RT @HolTal: @2freshrebel @HeminYPatel @feltrrr2 @kira_lerner @PizzaToThePolls @pizzahut @dominos Donate here guys!\n\nhttps://t.co/Be8fDzY9zY", "id": 1059913555888136193, "clean_text": "RT Donate here guys", "contain_address": false}, {"created_at": "Tue Nov 06 21:00:58 +0000 2018", "text": "Donate to @PizzaToThePolls they are sending food to folks in GA waiting for hours !\nVoter suppression in Georgia is\u2026 https://t.co/t8j1XvwUdO", "id": 1059913554462158849, "clean_text": "Donate to they are sending food to folks in GA waiting for hours Voter suppression in Georgia is", "contain_address": false}, {"created_at": "Tue Nov 06 21:00:55 +0000 2018", "text": "RT @PizzaToThePolls: {\\__/}\n( \u2022 . \u2022)\n/ &gt; \ud83d\uddf3  psst. look at this polling place at it 1900 Hobson Pike Antioch, TN 37013\n\n{\\__/}\n(\u00f2 . \u00f3)\n/ &gt; \ud83d\uddf3\u2026", "id": 1059913543435329536, "clean_text": "RT gt psst look at this polling place at it 1900 Hobson Pike Antioch TN 37013 gt", "contain_address": false}, {"created_at": "Tue Nov 06 21:00:54 +0000 2018", "text": "RT @SarahThyre: The lines are long. People are gettin\u2019 hungry. I just sent a bunch of @PizzaToThePolls and so can you! https://t.co/7Q161DW\u2026", "id": 1059913539270393858, "clean_text": "RT The lines are long People are gettin hungry I just sent a bunch of and so can you", "contain_address": false}, {"created_at": "Tue Nov 06 21:00:54 +0000 2018", "text": "I just donated to @pizzatothepolls! You can give today at https://t.co/Fv3Tnskjca", "id": 1059913536711864320, "clean_text": "I just donated to You can give today at", "contain_address": false}, {"created_at": "Tue Nov 06 21:00:53 +0000 2018", "text": "RT @SATXIndivisible: DONATE\nto send pizza to polling stations where there are long lines:\n\nhttps://t.co/067r4if12W\n\nYou can also REQUEST pi\u2026", "id": 1059913532924411905, "clean_text": "RT DONATE to send pizza to polling stations where there are long lines You can also REQUEST pi", "contain_address": false}, {"created_at": "Tue Nov 06 21:00:52 +0000 2018", "text": "RT @PizzaToThePolls: Help bring smiles to the faces of everyone hangning out at over-crowded polling places with a donation today \u27a1\ufe0f https:\u2026", "id": 1059913528956592128, "clean_text": "RT Help bring smiles to the faces of everyone hangning out at over crowded polling places with a donation today https", "contain_address": false}, {"created_at": "Tue Nov 06 21:00:51 +0000 2018", "text": "@daisykpgardner @PizzaToThePolls And donate to their organization so they can keep this project going! https://t.co/H8r8tTnI7H", "id": 1059913527492820992, "clean_text": "And donate to their organization so they can keep this project going", "contain_address": false}, {"created_at": "Tue Nov 06 21:00:48 +0000 2018", "text": "RT @girlsreallyrule: Now is the time of the day when you need to #StayInLine if you have gone to your polling place to vote. Don't leave th\u2026", "id": 1059913515102814208, "clean_text": "RT Now is the time of the day when you need to StayInLine if you have gone to your polling place to vote Don t leave th", "contain_address": false}, {"created_at": "Tue Nov 06 21:00:47 +0000 2018", "text": "RT @conradricamora: I just donated to @PizzaToThePolls !! Hang in there peeps in long voting lines! Pizza is on the way! https://t.co/mLK9x\u2026", "id": 1059913509360799746, "clean_text": "RT I just donated to Hang in there peeps in long voting lines Pizza is on the way", "contain_address": false}, {"created_at": "Tue Nov 06 21:00:47 +0000 2018", "text": "RT @MichaelSkolnik: If you're in line to vote, #StayInLine!\n\nWe need you! \nEvery vote counts!\nYou can do it!\n \nIf you need pizza, \nhit up @\u2026", "id": 1059913508740100096, "clean_text": "RT If you re in line to vote StayInLine We need you Every vote counts You can do it If you need pizza hit up", "contain_address": false}, {"created_at": "Tue Nov 06 21:00:46 +0000 2018", "text": "RT @PizzaToThePolls: Help bring smiles to the faces of everyone hangning out at over-crowded polling places with a donation today \u27a1\ufe0f https:\u2026", "id": 1059913505518878725, "clean_text": "RT Help bring smiles to the faces of everyone hangning out at over crowded polling places with a donation today https", "contain_address": false}, {"created_at": "Tue Nov 06 21:00:46 +0000 2018", "text": "I think @pizzatothepolls is an awesome idea! To send pizza to polling locations with long lines, go to https://t.co/leGWp2D0nu", "id": 1059913504981950464, "clean_text": "I think is an awesome idea To send pizza to polling locations with long lines go to", "contain_address": false}, {"created_at": "Tue Nov 06 21:00:46 +0000 2018", "text": "@jp2e @PizzaToThePolls Thank you for staying in line to vote!!!!", "id": 1059913504906469377, "clean_text": "Thank you for staying in line to vote", "contain_address": false}, {"created_at": "Tue Nov 06 21:00:45 +0000 2018", "text": "RT @PizzaToThePolls: Checking our list (twice) but we hear lines aren't nice at 883 Mikell Dr, Charleston, SC 29412, USA\n\n\u2002\u2002\u2002\u2002\ud83c\udf55\n\u2002\u2002\u2002\u2002\ud83c\udf84\n\u2002\u2002\u2002\ud83c\udf84\ud83c\udf84\u2026", "id": 1059913501878165504, "clean_text": "RT Checking our list twice but we hear lines aren t nice at 883 Mikell Dr Charleston SC 29412 USA", "contain_address": true, "full": "883 Mikell Dr, Charleston, SC 29412, USA", "st_num": "883", "route": "Mikell Drive", "city": "Charleston", "county": "Charleston County", "state": "South Carolina", "state_abbv": "SC", "zipcode": "29412", "lat": "32.7377272", "lng": "-79.9295842"}, {"created_at": "Tue Nov 06 21:00:44 +0000 2018", "text": "RT @PizzaToThePolls: We sure do! All we need is an address and picture of the line. Reports can also be made at https://t.co/occwLt8XVy. ht\u2026", "id": 1059913497872621568, "clean_text": "RT We sure do All we need is an address and picture of the line Reports can also be made at ht", "contain_address": false}, {"created_at": "Tue Nov 06 21:00:44 +0000 2018", "text": "RT @PizzaToThePolls: @Grrjessi @pemalevy Let us know if you hear of any specific locations experiencing long lines, we are trying to get pi\u2026", "id": 1059913497612414976, "clean_text": "RT Let us know if you hear of any specific locations experiencing long lines we are trying to get pi", "contain_address": false}, {"created_at": "Tue Nov 06 21:00:44 +0000 2018", "text": "RT @PizzaToThePolls: \ud83d\udc51\n\ud83c\udf55  \ud83c\udf55\n\ud83d\udc41  \ud83d\udc41\ud83d\udc42\n   \ud83d\udc43  \n   \ud83d\udc44 - Oh? They need pizza at 395 Chamberlain St SE, Atlanta, GA 30312, USA\n   \nvia https://t.co/z\u2026", "id": 1059913495263748096, "clean_text": "RT Oh They need pizza at 395 Chamberlain St SE Atlanta GA 30312 USA via", "contain_address": true, "full": "395 Chamberlain St SE, Atlanta, GA 30312, USA", "st_num": "395", "route": "Chamberlain Street Southeast", "city": "Atlanta", "county": "Fulton County", "state": "Georgia", "state_abbv": "GA", "zipcode": "30312", "lat": "33.7533964", "lng": "-84.3747813"}, {"created_at": "Tue Nov 06 21:00:42 +0000 2018", "text": "RT @conradricamora: I just donated to @PizzaToThePolls !! Hang in there peeps in long voting lines! Pizza is on the way! https://t.co/mLK9x\u2026", "id": 1059913490289319936, "clean_text": "RT I just donated to Hang in there peeps in long voting lines Pizza is on the way", "contain_address": false}, {"created_at": "Tue Nov 06 21:00:40 +0000 2018", "text": "RT @girlsreallyrule: Now is the time of the day when you need to #StayInLine if you have gone to your polling place to vote. Don't leave th\u2026", "id": 1059913481808437248, "clean_text": "RT Now is the time of the day when you need to StayInLine if you have gone to your polling place to vote Don t leave th", "contain_address": false}, {"created_at": "Tue Nov 06 21:00:40 +0000 2018", "text": "RT @conradricamora: I just donated to @PizzaToThePolls !! Hang in there peeps in long voting lines! Pizza is on the way! https://t.co/mLK9x\u2026", "id": 1059913480575299587, "clean_text": "RT I just donated to Hang in there peeps in long voting lines Pizza is on the way", "contain_address": false}, {"created_at": "Tue Nov 06 21:00:39 +0000 2018", "text": "RT @Authoroux: VOTING AND PIZZA, A BEAUTIFUL MARRIAGE. I just donated to @pizzatothepolls! They send pizzas to overcrowded polling places!\u2026", "id": 1059913476355821568, "clean_text": "RT VOTING AND PIZZA A BEAUTIFUL MARRIAGE I just donated to They send pizzas to overcrowded polling places", "contain_address": false}, {"created_at": "Tue Nov 06 21:00:39 +0000 2018", "text": "RT @MichaelSkolnik: If you're in line to vote, #StayInLine!\n\nWe need you! \nEvery vote counts!\nYou can do it!\n \nIf you need pizza, \nhit up @\u2026", "id": 1059913475596697600, "clean_text": "RT If you re in line to vote StayInLine We need you Every vote counts You can do it If you need pizza hit up", "contain_address": false}, {"created_at": "Tue Nov 06 21:00:39 +0000 2018", "text": "RT @ChazReddBear: @RepMaxineWaters Hungry while standing in long lines to vote today? @PizzaToThePolls got ya covered!\n\nPizza to the Polls\u2026", "id": 1059913475256868865, "clean_text": "RT Hungry while standing in long lines to vote today got ya covered Pizza to the Polls", "contain_address": false}, {"created_at": "Tue Nov 06 21:00:36 +0000 2018", "text": "RT @MichaelSkolnik: If you're in line to vote, #StayInLine!\n\nWe need you! \nEvery vote counts!\nYou can do it!\n \nIf you need pizza, \nhit up @\u2026", "id": 1059913463403819008, "clean_text": "RT If you re in line to vote StayInLine We need you Every vote counts You can do it If you need pizza hit up", "contain_address": false}, {"created_at": "Tue Nov 06 21:00:36 +0000 2018", "text": "RT @StormResist: #StayInLine if you have gone to your polling place to vote. \n\nDon't leave thinking the lines will get shorter later, they\u2026", "id": 1059913462439178242, "clean_text": "RT StayInLine if you have gone to your polling place to vote Don t leave thinking the lines will get shorter later they", "contain_address": false}, {"created_at": "Tue Nov 06 21:00:36 +0000 2018", "text": "@NathanHRubin @PizzaToThePolls I hope they have enough dough to get them through the day. \nYou can help. Donations taken now.", "id": 1059913461969379328, "clean_text": "I hope they have enough dough to get them through the day You can help Donations taken now", "contain_address": false}, {"created_at": "Tue Nov 06 21:00:34 +0000 2018", "text": "RT @NiceBigBuns: I just donated to @pizzatothepolls! You can give today at https://t.co/RMFDuer8VZ", "id": 1059913456160309249, "clean_text": "RT I just donated to You can give today at", "contain_address": false}, {"created_at": "Tue Nov 06 21:00:31 +0000 2018", "text": "RT @PizzaToThePolls: TURN IT UP\n\n:     .\u0131l\u0131.\u2014\u2014Pizza\u2014\u2014.\u0131l\u0131.\n:    \u2584 \u2588 \u2584 \u2588 \u2584 \u2584 \u2588 \u2584 \u2588 \u2584 \u2588\n: Min- \u2013 \u2013 \u2013 \u2013 \u2013 \u2013 \u2013 \u2013 -\u25cfMax\n\n12 pizzas", "id": 1059913440595247104, "clean_text": "RT TURN IT UP l Pizza l Min Max 12 pizzas", "contain_address": false}, {"created_at": "Tue Nov 06 21:00:30 +0000 2018", "text": "RT @PizzaToThePolls: \ud83d\udc51\n\ud83c\udf55  \ud83c\udf55\n\ud83d\udc41  \ud83d\udc41\ud83d\udc42\n   \ud83d\udc43  \n   \ud83d\udc44 - Oh? They need pizza at 395 Chamberlain St SE, Atlanta, GA 30312, USA\n   \nvia https://t.co/z\u2026", "id": 1059913437524840449, "clean_text": "RT Oh They need pizza at 395 Chamberlain St SE Atlanta GA 30312 USA via", "contain_address": true, "full": "395 Chamberlain St SE, Atlanta, GA 30312, USA", "st_num": "395", "route": "Chamberlain Street Southeast", "city": "Atlanta", "county": "Fulton County", "state": "Georgia", "state_abbv": "GA", "zipcode": "30312", "lat": "33.7533964", "lng": "-84.3747813"}, {"created_at": "Tue Nov 06 21:00:28 +0000 2018", "text": "RT @ClaraJeffery: Alright. I just donated to @PizzaToThePolls so that these frustrated voters, and others like them, don't have to go hungr\u2026", "id": 1059913427693551618, "clean_text": "RT Alright I just donated to so that these frustrated voters and others like them don t have to go hungr", "contain_address": false}, {"created_at": "Tue Nov 06 21:00:27 +0000 2018", "text": "@PizzaToThePolls @notinyourdreams @krassenstein @waggles111 You guys rock! Please take care of these patient folks", "id": 1059913426066014209, "clean_text": "You guys rock Please take care of these patient folks", "contain_address": false}, {"created_at": "Tue Nov 06 21:00:26 +0000 2018", "text": "RT @leahmcelrath: DONATE\nto send pizza to polling stations where there are long lines:\n\nhttps://t.co/bye4Ldoigk\n\nYou can also REQUEST pizza\u2026", "id": 1059913419384512513, "clean_text": "RT DONATE to send pizza to polling stations where there are long lines You can also REQUEST pizza", "contain_address": false}, {"created_at": "Tue Nov 06 21:00:24 +0000 2018", "text": "RT @ChazReddBear: @RepMaxineWaters Hungry while standing in long lines to vote today? @PizzaToThePolls got ya covered!\n\nPizza to the Polls\u2026", "id": 1059913413223165952, "clean_text": "RT Hungry while standing in long lines to vote today got ya covered Pizza to the Polls", "contain_address": false}, {"created_at": "Tue Nov 06 21:00:23 +0000 2018", "text": "RT @conradricamora: I just donated to @PizzaToThePolls !! Hang in there peeps in long voting lines! Pizza is on the way! https://t.co/mLK9x\u2026", "id": 1059913407741206529, "clean_text": "RT I just donated to Hang in there peeps in long voting lines Pizza is on the way", "contain_address": false}, {"created_at": "Tue Nov 06 21:00:22 +0000 2018", "text": "RT @StormResist: #StayInLine if you have gone to your polling place to vote. \n\nDon't leave thinking the lines will get shorter later, they\u2026", "id": 1059913402955558920, "clean_text": "RT StayInLine if you have gone to your polling place to vote Don t leave thinking the lines will get shorter later they", "contain_address": false}, {"created_at": "Tue Nov 06 21:00:21 +0000 2018", "text": "RT @Lizerenity: @PizzaToThePolls @adv_project Fulton County Elections\n141 Pryor St SW #4075, Atlanta, GA 30303\n(404) 612-4000\nhttps://t.co/\u2026", "id": 1059913398966726659, "clean_text": "RT Fulton County Elections 141 Pryor St SW 4075 Atlanta GA 30303 404 612 4000", "contain_address": true, "full": "141 Pryor St SW #4075, Atlanta, GA 30303, USA", "st_num": "141", "route": "Pryor Street Southwest", "city": "Atlanta", "county": "Fulton County", "state": "Georgia", "state_abbv": "GA", "zipcode": "30303", "lat": "33.7513931", "lng": "-84.3913883"}, {"created_at": "Tue Nov 06 21:00:20 +0000 2018", "text": "@allspinzone @krassenstein @PizzaToThePolls Go people who have to wait for hours to vote!", "id": 1059913395825045505, "clean_text": "Go people who have to wait for hours to vote", "contain_address": false}, {"created_at": "Tue Nov 06 21:00:19 +0000 2018", "text": "Some people are watching CNN already, but I\u2019m just over here watching the @PizzaToThePolls meter to see if they hit\u2026 https://t.co/32z3TJyNpm", "id": 1059913391748366336, "clean_text": "Some people are watching CNN already but I m just over here watching the meter to see if they hit", "contain_address": false}, {"created_at": "Tue Nov 06 21:00:18 +0000 2018", "text": "RT @jp2e: Hey @pizzatothepolls thanks for sustenance. 1 hour in, at least 1 to go here in Charleston, SC #PizzaToThePolls #Midterms2018 htt\u2026", "id": 1059913385679024128, "clean_text": "RT Hey thanks for sustenance 1 hour in at least 1 to go here in Charleston SC PizzaToThePolls Midterms2018 htt", "contain_address": true, "full": null, "st_num": null, "route": null, "city": null, "county": null, "state": null, "state_abbv": null, "zipcode": null, "lat": null, "lng": null}, {"created_at": "Tue Nov 06 21:00:17 +0000 2018", "text": "RT @PizzaToThePolls: Got a report of a line at\n\nStudent Services Building, 1151 S Forest Ave #140, Tempe, AZ 85281, USA via https://t.co/v8\u2026", "id": 1059913383120683008, "clean_text": "RT Got a report of a line at Student Services Building 1151 S Forest Ave 140 Tempe AZ 85281 USA via", "contain_address": true, "full": "1151 S Forest Ave, Tempe, AZ 85287, USA", "st_num": "1151", "route": "South Forest Avenue", "city": "Tempe", "county": "Maricopa County", "state": "Arizona", "state_abbv": "AZ", "zipcode": "85287", "lat": "33.4169629", "lng": "-111.9362888"}, {"created_at": "Tue Nov 06 21:00:17 +0000 2018", "text": "I just donated to @pizzatothepolls! You can give today at https://t.co/ZQp0fQ6Kye", "id": 1059913382697025541, "clean_text": "I just donated to You can give today at", "contain_address": false}, {"created_at": "Tue Nov 06 21:00:17 +0000 2018", "text": "RT @abc15: Waiting in line to vote? Hungry? @PizzaToThePolls will deliver FREE pizza to you! DETAILS: https://t.co/wDTCSZ8rhD https://t.co/\u2026", "id": 1059913381467967488, "clean_text": "RT Waiting in line to vote Hungry will deliver FREE pizza to you DETAILS", "contain_address": false}, {"created_at": "Tue Nov 06 21:00:15 +0000 2018", "text": "RT @SarahThyre: The lines are long. People are gettin\u2019 hungry. I just sent a bunch of @PizzaToThePolls and so can you! https://t.co/7Q161DW\u2026", "id": 1059913375319236610, "clean_text": "RT The lines are long People are gettin hungry I just sent a bunch of and so can you", "contain_address": false}, {"created_at": "Tue Nov 06 21:00:14 +0000 2018", "text": "RT @scdp: SOUTH CAROLINA! See a long poll line? Tweet at @PizzaToThePolls and they might make the wait a little easier \ud83c\udf55\ud83d\udc40 https://t.co/b6fr\u2026", "id": 1059913370340675585, "clean_text": "RT SOUTH CAROLINA See a long poll line Tweet at and they might make the wait a little easier", "contain_address": false}, {"created_at": "Tue Nov 06 21:00:14 +0000 2018", "text": "RT @MichaelSkolnik: If you're in line to vote, #StayInLine!\n\nWe need you! \nEvery vote counts!\nYou can do it!\n \nIf you need pizza, \nhit up @\u2026", "id": 1059913369032052738, "clean_text": "RT If you re in line to vote StayInLine We need you Every vote counts You can do it If you need pizza hit up", "contain_address": false}, {"created_at": "Tue Nov 06 21:00:13 +0000 2018", "text": "RT @PizzaToThePolls: Hi, Pizza to the Polls is sending free pizza to voters waiting in line in Charleston, SC. We hope you will cover it! B\u2026", "id": 1059913366754471937, "clean_text": "RT Hi Pizza to the Polls is sending free pizza to voters waiting in line in Charleston SC We hope you will cover it B", "contain_address": false}, {"created_at": "Tue Nov 06 21:00:12 +0000 2018", "text": "@BrettKelman @Tennessean @duanegang @pizzatothepolls antioch high School tn.", "id": 1059913364120526849, "clean_text": "antioch high School tn", "contain_address": false}, {"created_at": "Tue Nov 06 21:00:12 +0000 2018", "text": "RT @shannoncoulter: The average wait time to vote in the Atlanta metro area today is about 3 hours according to @CommonCause, so I just use\u2026", "id": 1059913361192878084, "clean_text": "RT The average wait time to vote in the Atlanta metro area today is about 3 hours according to so I just use", "contain_address": false}, {"created_at": "Tue Nov 06 21:00:11 +0000 2018", "text": "@monroealy @kira_lerner @PizzaToThePolls I had just requested pizza for them online too\nDidn't see this post , but hope they get plenty of \ud83c\udf55", "id": 1059913359456382976, "clean_text": "I had just requested pizza for them online too Didn t see this post but hope they get plenty of", "contain_address": false}, {"created_at": "Tue Nov 06 21:00:11 +0000 2018", "text": "RT @PeachResist: Is @PizzaToThePolls up and running in Georgia? \nCause we have lines at a lot of polling places that are very pizza-worthy.\u2026", "id": 1059913359351578625, "clean_text": "RT Is up and running in Georgia Cause we have lines at a lot of polling places that are very pizza worthy", "contain_address": false}, {"created_at": "Tue Nov 06 21:00:10 +0000 2018", "text": "RT @girlsreallyrule: Now is the time of the day when you need to #StayInLine if you have gone to your polling place to vote. Don't leave th\u2026", "id": 1059913354377158656, "clean_text": "RT Now is the time of the day when you need to StayInLine if you have gone to your polling place to vote Don t leave th", "contain_address": false}, {"created_at": "Tue Nov 06 21:00:10 +0000 2018", "text": "RT @PizzaToThePolls: Hearing about a line at 4521 Centerville Hwy, Snellville, GA 30039\n\nvia https://t.co/DmIBwmVphr", "id": 1059913353236283392, "clean_text": "RT Hearing about a line at 4521 Centerville Hwy Snellville GA 30039 via", "contain_address": true, "full": "4521 Centerville Hwy, Snellville, GA 30039, USA", "st_num": "4521", "route": "Centerville Highway", "city": "Snellville", "county": "Gwinnett County", "state": "Georgia", "state_abbv": "GA", "zipcode": "30039", "lat": "33.7755485", "lng": "-84.0499465"}, {"created_at": "Tue Nov 06 21:00:09 +0000 2018", "text": "RT @Authoroux: VOTING AND PIZZA, A BEAUTIFUL MARRIAGE. I just donated to @pizzatothepolls! They send pizzas to overcrowded polling places!\u2026", "id": 1059913351206240257, "clean_text": "RT VOTING AND PIZZA A BEAUTIFUL MARRIAGE I just donated to They send pizzas to overcrowded polling places", "contain_address": false}, {"created_at": "Tue Nov 06 21:00:09 +0000 2018", "text": "@PizzaToThePolls visit Snellville pls..", "id": 1059913349675278336, "clean_text": "visit Snellville pls", "contain_address": false}, {"created_at": "Tue Nov 06 21:00:09 +0000 2018", "text": "@remy_kothe @ananavarro @PizzaToThePolls", "id": 1059913349373353984, "clean_text": "", "contain_address": false}, {"created_at": "Tue Nov 06 21:00:08 +0000 2018", "text": "RT @jp2e: Hey @pizzatothepolls thanks for sustenance. 1 hour in, at least 1 to go here in Charleston, SC #PizzaToThePolls #Midterms2018 htt\u2026", "id": 1059913347561385984, "clean_text": "RT Hey thanks for sustenance 1 hour in at least 1 to go here in Charleston SC PizzaToThePolls Midterms2018 htt", "contain_address": true, "full": null, "st_num": null, "route": null, "city": null, "county": null, "state": null, "state_abbv": null, "zipcode": null, "lat": null, "lng": null}, {"created_at": "Tue Nov 06 21:00:06 +0000 2018", "text": "I can\u2019t vote (non-American) but the least I can do is keep those who are waiting to vote, fed. Just donated to @pizzatothepolls", "id": 1059913339193749515, "clean_text": "I can t vote non American but the least I can do is keep those who are waiting to vote fed Just donated to", "contain_address": false}, {"created_at": "Tue Nov 06 21:00:05 +0000 2018", "text": "RT @StormResist: #StayInLine if you have gone to your polling place to vote. \n\nDon't leave thinking the lines will get shorter later, they\u2026", "id": 1059913334315720706, "clean_text": "RT StayInLine if you have gone to your polling place to vote Don t leave thinking the lines will get shorter later they", "contain_address": false}, {"created_at": "Tue Nov 06 21:00:03 +0000 2018", "text": "@josephwcress @presscitizen @aimee_breaux Help! @pizzatothepolls! \ud83c\udf55\ud83c\udf55\ud83c\udf55", "id": 1059913323607580672, "clean_text": "Help", "contain_address": false}, {"created_at": "Tue Nov 06 21:00:02 +0000 2018", "text": "RT @conradricamora: I just donated to @PizzaToThePolls !! Hang in there peeps in long voting lines! Pizza is on the way! https://t.co/mLK9x\u2026", "id": 1059913320407490560, "clean_text": "RT I just donated to Hang in there peeps in long voting lines Pizza is on the way", "contain_address": false}, {"created_at": "Tue Nov 06 21:00:02 +0000 2018", "text": "RT @PizzaToThePolls: Checking our list (twice) but we hear lines aren't nice at 330 E University Dr, Tempe, AZ 85281, USA\n\n\u2002\u2002\u2002\u2002\ud83c\udf55\n\u2002\u2002\u2002\u2002\ud83c\udf84\n\u2002\u2002\u2002\ud83c\udf84\u2026", "id": 1059913319149121536, "clean_text": "RT Checking our list twice but we hear lines aren t nice at 330 E University Dr Tempe AZ 85281 USA", "contain_address": true, "full": "330 E University Dr, Tempe, AZ 85281, USA", "st_num": "330", "route": "East University Drive", "city": "Tempe", "county": "Maricopa County", "state": "Arizona", "state_abbv": "AZ", "zipcode": "85281", "lat": "33.4223909", "lng": "-111.9335784"}, {"created_at": "Tue Nov 06 21:00:00 +0000 2018", "text": "RT @JustinMcElroy: It\u2019s easy! It\u2019s cheesy. I just donated to @pizzatothepolls! You can give today at https://t.co/MNU9BQmo2f", "id": 1059913312006275073, "clean_text": "RT It s easy It s cheesy I just donated to You can give today at", "contain_address": false}]