[{"created_at": "Tue Nov 06 20:01:36 +0000 2018", "text": "RT @shannoncoulter: The average wait time to vote in the Atlanta metro area today is about 3 hours according to @CommonCause, so I just use\u2026", "id": 1059898613717975042, "clean_text": "RT The average wait time to vote in the Atlanta metro area today is about 3 hours according to so I just use", "contain_address": false}, {"created_at": "Tue Nov 06 20:01:35 +0000 2018", "text": "RT @Alyssa_Milano: Do you all know about @PizzaToThePolls? \n\nYou can donate to the fund at https://t.co/3bdV8hIS0a! \n\nAnd if you see hungry\u2026", "id": 1059898611230633984, "clean_text": "RT Do you all know about You can donate to the fund at And if you see hungry", "contain_address": false}, {"created_at": "Tue Nov 06 20:01:35 +0000 2018", "text": "I just donated to @pizzatothepolls! You can give today at https://t.co/hZCp2HxQX1", "id": 1059898610014449665, "clean_text": "I just donated to You can give today at", "contain_address": false}, {"created_at": "Tue Nov 06 20:01:34 +0000 2018", "text": "I just donated to @pizzatothepolls! You can give today at https://t.co/DtSlxuyrbI", "id": 1059898606126125056, "clean_text": "I just donated to You can give today at", "contain_address": false}, {"created_at": "Tue Nov 06 20:01:32 +0000 2018", "text": "RT @hodgman: This is on purpose. If you're on the ground in ATL, please help your fellow citizens to hang in there. Offer rides/rides back.\u2026", "id": 1059898599679672322, "clean_text": "RT This is on purpose If you re on the ground in ATL please help your fellow citizens to hang in there Offer rides rides back", "contain_address": false}, {"created_at": "Tue Nov 06 20:01:32 +0000 2018", "text": "@PizzaToThePolls Get those students some pizza!!! #ASU", "id": 1059898599125860352, "clean_text": "Get those students some pizza ASU", "contain_address": false}, {"created_at": "Tue Nov 06 20:01:32 +0000 2018", "text": "RT @PizzaToThePolls: oh Urbana, IL 61801, USA's hungry?\n\n\ud83c\udf55\ud83c\udf55 \u253b\u2501\u253b\ufe35 \\(\u00b0\u25a1\u00b0)/ \ufe35 \u253b\u2501\u253b  \ud83c\udf55\ud83c\udf55\n\nvia https://t.co/czsIUaMSQ8", "id": 1059898596789645312, "clean_text": "RT oh Urbana IL 61801 USA s hungry via", "contain_address": false}, {"created_at": "Tue Nov 06 20:01:28 +0000 2018", "text": "RT @hodgman: This is on purpose. If you're on the ground in ATL, please help your fellow citizens to hang in there. Offer rides/rides back.\u2026", "id": 1059898582659022848, "clean_text": "RT This is on purpose If you re on the ground in ATL please help your fellow citizens to hang in there Offer rides rides back", "contain_address": false}, {"created_at": "Tue Nov 06 20:01:27 +0000 2018", "text": "RT @sketchatlas: If you want to help all the folks stuck in line for hours at their polling places, consider a quick election day donation\u2026", "id": 1059898576246132736, "clean_text": "RT If you want to help all the folks stuck in line for hours at their polling places consider a quick election day donation", "contain_address": false}, {"created_at": "Tue Nov 06 20:01:25 +0000 2018", "text": "@billyeichner If its long @PizzaToThePolls  will bring you Pizza.. Just let them know", "id": 1059898570172596224, "clean_text": "If its long will bring you Pizza Just let them know", "contain_address": false}, {"created_at": "Tue Nov 06 20:01:22 +0000 2018", "text": "RT @JulianaHarkavy: I just donated to @pizzatothepolls! You can give today at https://t.co/XyhWN844ma Help out the folks waiting in line to\u2026", "id": 1059898556897619974, "clean_text": "RT I just donated to You can give today at Help out the folks waiting in line to", "contain_address": false}, {"created_at": "Tue Nov 06 20:01:22 +0000 2018", "text": "@PizzaToThePolls @bradyqg @KayeKoonce @scdp @MPowersNorrell @WatchYourRepsSC @JoeCunninghamSC @MaryGeren\u2026 https://t.co/JWh7AEFtag", "id": 1059898556579004416, "clean_text": "", "contain_address": false}, {"created_at": "Tue Nov 06 20:01:22 +0000 2018", "text": "@GingyNorth @BridgetPhetasy @PizzaToThePolls With beer??", "id": 1059898555899482112, "clean_text": "With beer", "contain_address": false}, {"created_at": "Tue Nov 06 20:01:21 +0000 2018", "text": "RT @shannoncoulter: The average wait time to vote in the Atlanta metro area today is about 3 hours according to @CommonCause, so I just use\u2026", "id": 1059898553546330113, "clean_text": "RT The average wait time to vote in the Atlanta metro area today is about 3 hours according to so I just use", "contain_address": false}, {"created_at": "Tue Nov 06 20:01:21 +0000 2018", "text": "RT @leahmcelrath: DONATE\nto send pizza to polling stations where there are long lines:\n\nhttps://t.co/bye4Ldoigk\n\nYou can also REQUEST pizza\u2026", "id": 1059898553429094401, "clean_text": "RT DONATE to send pizza to polling stations where there are long lines You can also REQUEST pizza", "contain_address": false}, {"created_at": "Tue Nov 06 20:01:19 +0000 2018", "text": "If you are in line when the polls close tonight, they have to let you vote. Don\u2019t walk away! And if you need a snac\u2026 https://t.co/01KkNQ78xf", "id": 1059898543023050753, "clean_text": "If you are in line when the polls close tonight they have to let you vote Don t walk away And if you need a snac", "contain_address": false}, {"created_at": "Tue Nov 06 20:01:19 +0000 2018", "text": "RT @PizzaToThePolls: Somebody told us they might need pizzas at 535 4th Ave N, St. Petersburg, FL 33701, USA \n\nvia https://t.co/KqsDHq7sHG", "id": 1059898542662152192, "clean_text": "RT Somebody told us they might need pizzas at 535 4th Ave N St Petersburg FL 33701 USA via", "contain_address": true, "full": null, "st_num": null, "route": null, "city": null, "county": null, "state": null, "state_abbv": null, "zipcode": null, "lat": null, "lng": null}, {"created_at": "Tue Nov 06 20:01:13 +0000 2018", "text": "@ananavarro @PizzaToThePolls", "id": 1059898517169340420, "clean_text": "", "contain_address": false}, {"created_at": "Tue Nov 06 20:01:13 +0000 2018", "text": "RT @shannoncoulter: The average wait time to vote in the Atlanta metro area today is about 3 hours according to @CommonCause, so I just use\u2026", "id": 1059898516783345664, "clean_text": "RT The average wait time to vote in the Atlanta metro area today is about 3 hours according to so I just use", "contain_address": false}, {"created_at": "Tue Nov 06 20:01:12 +0000 2018", "text": "RT @PizzaToThePolls: Alright alright alright incoming 10 pizzas - standby", "id": 1059898513495130112, "clean_text": "RT Alright alright alright incoming 10 pizzas standby", "contain_address": false}, {"created_at": "Tue Nov 06 20:01:11 +0000 2018", "text": "RT @hodgman: This is on purpose. If you're on the ground in ATL, please help your fellow citizens to hang in there. Offer rides/rides back.\u2026", "id": 1059898510735220737, "clean_text": "RT This is on purpose If you re on the ground in ATL please help your fellow citizens to hang in there Offer rides rides back", "contain_address": false}, {"created_at": "Tue Nov 06 20:01:11 +0000 2018", "text": "RT @PizzaToThePolls: Help bring smiles to the faces of everyone hangning out at over-crowded polling places with a donation today \u27a1\ufe0f https:\u2026", "id": 1059898510613643265, "clean_text": "RT Help bring smiles to the faces of everyone hangning out at over crowded polling places with a donation today https", "contain_address": false}, {"created_at": "Tue Nov 06 20:01:09 +0000 2018", "text": "RT @AaronNagler: Shout out to @PizzaToThePolls. What an outstanding idea.", "id": 1059898501381963782, "clean_text": "RT Shout out to What an outstanding idea", "contain_address": false}, {"created_at": "Tue Nov 06 20:01:07 +0000 2018", "text": "RT @PizzaToThePolls: Happy voting everyone!! Here\u2019s hoping your voting journey is quick and easy today but if you get stuck in line, we\u2019re\u2026", "id": 1059898493635051521, "clean_text": "RT Happy voting everyone Here s hoping your voting journey is quick and easy today but if you get stuck in line we re", "contain_address": false}, {"created_at": "Tue Nov 06 20:01:06 +0000 2018", "text": "I just donated to @pizzatothepolls! You can give today at https://t.co/7ychTCQYzo what a great idea! \ud83c\udf55", "id": 1059898489096683522, "clean_text": "I just donated to You can give today at what a great idea", "contain_address": false}, {"created_at": "Tue Nov 06 20:01:05 +0000 2018", "text": "RT @PizzaToThePolls: \ud83d\ude31\ud83c\udfa5 damn daniel daMn dAniel\n\nBACK AT IT AGAIN with those long lines at 900 E 7th St, Bloomington, IN 47405, USA\n\nvia ht\u2026", "id": 1059898486504742915, "clean_text": "RT damn daniel daMn dAniel BACK AT IT AGAIN with those long lines at 900 E 7th St Bloomington IN 47405 USA via ht", "contain_address": true, "full": "900 E 7th St, Bloomington, IN 47405, USA", "st_num": "900", "route": "East 7th Street", "city": "Bloomington", "county": "Monroe County", "state": "Indiana", "state_abbv": "IN", "zipcode": "47405", "lat": "39.1676110", "lng": "-86.5233896"}, {"created_at": "Tue Nov 06 20:01:02 +0000 2018", "text": "RT @shannoncoulter: The average wait time to vote in the Atlanta metro area today is about 3 hours according to @CommonCause, so I just use\u2026", "id": 1059898471598223360, "clean_text": "RT The average wait time to vote in the Atlanta metro area today is about 3 hours according to so I just use", "contain_address": false}, {"created_at": "Tue Nov 06 20:01:01 +0000 2018", "text": "@njtunesmith @fireheather @ACLU @Target @PizzaToThePolls Truly a crime that so many people have to spend this much\u2026 https://t.co/bFIY9VXGmS", "id": 1059898468934803458, "clean_text": "Truly a crime that so many people have to spend this much", "contain_address": false}, {"created_at": "Tue Nov 06 20:00:59 +0000 2018", "text": "RT @HolTal: @2freshrebel @HeminYPatel @feltrrr2 @kira_lerner @PizzaToThePolls @pizzahut @dominos Donate here guys!\n\nhttps://t.co/Be8fDzY9zY", "id": 1059898461456351233, "clean_text": "RT Donate here guys", "contain_address": false}, {"created_at": "Tue Nov 06 20:00:59 +0000 2018", "text": "@SarahThyre @PizzaToThePolls https://t.co/8ycpEVWYOb", "id": 1059898460994973702, "clean_text": "", "contain_address": false}, {"created_at": "Tue Nov 06 20:00:59 +0000 2018", "text": "RT @hodgman: This is on purpose. If you're on the ground in ATL, please help your fellow citizens to hang in there. Offer rides/rides back.\u2026", "id": 1059898458327273472, "clean_text": "RT This is on purpose If you re on the ground in ATL please help your fellow citizens to hang in there Offer rides rides back", "contain_address": false}, {"created_at": "Tue Nov 06 20:00:58 +0000 2018", "text": "Are you waiting in a long line to vote? Are you hungry? Tell @PizzaToThePolls and you may get some cheesy goodness\u2026 https://t.co/pHT2KEd4ab", "id": 1059898453961117697, "clean_text": "Are you waiting in a long line to vote Are you hungry Tell and you may get some cheesy goodness", "contain_address": false}, {"created_at": "Tue Nov 06 20:00:54 +0000 2018", "text": "RT @dawgmommi_bird: If you tweet @PizzaToThePolls they\u2019ll bring pizza to people waiting in line to vote! #electionday #ElectionDay2018 #Vot\u2026", "id": 1059898437825630208, "clean_text": "RT If you tweet they ll bring pizza to people waiting in line to vote electionday ElectionDay2018 Vot", "contain_address": false}, {"created_at": "Tue Nov 06 20:00:52 +0000 2018", "text": "RT @feltrrr2: @HeminYPatel @kira_lerner @PizzaToThePolls you hearing this??", "id": 1059898431181856768, "clean_text": "RT you hearing this", "contain_address": false}, {"created_at": "Tue Nov 06 20:00:52 +0000 2018", "text": "CC: @PizzaToThePolls https://t.co/2sP69ujC92", "id": 1059898430808420352, "clean_text": "CC", "contain_address": false}, {"created_at": "Tue Nov 06 20:00:51 +0000 2018", "text": "@TerryUribe @PizzaToThePolls \ud83d\udc97\ud83c\udf0a", "id": 1059898428229124101, "clean_text": "", "contain_address": false}, {"created_at": "Tue Nov 06 20:00:51 +0000 2018", "text": "The average wait time to vote in the Atlanta metro area today is about 3 hours according to @CommonCause, so I just\u2026 https://t.co/sIF99yTPa2", "id": 1059898427130015744, "clean_text": "The average wait time to vote in the Atlanta metro area today is about 3 hours according to so I just", "contain_address": false}, {"created_at": "Tue Nov 06 20:00:50 +0000 2018", "text": "RT @JewelStaite: My American friends: stuck in long lines trying to vote? Hang in there. Lots of people are counting on you! P.s. I just do\u2026", "id": 1059898423506321409, "clean_text": "RT My American friends stuck in long lines trying to vote Hang in there Lots of people are counting on you P s I just do", "contain_address": false}, {"created_at": "Tue Nov 06 20:00:50 +0000 2018", "text": "@kira_lerner @PizzaToThePolls please get the people Kemp is trying to disenfranchise some food", "id": 1059898421744623616, "clean_text": "please get the people Kemp is trying to disenfranchise some food", "contain_address": false}, {"created_at": "Tue Nov 06 20:00:50 +0000 2018", "text": "@kira_lerner @PizzaToThePolls Might be busy in Atlanta today.", "id": 1059898421144928258, "clean_text": "Might be busy in Atlanta today", "contain_address": false}, {"created_at": "Tue Nov 06 20:00:45 +0000 2018", "text": "RT @PizzaToThePolls: Help bring smiles to the faces of everyone hangning out at over-crowded polling places with a donation today \u27a1\ufe0f https:\u2026", "id": 1059898402258014208, "clean_text": "RT Help bring smiles to the faces of everyone hangning out at over crowded polling places with a donation today https", "contain_address": false}, {"created_at": "Tue Nov 06 20:00:45 +0000 2018", "text": "Thank you to those who are waiting in these outrageous lines. Can we do something nice for them? @PizzaToThePolls https://t.co/XBOLGQlk9I", "id": 1059898400089485312, "clean_text": "Thank you to those who are waiting in these outrageous lines Can we do something nice for them", "contain_address": false}, {"created_at": "Tue Nov 06 20:00:45 +0000 2018", "text": "RT @PizzaToThePolls: Help bring smiles to the faces of everyone hangning out at over-crowded polling places with a donation today \u27a1\ufe0f https:\u2026", "id": 1059898399703662592, "clean_text": "RT Help bring smiles to the faces of everyone hangning out at over crowded polling places with a donation today https", "contain_address": false}, {"created_at": "Tue Nov 06 20:00:41 +0000 2018", "text": "RT @PizzaToThePolls: \u266a\u266c  ON THE WAY  \u1555(\u2310\u25a0_\u25a0)\u1557  \u266a\u266c \n\n\u266a\u266c  TO DELIVER 12 pizzas \u266a\u266c", "id": 1059898384255864832, "clean_text": "RT ON THE WAY TO DELIVER 12 pizzas", "contain_address": false}, {"created_at": "Tue Nov 06 20:00:40 +0000 2018", "text": "RT @hodgman: This is on purpose. If you're on the ground in ATL, please help your fellow citizens to hang in there. Offer rides/rides back.\u2026", "id": 1059898381844312064, "clean_text": "RT This is on purpose If you re on the ground in ATL please help your fellow citizens to hang in there Offer rides rides back", "contain_address": false}, {"created_at": "Tue Nov 06 20:00:36 +0000 2018", "text": "RT @sarahcolonna: If you are in a long voting line today, tweet @PizzaToThePolls and they\u2019ll bring pizza. How awesome is that?", "id": 1059898362382565376, "clean_text": "RT If you are in a long voting line today tweet and they ll bring pizza How awesome is that", "contain_address": false}, {"created_at": "Tue Nov 06 20:00:34 +0000 2018", "text": "@PizzaToThePolls https://t.co/uPRJnvjQ60", "id": 1059898355977871360, "clean_text": "", "contain_address": false}, {"created_at": "Tue Nov 06 20:00:34 +0000 2018", "text": "RT @leahmcelrath: DONATE\nto send pizza to polling stations where there are long lines:\n\nhttps://t.co/bye4Ldoigk\n\nYou can also REQUEST pizza\u2026", "id": 1059898355353034754, "clean_text": "RT DONATE to send pizza to polling stations where there are long lines You can also REQUEST pizza", "contain_address": false}, {"created_at": "Tue Nov 06 20:00:34 +0000 2018", "text": "RT @KayeKoonce: Hey @bradyqg @scdp @mlramsdale_law know of polling places w/long lines? @PizzaToThePolls is ready toSend in the pizza! @MPo\u2026", "id": 1059898354262573056, "clean_text": "RT Hey know of polling places w long lines is ready toSend in the pizza", "contain_address": false}, {"created_at": "Tue Nov 06 20:00:32 +0000 2018", "text": "RT @SarahThyre: The lines are long. People are gettin\u2019 hungry. I just sent a bunch of @PizzaToThePolls and so can you! https://t.co/7Q161DW\u2026", "id": 1059898346503110657, "clean_text": "RT The lines are long People are gettin hungry I just sent a bunch of and so can you", "contain_address": false}, {"created_at": "Tue Nov 06 20:00:30 +0000 2018", "text": "@tomcolicchio Hey Tom, feel like you may be into this @PizzaToThePolls you can send pizza to those waiting in long\u2026 https://t.co/xt1pC02C7i", "id": 1059898338726821889, "clean_text": "Hey Tom feel like you may be into this you can send pizza to those waiting in long", "contain_address": false}, {"created_at": "Tue Nov 06 20:00:27 +0000 2018", "text": "RT @PizzaToThePolls: Help bring smiles to the faces of everyone hangning out at over-crowded polling places with a donation today \u27a1\ufe0f https:\u2026", "id": 1059898326408138753, "clean_text": "RT Help bring smiles to the faces of everyone hangning out at over crowded polling places with a donation today https", "contain_address": false}, {"created_at": "Tue Nov 06 20:00:25 +0000 2018", "text": "@PizzaToThePolls @jennhsu @WNYC You guys are amazing. What a wonderful way to involve yourself and contribute to de\u2026 https://t.co/8z9rdRgUFz", "id": 1059898317549780992, "clean_text": "You guys are amazing What a wonderful way to involve yourself and contribute to de", "contain_address": false}, {"created_at": "Tue Nov 06 20:00:25 +0000 2018", "text": "@billyeichner People across the country can get free pizza if the lines are long and boring! \ud83c\udf55\n\nCC:@PizzaToThePolls", "id": 1059898317524684800, "clean_text": "People across the country can get free pizza if the lines are long and boring CC", "contain_address": false}, {"created_at": "Tue Nov 06 20:00:24 +0000 2018", "text": "@dreamweaver1001 @PizzaToThePolls Anderson Livsey Elementary in Snellville GA", "id": 1059898314576007168, "clean_text": "Anderson Livsey Elementary in Snellville GA", "contain_address": false}, {"created_at": "Tue Nov 06 20:00:24 +0000 2018", "text": "RT @TerryUribe: @PizzaToThePolls THEY NEED PIZZA https://t.co/qqeMI8bWTs", "id": 1059898312646684672, "clean_text": "RT THEY NEED PIZZA", "contain_address": false}, {"created_at": "Tue Nov 06 20:00:23 +0000 2018", "text": "@ananavarro Get them @PizzaToThePolls", "id": 1059898309102325760, "clean_text": "Get them", "contain_address": false}, {"created_at": "Tue Nov 06 20:00:22 +0000 2018", "text": "RT @PizzaToThePolls: We have a report of a line at 419 Waverly Ave, Brooklyn, NY 11238, USA\n\nvia https://t.co/fWudMLumjF", "id": 1059898304237060096, "clean_text": "RT We have a report of a line at 419 Waverly Ave Brooklyn NY 11238 USA via", "contain_address": true, "full": null, "st_num": null, "route": null, "city": null, "county": null, "state": null, "state_abbv": null, "zipcode": null, "lat": null, "lng": null}, {"created_at": "Tue Nov 06 20:00:21 +0000 2018", "text": "RT @StephWortel: The hubz @dlondonnyu and I just donated to @pizzatothepolls! Stay in line--they can't turn you away. You can give today at\u2026", "id": 1059898299468185600, "clean_text": "RT The hubz and I just donated to Stay in line they can t turn you away You can give today at", "contain_address": false}, {"created_at": "Tue Nov 06 20:00:20 +0000 2018", "text": "RT @hodgman: This is on purpose. If you're on the ground in ATL, please help your fellow citizens to hang in there. Offer rides/rides back.\u2026", "id": 1059898295059808256, "clean_text": "RT This is on purpose If you re on the ground in ATL please help your fellow citizens to hang in there Offer rides rides back", "contain_address": false}, {"created_at": "Tue Nov 06 20:00:19 +0000 2018", "text": "RT @JulianaHarkavy: I just donated to @pizzatothepolls! You can give today at https://t.co/XyhWN844ma Help out the folks waiting in line to\u2026", "id": 1059898292102868993, "clean_text": "RT I just donated to You can give today at Help out the folks waiting in line to", "contain_address": false}, {"created_at": "Tue Nov 06 20:00:19 +0000 2018", "text": "@peacemomma67 @jennycohn1 @ACLU @PizzaToThePolls I think they need your help!!", "id": 1059898290706178049, "clean_text": "I think they need your help", "contain_address": false}, {"created_at": "Tue Nov 06 20:00:18 +0000 2018", "text": "RT @gregorybrothers: Whether on purpose or by accident, long lines are going to make it difficult for some people to vote today. Help suppo\u2026", "id": 1059898287556362240, "clean_text": "RT Whether on purpose or by accident long lines are going to make it difficult for some people to vote today Help suppo", "contain_address": false}, {"created_at": "Tue Nov 06 20:00:18 +0000 2018", "text": "I just donated to @pizzatothepolls! You can give today at https://t.co/mxcTt3vlrd", "id": 1059898287002533888, "clean_text": "I just donated to You can give today at", "contain_address": false}, {"created_at": "Tue Nov 06 20:00:17 +0000 2018", "text": "I just donated to @pizzatothepolls! You can give today at https://t.co/HYI1P3jVUJ", "id": 1059898285144584192, "clean_text": "I just donated to You can give today at", "contain_address": false}, {"created_at": "Tue Nov 06 20:00:17 +0000 2018", "text": "RT @JustinMcElroy: It\u2019s easy! It\u2019s cheesy. I just donated to @pizzatothepolls! You can give today at https://t.co/MNU9BQmo2f", "id": 1059898284079120384, "clean_text": "RT It s easy It s cheesy I just donated to You can give today at", "contain_address": false}, {"created_at": "Tue Nov 06 20:00:15 +0000 2018", "text": "RT @hodgman: This is on purpose. If you're on the ground in ATL, please help your fellow citizens to hang in there. Offer rides/rides back.\u2026", "id": 1059898276298792960, "clean_text": "RT This is on purpose If you re on the ground in ATL please help your fellow citizens to hang in there Offer rides rides back", "contain_address": false}, {"created_at": "Tue Nov 06 20:00:12 +0000 2018", "text": "RT @PizzaToThePolls: \ud83d\udc51\n\ud83c\udf55  \ud83c\udf55\n\ud83d\udc41  \ud83d\udc41\ud83d\udc42\n   \ud83d\udc43  \n   \ud83d\udc44 - Oh? They need pizza at 50 Godley Way, Savannah, GA 31407, USA\n   \nvia https://t.co/6op8y2gv\u2026", "id": 1059898263682383872, "clean_text": "RT Oh They need pizza at 50 Godley Way Savannah GA 31407 USA via", "contain_address": false}, {"created_at": "Tue Nov 06 20:00:12 +0000 2018", "text": "@nowin2613 @Katymcengland @AriMelber If your wait is long @PizzaToThePolls will bring you pizza now! And if I knew\u2026 https://t.co/nxDq9CoHVj", "id": 1059898262726029314, "clean_text": "If your wait is long will bring you pizza now And if I knew", "contain_address": false}, {"created_at": "Tue Nov 06 20:00:12 +0000 2018", "text": "RT @PizzaToThePolls: @bradyqg @KayeKoonce @scdp @mlramsdale_law @MPowersNorrell @WatchYourRepsSC @JoeCunninghamSC @MaryGeren @TylerMJones C\u2026", "id": 1059898261534896132, "clean_text": "RT C", "contain_address": false}, {"created_at": "Tue Nov 06 20:00:11 +0000 2018", "text": "RT @mrogati: I just donated to @pizzatothepolls. Give here if you'd like to join me: https://t.co/aWFtoHKxEu. I voted comfortably from home\u2026", "id": 1059898259970285568, "clean_text": "RT I just donated to Give here if you d like to join me I voted comfortably from home", "contain_address": false}, {"created_at": "Tue Nov 06 20:00:11 +0000 2018", "text": "RT @PizzaToThePolls: Help bring smiles to the faces of everyone hangning out at over-crowded polling places with a donation today \u27a1\ufe0f https:\u2026", "id": 1059898259433512961, "clean_text": "RT Help bring smiles to the faces of everyone hangning out at over crowded polling places with a donation today https", "contain_address": false}, {"created_at": "Tue Nov 06 20:00:06 +0000 2018", "text": "RT @hodgman: This is on purpose. If you're on the ground in ATL, please help your fellow citizens to hang in there. Offer rides/rides back.\u2026", "id": 1059898237946130438, "clean_text": "RT This is on purpose If you re on the ground in ATL please help your fellow citizens to hang in there Offer rides rides back", "contain_address": false}, {"created_at": "Tue Nov 06 20:00:06 +0000 2018", "text": "@Septembersgotit @PizzaToThePolls Yo this is the greatest idea ever invented in the history of inventions.", "id": 1059898236058525696, "clean_text": "Yo this is the greatest idea ever invented in the history of inventions", "contain_address": false}, {"created_at": "Tue Nov 06 20:00:04 +0000 2018", "text": "@PizzaToThePolls @bradyqg @KayeKoonce @scdp @mlramsdale_law @MPowersNorrell @JoeCunninghamSC @MaryGeren @TylerMJones @bradyqg", "id": 1059898230748733440, "clean_text": "", "contain_address": false}, {"created_at": "Tue Nov 06 20:00:02 +0000 2018", "text": "I just paid my AMEX this morning so I was able to double my pizza order for @pizzatothepolls! You can give today at https://t.co/WDG7ZKgqOi", "id": 1059898219289698304, "clean_text": "I just paid my AMEX this morning so I was able to double my pizza order for You can give today at", "contain_address": false}, {"created_at": "Tue Nov 06 20:00:02 +0000 2018", "text": "RT @PizzaToThePolls: @PaulRevere_ALT @SadieMae2017 @snarkydogmom @ananavarro Send us exact polling locations with a picture of the line, we\u2026", "id": 1059898219218550784, "clean_text": "RT Send us exact polling locations with a picture of the line we", "contain_address": false}, {"created_at": "Tue Nov 06 20:00:02 +0000 2018", "text": "RT @ClaraJeffery: Alright. I just donated to @PizzaToThePolls so that these frustrated voters, and others like them, don't have to go hungr\u2026", "id": 1059898218929098752, "clean_text": "RT Alright I just donated to so that these frustrated voters and others like them don t have to go hungr", "contain_address": false}, {"created_at": "Tue Nov 06 20:00:01 +0000 2018", "text": "RT @SarahThyre: The lines are long. People are gettin\u2019 hungry. I just sent a bunch of @PizzaToThePolls and so can you! https://t.co/7Q161DW\u2026", "id": 1059898215154286592, "clean_text": "RT The lines are long People are gettin hungry I just sent a bunch of and so can you", "contain_address": false}, {"created_at": "Tue Nov 06 20:00:00 +0000 2018", "text": "RT @leahmcelrath: DONATE\nto send pizza to polling stations where there are long lines:\n\nhttps://t.co/bye4Ldoigk\n\nYou can also REQUEST pizza\u2026", "id": 1059898213476560901, "clean_text": "RT DONATE to send pizza to polling stations where there are long lines You can also REQUEST pizza", "contain_address": false}]