[{"created_at": "Tue Nov 06 22:00:02 +0000 2018", "text": "RT @PizzaToThePolls: \ud83d\ude31\ud83c\udfa5 damn daniel daMn dAniel\n\nBACK AT IT AGAIN with those long lines at 12400 Imperial Hwy, Norwalk, CA 90650, USA\n\nvia\u2026", "id": 1059928420346458115, "clean_text": "RT damn daniel daMn dAniel BACK AT IT AGAIN with those long lines at 12400 Imperial Hwy Norwalk CA 90650 USA via", "contain_address": true, "full": "12400 Imperial Hwy, Norwalk, CA 90650, USA", "st_num": "12400", "route": "Imperial Highway", "city": "Norwalk", "county": "Los Angeles County", "state": "California", "state_abbv": "CA", "zipcode": "90650", "lat": "33.9160764", "lng": "-118.0679140"}, {"created_at": "Tue Nov 06 22:00:01 +0000 2018", "text": "RT @meganamram: Instead of just anxiously refreshing twitter all day, why not donate to @pizzatothepolls and buy some tired voters pizza?:\u2026", "id": 1059928415783018498, "clean_text": "RT Instead of just anxiously refreshing twitter all day why not donate to and buy some tired voters pizza", "contain_address": false}, {"created_at": "Tue Nov 06 22:00:01 +0000 2018", "text": "RT @PizzaToThePolls: .  \u3000\u3000\u3000\u3000\u3000 \uff3f\uff3f\n\u3000\u3000\u3000\u3000\u3000\uff0f\uff1e\u3000\ud83c\udf55\u30d5 \n\u3000\u3000\u3000\u3000\u3000|  \u3000_\u3000 _ l  ~ pizza cat ~\n\u3000 \u3000\u3000\u3000\uff0f` \u30df\uff3fx\u30ce  ~ is teleporting ~\n\u3000\u3000 \u3000 /\u3000\u3000\u3000 \u3000 |    ~ 16 pizzas ~\u2026", "id": 1059928414461804546, "clean_text": "RT l pizza cat x is teleporting 16 pizzas", "contain_address": false}, {"created_at": "Tue Nov 06 22:00:01 +0000 2018", "text": "RT @meganamram: Instead of just anxiously refreshing twitter all day, why not donate to @pizzatothepolls and buy some tired voters pizza?:\u2026", "id": 1059928413836861440, "clean_text": "RT Instead of just anxiously refreshing twitter all day why not donate to and buy some tired voters pizza", "contain_address": false}]