[{"created_at": "Tue Nov 06 13:09:29 +0000 2018", "text": "RT @girlsreallyrule: If you are in a long line today, don't leave...ORDER PIZZA! @PizzaToThePolls will take your order and deliver pizza to\u2026", "id": 1059794903335464960, "clean_text": "RT If you are in a long line today don t leave ORDER PIZZA will take your order and deliver pizza to", "contain_address": false}, {"created_at": "Tue Nov 06 13:09:26 +0000 2018", "text": "RT @girlsreallyrule: If you are in a long line today, don't leave...ORDER PIZZA! @PizzaToThePolls will take your order and deliver pizza to\u2026", "id": 1059794889293082624, "clean_text": "RT If you are in a long line today don t leave ORDER PIZZA will take your order and deliver pizza to", "contain_address": false}, {"created_at": "Tue Nov 06 13:09:10 +0000 2018", "text": "RT @PizzaToThePolls: We sure do! All we need is an address and picture of the line. Reports can also be made at https://t.co/occwLt8XVy. ht\u2026", "id": 1059794821152473088, "clean_text": "RT We sure do All we need is an address and picture of the line Reports can also be made at ht", "contain_address": false}, {"created_at": "Tue Nov 06 13:09:07 +0000 2018", "text": "RT @PizzaToThePolls: We sure do! All we need is an address and picture of the line. Reports can also be made at https://t.co/occwLt8XVy. ht\u2026", "id": 1059794809626476544, "clean_text": "RT We sure do All we need is an address and picture of the line Reports can also be made at ht", "contain_address": false}, {"created_at": "Tue Nov 06 13:08:56 +0000 2018", "text": "And order pizza for long lines through @PizzaToThePolls!! https://t.co/cFDRgEKJnO", "id": 1059794762964852742, "clean_text": "And order pizza for long lines through", "contain_address": false}, {"created_at": "Tue Nov 06 13:08:51 +0000 2018", "text": "RT @mansi_kat: @chescaleigh If you tweet at @PizzaToThePolls they\u2019ll bring pizza to folks waiting in line to vote!", "id": 1059794742458900480, "clean_text": "RT kat If you tweet at they ll bring pizza to folks waiting in line to vote", "contain_address": false}, {"created_at": "Tue Nov 06 13:08:50 +0000 2018", "text": "RT @PizzaToThePolls: We sure do! All we need is an address and picture of the line. Reports can also be made at https://t.co/occwLt8XVy. ht\u2026", "id": 1059794740361785344, "clean_text": "RT We sure do All we need is an address and picture of the line Reports can also be made at ht", "contain_address": false}, {"created_at": "Tue Nov 06 13:08:43 +0000 2018", "text": "@weaversmom And maybe pizza later!  @PizzaToThePolls Send photo of long lines, location and time and FREE PIZZA wil\u2026 https://t.co/TlXxTPcusX", "id": 1059794708564754433, "clean_text": "And maybe pizza later Send photo of long lines location and time and FREE PIZZA wil", "contain_address": false}, {"created_at": "Tue Nov 06 13:08:35 +0000 2018", "text": "RT @girlsreallyrule: If you are in a long line today, don't leave...ORDER PIZZA! @PizzaToThePolls will take your order and deliver pizza to\u2026", "id": 1059794677531140097, "clean_text": "RT If you are in a long line today don t leave ORDER PIZZA will take your order and deliver pizza to", "contain_address": false}, {"created_at": "Tue Nov 06 13:08:29 +0000 2018", "text": "RT @PizzaToThePolls: We sure do! All we need is an address and picture of the line. Reports can also be made at https://t.co/occwLt8XVy. ht\u2026", "id": 1059794652935712768, "clean_text": "RT We sure do All we need is an address and picture of the line Reports can also be made at ht", "contain_address": false}, {"created_at": "Tue Nov 06 13:08:25 +0000 2018", "text": "RT @PizzaToThePolls: We sure do! All we need is an address and picture of the line. Reports can also be made at https://t.co/occwLt8XVy. ht\u2026", "id": 1059794635114119168, "clean_text": "RT We sure do All we need is an address and picture of the line Reports can also be made at ht", "contain_address": false}, {"created_at": "Tue Nov 06 13:08:24 +0000 2018", "text": "RT @PizzaToThePolls: We sure do! All we need is an address and picture of the line. Reports can also be made at https://t.co/occwLt8XVy. ht\u2026", "id": 1059794631364370432, "clean_text": "RT We sure do All we need is an address and picture of the line Reports can also be made at ht", "contain_address": false}, {"created_at": "Tue Nov 06 13:08:09 +0000 2018", "text": "RT @PizzaToThePolls: We sure do! All we need is an address and picture of the line. Reports can also be made at https://t.co/occwLt8XVy. ht\u2026", "id": 1059794569129312262, "clean_text": "RT We sure do All we need is an address and picture of the line Reports can also be made at ht", "contain_address": false}, {"created_at": "Tue Nov 06 13:08:08 +0000 2018", "text": "@PizzaToThePolls 3120 Washburn ave Minneapolis Mn https://t.co/cFGQINvuwW", "id": 1059794562317729793, "clean_text": "3120 Washburn ave Minneapolis Mn", "contain_address": true}, {"created_at": "Tue Nov 06 13:08:01 +0000 2018", "text": "RT @bkehrt513: @Bridget96Rock Also, if you're in a real long line, @PizzaToThePolls will deliver pizza to your polling place on election da\u2026", "id": 1059794533498712064, "clean_text": "RT Also if you re in a real long line will deliver pizza to your polling place on election da", "contain_address": false}, {"created_at": "Tue Nov 06 13:07:59 +0000 2018", "text": "RT @PizzaToThePolls: We sure do! All we need is an address and picture of the line. Reports can also be made at https://t.co/occwLt8XVy. ht\u2026", "id": 1059794525630226433, "clean_text": "RT We sure do All we need is an address and picture of the line Reports can also be made at ht", "contain_address": false}, {"created_at": "Tue Nov 06 13:07:59 +0000 2018", "text": "RT @PizzaToThePolls: We sure do! All we need is an address and picture of the line. Reports can also be made at https://t.co/occwLt8XVy. ht\u2026", "id": 1059794523784654854, "clean_text": "RT We sure do All we need is an address and picture of the line Reports can also be made at ht", "contain_address": false}, {"created_at": "Tue Nov 06 13:07:58 +0000 2018", "text": "RT @PizzaToThePolls: We sure do! All we need is an address and picture of the line. Reports can also be made at https://t.co/occwLt8XVy. ht\u2026", "id": 1059794520081096705, "clean_text": "RT We sure do All we need is an address and picture of the line Reports can also be made at ht", "contain_address": false}, {"created_at": "Tue Nov 06 13:07:57 +0000 2018", "text": "RT @girlsreallyrule: If you are in a long line today, don't leave...ORDER PIZZA! @PizzaToThePolls will take your order and deliver pizza to\u2026", "id": 1059794516641746944, "clean_text": "RT If you are in a long line today don t leave ORDER PIZZA will take your order and deliver pizza to", "contain_address": false}, {"created_at": "Tue Nov 06 13:07:54 +0000 2018", "text": "RT @PizzaToThePolls: We sure do! All we need is an address and picture of the line. Reports can also be made at https://t.co/occwLt8XVy. ht\u2026", "id": 1059794505875025925, "clean_text": "RT We sure do All we need is an address and picture of the line Reports can also be made at ht", "contain_address": false}, {"created_at": "Tue Nov 06 13:07:54 +0000 2018", "text": "RT @PizzaToThePolls: We sure do! All we need is an address and picture of the line. Reports can also be made at https://t.co/occwLt8XVy. ht\u2026", "id": 1059794504243388416, "clean_text": "RT We sure do All we need is an address and picture of the line Reports can also be made at ht", "contain_address": false}, {"created_at": "Tue Nov 06 13:07:53 +0000 2018", "text": "RT @PizzaToThePolls: We sure do! All we need is an address and picture of the line. Reports can also be made at https://t.co/occwLt8XVy. ht\u2026", "id": 1059794500388831232, "clean_text": "RT We sure do All we need is an address and picture of the line Reports can also be made at ht", "contain_address": false}, {"created_at": "Tue Nov 06 13:07:53 +0000 2018", "text": "RT @mansi_kat: @chescaleigh If you tweet at @PizzaToThePolls they\u2019ll bring pizza to folks waiting in line to vote!", "id": 1059794499751370752, "clean_text": "RT kat If you tweet at they ll bring pizza to folks waiting in line to vote", "contain_address": false}, {"created_at": "Tue Nov 06 13:07:41 +0000 2018", "text": "RT @PizzaToThePolls: We sure do! All we need is an address and picture of the line. Reports can also be made at https://t.co/occwLt8XVy. ht\u2026", "id": 1059794451114221569, "clean_text": "RT We sure do All we need is an address and picture of the line Reports can also be made at ht", "contain_address": false}, {"created_at": "Tue Nov 06 13:07:33 +0000 2018", "text": "RT @PizzaToThePolls: We sure do! All we need is an address and picture of the line. Reports can also be made at https://t.co/occwLt8XVy. ht\u2026", "id": 1059794416456613891, "clean_text": "RT We sure do All we need is an address and picture of the line Reports can also be made at ht", "contain_address": false}, {"created_at": "Tue Nov 06 13:07:33 +0000 2018", "text": "RT @mansi_kat: @chescaleigh If you tweet at @PizzaToThePolls they\u2019ll bring pizza to folks waiting in line to vote!", "id": 1059794414325907459, "clean_text": "RT kat If you tweet at they ll bring pizza to folks waiting in line to vote", "contain_address": false}, {"created_at": "Tue Nov 06 13:07:18 +0000 2018", "text": "RT @PizzaToThePolls: We sure do! All we need is an address and picture of the line. Reports can also be made at https://t.co/occwLt8XVy. ht\u2026", "id": 1059794353894260738, "clean_text": "RT We sure do All we need is an address and picture of the line Reports can also be made at ht", "contain_address": false}, {"created_at": "Tue Nov 06 13:07:09 +0000 2018", "text": "RT @PizzaToThePolls: We sure do! All we need is an address and picture of the line. Reports can also be made at https://t.co/occwLt8XVy. ht\u2026", "id": 1059794316342767616, "clean_text": "RT We sure do All we need is an address and picture of the line Reports can also be made at ht", "contain_address": false}, {"created_at": "Tue Nov 06 13:07:06 +0000 2018", "text": "RT @PizzaToThePolls: We sure do! All we need is an address and picture of the line. Reports can also be made at https://t.co/occwLt8XVy. ht\u2026", "id": 1059794304510709760, "clean_text": "RT We sure do All we need is an address and picture of the line Reports can also be made at ht", "contain_address": false}, {"created_at": "Tue Nov 06 13:07:06 +0000 2018", "text": "RT @PizzaToThePolls: We sure do! All we need is an address and picture of the line. Reports can also be made at https://t.co/occwLt8XVy. ht\u2026", "id": 1059794301708890112, "clean_text": "RT We sure do All we need is an address and picture of the line Reports can also be made at ht", "contain_address": false}, {"created_at": "Tue Nov 06 13:07:02 +0000 2018", "text": "RT @PizzaToThePolls: We sure do! All we need is an address and picture of the line. Reports can also be made at https://t.co/occwLt8XVy. ht\u2026", "id": 1059794287255273472, "clean_text": "RT We sure do All we need is an address and picture of the line Reports can also be made at ht", "contain_address": false}, {"created_at": "Tue Nov 06 13:06:58 +0000 2018", "text": "RT @PizzaToThePolls: We sure do! All we need is an address and picture of the line. Reports can also be made at https://t.co/occwLt8XVy. ht\u2026", "id": 1059794269517606912, "clean_text": "RT We sure do All we need is an address and picture of the line Reports can also be made at ht", "contain_address": false}, {"created_at": "Tue Nov 06 13:06:58 +0000 2018", "text": "RT @teresa_atHome: @ChocoHarveyMilk @TheLoyalO @KidCasteel @AllensOpEd @SnowBiAuthor @joncoopertweets @NWPinPDX @CyrusToulabi @MatthewWolff\u2026", "id": 1059794268557058048, "clean_text": "RT atHome", "contain_address": false}, {"created_at": "Tue Nov 06 13:06:49 +0000 2018", "text": "RT @PizzaToThePolls: @mansi_kat @chescaleigh We will! Send us a picture of the line and an address and we'll get pies to hungry voters. or\u2026", "id": 1059794233593380864, "clean_text": "RT kat We will Send us a picture of the line and an address and we ll get pies to hungry voters or", "contain_address": false}, {"created_at": "Tue Nov 06 13:06:49 +0000 2018", "text": "RT @PizzaToThePolls: We sure do! All we need is an address and picture of the line. Reports can also be made at https://t.co/occwLt8XVy. ht\u2026", "id": 1059794231496228864, "clean_text": "RT We sure do All we need is an address and picture of the line Reports can also be made at ht", "contain_address": false}, {"created_at": "Tue Nov 06 13:06:48 +0000 2018", "text": "@___JesusFreak @PizzaToThePolls This is America...you can have anything you like as long as you vote for the right representation. \ud83d\udc99", "id": 1059794227780087808, "clean_text": "JesusFreak This is America you can have anything you like as long as you vote for the right representation", "contain_address": false}, {"created_at": "Tue Nov 06 13:06:45 +0000 2018", "text": "RT @PizzaToThePolls: We sure do! All we need is an address and picture of the line. Reports can also be made at https://t.co/occwLt8XVy. ht\u2026", "id": 1059794216778264576, "clean_text": "RT We sure do All we need is an address and picture of the line Reports can also be made at ht", "contain_address": false}, {"created_at": "Tue Nov 06 13:06:44 +0000 2018", "text": "RT @mansi_kat: @chescaleigh If you tweet at @PizzaToThePolls they\u2019ll bring pizza to folks waiting in line to vote!", "id": 1059794212344991745, "clean_text": "RT kat If you tweet at they ll bring pizza to folks waiting in line to vote", "contain_address": false}, {"created_at": "Tue Nov 06 13:06:44 +0000 2018", "text": "RT @PizzaToThePolls: Happy voting everyone!! Here\u2019s hoping your voting journey is quick and easy today but if you get stuck in line, we\u2019re\u2026", "id": 1059794209987850245, "clean_text": "RT Happy voting everyone Here s hoping your voting journey is quick and easy today but if you get stuck in line we re", "contain_address": false}, {"created_at": "Tue Nov 06 13:06:43 +0000 2018", "text": "RT @PizzaToThePolls: We sure do! All we need is an address and picture of the line. Reports can also be made at https://t.co/occwLt8XVy. ht\u2026", "id": 1059794204732391424, "clean_text": "RT We sure do All we need is an address and picture of the line Reports can also be made at ht", "contain_address": false}, {"created_at": "Tue Nov 06 13:06:38 +0000 2018", "text": "RT @PizzaToThePolls: We sure do! All we need is an address and picture of the line. Reports can also be made at https://t.co/occwLt8XVy. ht\u2026", "id": 1059794186046726149, "clean_text": "RT We sure do All we need is an address and picture of the line Reports can also be made at ht", "contain_address": false}, {"created_at": "Tue Nov 06 13:06:37 +0000 2018", "text": "RT @PizzaToThePolls: Happy voting everyone!! Here\u2019s hoping your voting journey is quick and easy today but if you get stuck in line, we\u2019re\u2026", "id": 1059794183257493504, "clean_text": "RT Happy voting everyone Here s hoping your voting journey is quick and easy today but if you get stuck in line we re", "contain_address": false}, {"created_at": "Tue Nov 06 13:06:21 +0000 2018", "text": "RT @girlsreallyrule: If you are in a long line today, don't leave...ORDER PIZZA! @PizzaToThePolls will take your order and deliver pizza to\u2026", "id": 1059794112117903361, "clean_text": "RT If you are in a long line today don t leave ORDER PIZZA will take your order and deliver pizza to", "contain_address": false}, {"created_at": "Tue Nov 06 13:06:19 +0000 2018", "text": "@PizzaToThePolls  Ladies and Gentlemen if you get stuck in a line today, get some pizza delivered, an address and p\u2026 https://t.co/CK6KDDuFDL", "id": 1059794107479089155, "clean_text": "Ladies and Gentlemen if you get stuck in a line today get some pizza delivered an address and p", "contain_address": false}, {"created_at": "Tue Nov 06 13:06:15 +0000 2018", "text": "@girlsreallyrule @PizzaToThePolls Can they all be veggie pizzas or plain cheese?\nAsking for some hungry vegetarians.", "id": 1059794087358947328, "clean_text": "Can they all be veggie pizzas or plain cheese Asking for some hungry vegetarians", "contain_address": false}, {"created_at": "Tue Nov 06 13:06:13 +0000 2018", "text": "RT @GMA: Getting out the vote - #ElectionDay angels are getting creative to get others to the polls! @PizzaToThePolls is sending free pizza\u2026", "id": 1059794080572555264, "clean_text": "RT Getting out the vote ElectionDay angels are getting creative to get others to the polls is sending free pizza", "contain_address": false}, {"created_at": "Tue Nov 06 13:06:11 +0000 2018", "text": "RT @PizzaToThePolls: We sure do! All we need is an address and picture of the line. Reports can also be made at https://t.co/occwLt8XVy. ht\u2026", "id": 1059794072108298241, "clean_text": "RT We sure do All we need is an address and picture of the line Reports can also be made at ht", "contain_address": false}, {"created_at": "Tue Nov 06 13:06:02 +0000 2018", "text": "RT @PizzaToThePolls: We sure do! All we need is an address and picture of the line. Reports can also be made at https://t.co/occwLt8XVy. ht\u2026", "id": 1059794035307626497, "clean_text": "RT We sure do All we need is an address and picture of the line Reports can also be made at ht", "contain_address": false}, {"created_at": "Tue Nov 06 13:06:01 +0000 2018", "text": "@Shakestweetz If the line is super long and slow, and people look hungry, snap a pic and send the polling address t\u2026 https://t.co/9vI3dmW44p", "id": 1059794030500954112, "clean_text": "If the line is super long and slow and people look hungry snap a pic and send the polling address t", "contain_address": false}, {"created_at": "Tue Nov 06 13:05:58 +0000 2018", "text": "RT @PizzaToThePolls: We sure do! All we need is an address and picture of the line. Reports can also be made at https://t.co/occwLt8XVy. ht\u2026", "id": 1059794018740068361, "clean_text": "RT We sure do All we need is an address and picture of the line Reports can also be made at ht", "contain_address": false}, {"created_at": "Tue Nov 06 13:05:53 +0000 2018", "text": "RT @PizzaToThePolls: We sure do! All we need is an address and picture of the line. Reports can also be made at https://t.co/occwLt8XVy. ht\u2026", "id": 1059793998808793089, "clean_text": "RT We sure do All we need is an address and picture of the line Reports can also be made at ht", "contain_address": false}, {"created_at": "Tue Nov 06 13:05:45 +0000 2018", "text": "RT @PizzaToThePolls: We sure do! All we need is an address and picture of the line. Reports can also be made at https://t.co/occwLt8XVy. ht\u2026", "id": 1059793962792300544, "clean_text": "RT We sure do All we need is an address and picture of the line Reports can also be made at ht", "contain_address": false}, {"created_at": "Tue Nov 06 13:05:44 +0000 2018", "text": "RT @GMA: Getting out the vote - #ElectionDay angels are getting creative to get others to the polls! @PizzaToThePolls is sending free pizza\u2026", "id": 1059793959604576256, "clean_text": "RT Getting out the vote ElectionDay angels are getting creative to get others to the polls is sending free pizza", "contain_address": false}, {"created_at": "Tue Nov 06 13:05:42 +0000 2018", "text": "RT @GMA: Getting out the vote - #ElectionDay angels are getting creative to get others to the polls! @PizzaToThePolls is sending free pizza\u2026", "id": 1059793951388000258, "clean_text": "RT Getting out the vote ElectionDay angels are getting creative to get others to the polls is sending free pizza", "contain_address": false}, {"created_at": "Tue Nov 06 13:05:41 +0000 2018", "text": "RT @bkehrt513: @Bridget96Rock Also, if you're in a real long line, @PizzaToThePolls will deliver pizza to your polling place on election da\u2026", "id": 1059793947051114496, "clean_text": "RT Also if you re in a real long line will deliver pizza to your polling place on election da", "contain_address": false}, {"created_at": "Tue Nov 06 13:05:34 +0000 2018", "text": "RT @PizzaToThePolls: We sure do! All we need is an address and picture of the line. Reports can also be made at https://t.co/occwLt8XVy. ht\u2026", "id": 1059793917003157505, "clean_text": "RT We sure do All we need is an address and picture of the line Reports can also be made at ht", "contain_address": false}, {"created_at": "Tue Nov 06 13:05:27 +0000 2018", "text": "RT @PizzaToThePolls: We sure do! All we need is an address and picture of the line. Reports can also be made at https://t.co/occwLt8XVy. ht\u2026", "id": 1059793887374594048, "clean_text": "RT We sure do All we need is an address and picture of the line Reports can also be made at ht", "contain_address": false}, {"created_at": "Tue Nov 06 13:05:23 +0000 2018", "text": "@PizzaToThePolls This is awesome! \ud83c\udf55\ud83d\uddf3", "id": 1059793871889162240, "clean_text": "This is awesome", "contain_address": false}, {"created_at": "Tue Nov 06 13:05:18 +0000 2018", "text": "RT @PizzaToThePolls: We sure do! All we need is an address and picture of the line. Reports can also be made at https://t.co/occwLt8XVy. ht\u2026", "id": 1059793848765956096, "clean_text": "RT We sure do All we need is an address and picture of the line Reports can also be made at ht", "contain_address": false}, {"created_at": "Tue Nov 06 13:05:18 +0000 2018", "text": "RT @mansi_kat: @chescaleigh If you tweet at @PizzaToThePolls they\u2019ll bring pizza to folks waiting in line to vote!", "id": 1059793848732389377, "clean_text": "RT kat If you tweet at they ll bring pizza to folks waiting in line to vote", "contain_address": false}, {"created_at": "Tue Nov 06 13:05:17 +0000 2018", "text": "RT @bkehrt513: @Bridget96Rock Also, if you're in a real long line, @PizzaToThePolls will deliver pizza to your polling place on election da\u2026", "id": 1059793847348121600, "clean_text": "RT Also if you re in a real long line will deliver pizza to your polling place on election da", "contain_address": false}, {"created_at": "Tue Nov 06 13:05:14 +0000 2018", "text": "@PizzaToThePolls @SethAbramson That's awesome!", "id": 1059793832655708160, "clean_text": "That s awesome", "contain_address": false}, {"created_at": "Tue Nov 06 13:05:12 +0000 2018", "text": "RT @PizzaToThePolls: We sure do! All we need is an address and picture of the line. Reports can also be made at https://t.co/occwLt8XVy. ht\u2026", "id": 1059793826531958784, "clean_text": "RT We sure do All we need is an address and picture of the line Reports can also be made at ht", "contain_address": false}, {"created_at": "Tue Nov 06 13:05:11 +0000 2018", "text": "RT @girlsreallyrule: If you are in a long line today, don't leave...ORDER PIZZA! @PizzaToThePolls will take your order and deliver pizza to\u2026", "id": 1059793821620494336, "clean_text": "RT If you are in a long line today don t leave ORDER PIZZA will take your order and deliver pizza to", "contain_address": false}, {"created_at": "Tue Nov 06 13:05:08 +0000 2018", "text": "RT @PizzaToThePolls: We sure do! All we need is an address and picture of the line. Reports can also be made at https://t.co/occwLt8XVy. ht\u2026", "id": 1059793806789435392, "clean_text": "RT We sure do All we need is an address and picture of the line Reports can also be made at ht", "contain_address": false}, {"created_at": "Tue Nov 06 13:05:06 +0000 2018", "text": "RT @PizzaToThePolls: We sure do! All we need is an address and picture of the line. Reports can also be made at https://t.co/occwLt8XVy. ht\u2026", "id": 1059793799256264704, "clean_text": "RT We sure do All we need is an address and picture of the line Reports can also be made at ht", "contain_address": false}, {"created_at": "Tue Nov 06 13:05:05 +0000 2018", "text": "RT @GMA: Getting out the vote - #ElectionDay angels are getting creative to get others to the polls! @PizzaToThePolls is sending free pizza\u2026", "id": 1059793794021974016, "clean_text": "RT Getting out the vote ElectionDay angels are getting creative to get others to the polls is sending free pizza", "contain_address": false}, {"created_at": "Tue Nov 06 13:04:58 +0000 2018", "text": "RT @PizzaToThePolls: We sure do! All we need is an address and picture of the line. Reports can also be made at https://t.co/occwLt8XVy. ht\u2026", "id": 1059793764141559808, "clean_text": "RT We sure do All we need is an address and picture of the line Reports can also be made at ht", "contain_address": false}, {"created_at": "Tue Nov 06 13:04:56 +0000 2018", "text": "RT @PizzaToThePolls: We sure do! All we need is an address and picture of the line. Reports can also be made at https://t.co/occwLt8XVy. ht\u2026", "id": 1059793759012114432, "clean_text": "RT We sure do All we need is an address and picture of the line Reports can also be made at ht", "contain_address": false}, {"created_at": "Tue Nov 06 13:04:54 +0000 2018", "text": "RT @PizzaToThePolls: We sure do! All we need is an address and picture of the line. Reports can also be made at https://t.co/occwLt8XVy. ht\u2026", "id": 1059793747725205504, "clean_text": "RT We sure do All we need is an address and picture of the line Reports can also be made at ht", "contain_address": false}, {"created_at": "Tue Nov 06 13:04:52 +0000 2018", "text": "RT @PizzaToThePolls: We sure do! All we need is an address and picture of the line. Reports can also be made at https://t.co/occwLt8XVy. ht\u2026", "id": 1059793740896845826, "clean_text": "RT We sure do All we need is an address and picture of the line Reports can also be made at ht", "contain_address": false}, {"created_at": "Tue Nov 06 13:04:46 +0000 2018", "text": "RT @PizzaToThePolls: We sure do! All we need is an address and picture of the line. Reports can also be made at https://t.co/occwLt8XVy. ht\u2026", "id": 1059793717274595330, "clean_text": "RT We sure do All we need is an address and picture of the line Reports can also be made at ht", "contain_address": false}, {"created_at": "Tue Nov 06 13:04:46 +0000 2018", "text": "RT @PizzaToThePolls: We sure do! All we need is an address and picture of the line. Reports can also be made at https://t.co/occwLt8XVy. ht\u2026", "id": 1059793715395473408, "clean_text": "RT We sure do All we need is an address and picture of the line Reports can also be made at ht", "contain_address": false}, {"created_at": "Tue Nov 06 13:04:45 +0000 2018", "text": "RT @PizzaToThePolls: We sure do! All we need is an address and picture of the line. Reports can also be made at https://t.co/occwLt8XVy. ht\u2026", "id": 1059793712652402695, "clean_text": "RT We sure do All we need is an address and picture of the line Reports can also be made at ht", "contain_address": false}, {"created_at": "Tue Nov 06 13:04:43 +0000 2018", "text": "RT @GMA: Getting out the vote - #ElectionDay angels are getting creative to get others to the polls! @PizzaToThePolls is sending free pizza\u2026", "id": 1059793702825218048, "clean_text": "RT Getting out the vote ElectionDay angels are getting creative to get others to the polls is sending free pizza", "contain_address": false}, {"created_at": "Tue Nov 06 13:04:42 +0000 2018", "text": "RT @PizzaToThePolls: We sure do! All we need is an address and picture of the line. Reports can also be made at https://t.co/occwLt8XVy. ht\u2026", "id": 1059793699834683392, "clean_text": "RT We sure do All we need is an address and picture of the line Reports can also be made at ht", "contain_address": false}, {"created_at": "Tue Nov 06 13:04:32 +0000 2018", "text": "RT @PizzaToThePolls: We sure do! All we need is an address and picture of the line. Reports can also be made at https://t.co/occwLt8XVy. ht\u2026", "id": 1059793658835320832, "clean_text": "RT We sure do All we need is an address and picture of the line Reports can also be made at ht", "contain_address": false}, {"created_at": "Tue Nov 06 13:04:22 +0000 2018", "text": "RT @PizzaToThePolls: We sure do! All we need is an address and picture of the line. Reports can also be made at https://t.co/occwLt8XVy. ht\u2026", "id": 1059793617118728192, "clean_text": "RT We sure do All we need is an address and picture of the line Reports can also be made at ht", "contain_address": false}, {"created_at": "Tue Nov 06 13:04:16 +0000 2018", "text": "RT @PizzaToThePolls: We sure do! All we need is an address and picture of the line. Reports can also be made at https://t.co/occwLt8XVy. ht\u2026", "id": 1059793589843255298, "clean_text": "RT We sure do All we need is an address and picture of the line Reports can also be made at ht", "contain_address": false}, {"created_at": "Tue Nov 06 13:04:13 +0000 2018", "text": "RT @PizzaToThePolls: We sure do! All we need is an address and picture of the line. Reports can also be made at https://t.co/occwLt8XVy. ht\u2026", "id": 1059793578556239872, "clean_text": "RT We sure do All we need is an address and picture of the line Reports can also be made at ht", "contain_address": false}, {"created_at": "Tue Nov 06 13:04:11 +0000 2018", "text": "RT @CarolineAFish: Helpful information via @tinaLillet for voting in New York City TODAY. Most importantly, @PizzaToThePolls \ud83d\ude09\ud83c\udf55\ud83c\udf55#GetOutTheV\u2026", "id": 1059793570809417728, "clean_text": "RT Helpful information via for voting in New York City TODAY Most importantly GetOutTheV", "contain_address": false}, {"created_at": "Tue Nov 06 13:04:10 +0000 2018", "text": "RT @PizzaToThePolls: We sure do! All we need is an address and picture of the line. Reports can also be made at https://t.co/occwLt8XVy. ht\u2026", "id": 1059793565532991488, "clean_text": "RT We sure do All we need is an address and picture of the line Reports can also be made at ht", "contain_address": false}, {"created_at": "Tue Nov 06 13:04:10 +0000 2018", "text": "RT @PizzaToThePolls: We sure do! All we need is an address and picture of the line. Reports can also be made at https://t.co/occwLt8XVy. ht\u2026", "id": 1059793565272834054, "clean_text": "RT We sure do All we need is an address and picture of the line Reports can also be made at ht", "contain_address": false}, {"created_at": "Tue Nov 06 13:04:09 +0000 2018", "text": "RT @girlsreallyrule: If you are in a long line today, don't leave...ORDER PIZZA! @PizzaToThePolls will take your order and deliver pizza to\u2026", "id": 1059793560919293953, "clean_text": "RT If you are in a long line today don t leave ORDER PIZZA will take your order and deliver pizza to", "contain_address": false}, {"created_at": "Tue Nov 06 13:04:07 +0000 2018", "text": "RT @PizzaToThePolls: We sure do! All we need is an address and picture of the line. Reports can also be made at https://t.co/occwLt8XVy. ht\u2026", "id": 1059793554061623297, "clean_text": "RT We sure do All we need is an address and picture of the line Reports can also be made at ht", "contain_address": false}, {"created_at": "Tue Nov 06 13:04:07 +0000 2018", "text": "RT @girlsreallyrule: If you are in a long line today, don't leave...ORDER PIZZA! @PizzaToThePolls will take your order and deliver pizza to\u2026", "id": 1059793552832630784, "clean_text": "RT If you are in a long line today don t leave ORDER PIZZA will take your order and deliver pizza to", "contain_address": false}, {"created_at": "Tue Nov 06 13:04:07 +0000 2018", "text": "@PizzaToThePolls @SethAbramson https://t.co/2oC1ll6XHu", "id": 1059793551561818112, "clean_text": "", "contain_address": false}, {"created_at": "Tue Nov 06 13:04:07 +0000 2018", "text": "RT @PizzaToThePolls: We sure do! All we need is an address and picture of the line. Reports can also be made at https://t.co/occwLt8XVy. ht\u2026", "id": 1059793550563512320, "clean_text": "RT We sure do All we need is an address and picture of the line Reports can also be made at ht", "contain_address": false}, {"created_at": "Tue Nov 06 13:03:57 +0000 2018", "text": "RT @PizzaToThePolls: We sure do! All we need is an address and picture of the line. Reports can also be made at https://t.co/occwLt8XVy. ht\u2026", "id": 1059793509249703936, "clean_text": "RT We sure do All we need is an address and picture of the line Reports can also be made at ht", "contain_address": false}, {"created_at": "Tue Nov 06 13:03:56 +0000 2018", "text": "RT @PizzaToThePolls: We sure do! All we need is an address and picture of the line. Reports can also be made at https://t.co/occwLt8XVy. ht\u2026", "id": 1059793507815227392, "clean_text": "RT We sure do All we need is an address and picture of the line Reports can also be made at ht", "contain_address": false}, {"created_at": "Tue Nov 06 13:03:56 +0000 2018", "text": "RT @PizzaToThePolls: We sure do! All we need is an address and picture of the line. Reports can also be made at https://t.co/occwLt8XVy. ht\u2026", "id": 1059793503998353409, "clean_text": "RT We sure do All we need is an address and picture of the line Reports can also be made at ht", "contain_address": false}, {"created_at": "Tue Nov 06 13:03:42 +0000 2018", "text": "RT @PizzaToThePolls: We sure do! All we need is an address and picture of the line. Reports can also be made at https://t.co/occwLt8XVy. ht\u2026", "id": 1059793448851697664, "clean_text": "RT We sure do All we need is an address and picture of the line Reports can also be made at ht", "contain_address": false}, {"created_at": "Tue Nov 06 13:03:40 +0000 2018", "text": "RT @PizzaToThePolls: Happy voting everyone!! Here\u2019s hoping your voting journey is quick and easy today but if you get stuck in line, we\u2019re\u2026", "id": 1059793440458883073, "clean_text": "RT Happy voting everyone Here s hoping your voting journey is quick and easy today but if you get stuck in line we re", "contain_address": false}, {"created_at": "Tue Nov 06 13:03:39 +0000 2018", "text": "RT @girlsreallyrule: If you are in a long line today, don't leave...ORDER PIZZA! @PizzaToThePolls will take your order and deliver pizza to\u2026", "id": 1059793435601776641, "clean_text": "RT If you are in a long line today don t leave ORDER PIZZA will take your order and deliver pizza to", "contain_address": false}, {"created_at": "Tue Nov 06 13:03:15 +0000 2018", "text": "RT @girlsreallyrule: If you are in a long line today, don't leave...ORDER PIZZA! @PizzaToThePolls will take your order and deliver pizza to\u2026", "id": 1059793333885788161, "clean_text": "RT If you are in a long line today don t leave ORDER PIZZA will take your order and deliver pizza to", "contain_address": false}, {"created_at": "Tue Nov 06 13:03:15 +0000 2018", "text": "I just donated to @pizzatothepolls! You can give today at https://t.co/gx99P6hDXn", "id": 1059793333290184704, "clean_text": "I just donated to You can give today at", "contain_address": false}, {"created_at": "Tue Nov 06 13:03:12 +0000 2018", "text": "RT @PizzaToThePolls: @mansi_kat @chescaleigh We will! Send us a picture of the line and an address and we'll get pies to hungry voters. or\u2026", "id": 1059793321097420800, "clean_text": "RT kat We will Send us a picture of the line and an address and we ll get pies to hungry voters or", "contain_address": false}, {"created_at": "Tue Nov 06 13:02:59 +0000 2018", "text": "RT @PizzaToThePolls: Help bring smiles to the faces of everyone hangning out at over-crowded polling places with a donation today \u27a1\ufe0f https:\u2026", "id": 1059793268991500288, "clean_text": "RT Help bring smiles to the faces of everyone hangning out at over crowded polling places with a donation today https", "contain_address": false}, {"created_at": "Tue Nov 06 13:02:59 +0000 2018", "text": "RT @girlsreallyrule: If you are in a long line today, don't leave...ORDER PIZZA! @PizzaToThePolls will take your order and deliver pizza to\u2026", "id": 1059793265241833473, "clean_text": "RT If you are in a long line today don t leave ORDER PIZZA will take your order and deliver pizza to", "contain_address": false}, {"created_at": "Tue Nov 06 13:02:50 +0000 2018", "text": "RT @girlsreallyrule: If you are in a long line today, don't leave...ORDER PIZZA! @PizzaToThePolls will take your order and deliver pizza to\u2026", "id": 1059793229825089541, "clean_text": "RT If you are in a long line today don t leave ORDER PIZZA will take your order and deliver pizza to", "contain_address": false}, {"created_at": "Tue Nov 06 13:02:49 +0000 2018", "text": "RT @PizzaToThePolls: Happy voting everyone!! Here\u2019s hoping your voting journey is quick and easy today but if you get stuck in line, we\u2019re\u2026", "id": 1059793223399424000, "clean_text": "RT Happy voting everyone Here s hoping your voting journey is quick and easy today but if you get stuck in line we re", "contain_address": false}, {"created_at": "Tue Nov 06 13:02:46 +0000 2018", "text": "RT @girlsreallyrule: If you are in a long line today, don't leave...ORDER PIZZA! @PizzaToThePolls will take your order and deliver pizza to\u2026", "id": 1059793211651178496, "clean_text": "RT If you are in a long line today don t leave ORDER PIZZA will take your order and deliver pizza to", "contain_address": false}, {"created_at": "Tue Nov 06 13:02:28 +0000 2018", "text": "RT @teresa_atHome: @ChocoHarveyMilk @TheLoyalO @KidCasteel @AllensOpEd @SnowBiAuthor @joncoopertweets @NWPinPDX @CyrusToulabi @MatthewWolff\u2026", "id": 1059793136644288512, "clean_text": "RT atHome", "contain_address": false}, {"created_at": "Tue Nov 06 13:02:22 +0000 2018", "text": "RT @girlsreallyrule: If you are in a long line today, don't leave...ORDER PIZZA! @PizzaToThePolls will take your order and deliver pizza to\u2026", "id": 1059793109880631296, "clean_text": "RT If you are in a long line today don t leave ORDER PIZZA will take your order and deliver pizza to", "contain_address": false}, {"created_at": "Tue Nov 06 13:02:20 +0000 2018", "text": "RT @GMA: Getting out the vote - #ElectionDay angels are getting creative to get others to the polls! @PizzaToThePolls is sending free pizza\u2026", "id": 1059793102259609601, "clean_text": "RT Getting out the vote ElectionDay angels are getting creative to get others to the polls is sending free pizza", "contain_address": false}, {"created_at": "Tue Nov 06 13:02:10 +0000 2018", "text": "RT @GMA: Getting out the vote - #ElectionDay angels are getting creative to get others to the polls! @PizzaToThePolls is sending free pizza\u2026", "id": 1059793062149414914, "clean_text": "RT Getting out the vote ElectionDay angels are getting creative to get others to the polls is sending free pizza", "contain_address": false}, {"created_at": "Tue Nov 06 13:02:02 +0000 2018", "text": "RT @girlsreallyrule: If you are in a long line today, don't leave...ORDER PIZZA! @PizzaToThePolls will take your order and deliver pizza to\u2026", "id": 1059793027152142338, "clean_text": "RT If you are in a long line today don t leave ORDER PIZZA will take your order and deliver pizza to", "contain_address": false}, {"created_at": "Tue Nov 06 13:01:57 +0000 2018", "text": "RT @melgillman: Tonight in Extremely Cute Election Day Activism: this organization @PizzaToThePolls sends free pizza to polling places in t\u2026", "id": 1059793008114196481, "clean_text": "RT Tonight in Extremely Cute Election Day Activism this organization sends free pizza to polling places in t", "contain_address": false}, {"created_at": "Tue Nov 06 13:01:43 +0000 2018", "text": "RT @girlsreallyrule: If you are in a long line today, don't leave...ORDER PIZZA! @PizzaToThePolls will take your order and deliver pizza to\u2026", "id": 1059792947095363585, "clean_text": "RT If you are in a long line today don t leave ORDER PIZZA will take your order and deliver pizza to", "contain_address": false}, {"created_at": "Tue Nov 06 13:01:41 +0000 2018", "text": "RT @girlsreallyrule: If you are in a long line today, don't leave...ORDER PIZZA! @PizzaToThePolls will take your order and deliver pizza to\u2026", "id": 1059792940749471744, "clean_text": "RT If you are in a long line today don t leave ORDER PIZZA will take your order and deliver pizza to", "contain_address": false}, {"created_at": "Tue Nov 06 13:01:35 +0000 2018", "text": "RT @teresa_atHome: @ChocoHarveyMilk @TheLoyalO @KidCasteel @AllensOpEd @SnowBiAuthor @joncoopertweets @NWPinPDX @CyrusToulabi @MatthewWolff\u2026", "id": 1059792915608682501, "clean_text": "RT atHome", "contain_address": false}, {"created_at": "Tue Nov 06 13:01:31 +0000 2018", "text": "RT @girlsreallyrule: If you are in a long line today, don't leave...ORDER PIZZA! @PizzaToThePolls will take your order and deliver pizza to\u2026", "id": 1059792898122756096, "clean_text": "RT If you are in a long line today don t leave ORDER PIZZA will take your order and deliver pizza to", "contain_address": false}, {"created_at": "Tue Nov 06 13:01:30 +0000 2018", "text": "RT @PizzaToThePolls: Happy voting everyone!! Here\u2019s hoping your voting journey is quick and easy today but if you get stuck in line, we\u2019re\u2026", "id": 1059792892242333697, "clean_text": "RT Happy voting everyone Here s hoping your voting journey is quick and easy today but if you get stuck in line we re", "contain_address": false}, {"created_at": "Tue Nov 06 13:01:29 +0000 2018", "text": "RT @girlsreallyrule: If you are in a long line today, don't leave...ORDER PIZZA! @PizzaToThePolls will take your order and deliver pizza to\u2026", "id": 1059792889830461440, "clean_text": "RT If you are in a long line today don t leave ORDER PIZZA will take your order and deliver pizza to", "contain_address": false}, {"created_at": "Tue Nov 06 13:01:26 +0000 2018", "text": "RT @girlsreallyrule: If you are in a long line today, don't leave...ORDER PIZZA! @PizzaToThePolls will take your order and deliver pizza to\u2026", "id": 1059792876152877059, "clean_text": "RT If you are in a long line today don t leave ORDER PIZZA will take your order and deliver pizza to", "contain_address": false}, {"created_at": "Tue Nov 06 13:01:24 +0000 2018", "text": "RT @mansi_kat: @chescaleigh If you tweet at @PizzaToThePolls they\u2019ll bring pizza to folks waiting in line to vote!", "id": 1059792869970640897, "clean_text": "RT kat If you tweet at they ll bring pizza to folks waiting in line to vote", "contain_address": false}, {"created_at": "Tue Nov 06 13:01:17 +0000 2018", "text": "RT @rob_lorenz: @lefttheprairie @prisonculture Not quite the same thing, but @PizzaToThePolls takes $$$ donations and sends pizza to voting\u2026", "id": 1059792840614498304, "clean_text": "RT lorenz Not quite the same thing but takes donations and sends pizza to voting", "contain_address": false}, {"created_at": "Tue Nov 06 13:01:01 +0000 2018", "text": "RT @PizzaToThePolls: @mansi_kat @chescaleigh We will! Send us a picture of the line and an address and we'll get pies to hungry voters. or\u2026", "id": 1059792772952178688, "clean_text": "RT kat We will Send us a picture of the line and an address and we ll get pies to hungry voters or", "contain_address": false}, {"created_at": "Tue Nov 06 13:00:58 +0000 2018", "text": "RT @mansi_kat: @chescaleigh If you tweet at @PizzaToThePolls they\u2019ll bring pizza to folks waiting in line to vote!", "id": 1059792759706578945, "clean_text": "RT kat If you tweet at they ll bring pizza to folks waiting in line to vote", "contain_address": false}, {"created_at": "Tue Nov 06 13:00:51 +0000 2018", "text": "@PizzaToThePolls aye how about Indiana", "id": 1059792729847271424, "clean_text": "aye how about Indiana", "contain_address": false}, {"created_at": "Tue Nov 06 13:00:49 +0000 2018", "text": "RT @girlsreallyrule: If you are in a long line today, don't leave...ORDER PIZZA! @PizzaToThePolls will take your order and deliver pizza to\u2026", "id": 1059792720082931713, "clean_text": "RT If you are in a long line today don t leave ORDER PIZZA will take your order and deliver pizza to", "contain_address": false}, {"created_at": "Tue Nov 06 13:00:48 +0000 2018", "text": "RT @girlsreallyrule: If you are in a long line today, don't leave...ORDER PIZZA! @PizzaToThePolls will take your order and deliver pizza to\u2026", "id": 1059792719088963589, "clean_text": "RT If you are in a long line today don t leave ORDER PIZZA will take your order and deliver pizza to", "contain_address": false}, {"created_at": "Tue Nov 06 13:00:39 +0000 2018", "text": "RT @PizzaToThePolls: Happy voting everyone!! Here\u2019s hoping your voting journey is quick and easy today but if you get stuck in line, we\u2019re\u2026", "id": 1059792681726066693, "clean_text": "RT Happy voting everyone Here s hoping your voting journey is quick and easy today but if you get stuck in line we re", "contain_address": false}, {"created_at": "Tue Nov 06 13:00:35 +0000 2018", "text": "RT @PizzaToThePolls: Happy voting everyone!! Here\u2019s hoping your voting journey is quick and easy today but if you get stuck in line, we\u2019re\u2026", "id": 1059792664298692609, "clean_text": "RT Happy voting everyone Here s hoping your voting journey is quick and easy today but if you get stuck in line we re", "contain_address": false}, {"created_at": "Tue Nov 06 13:00:28 +0000 2018", "text": "RT @girlsreallyrule: If you are in a long line today, don't leave...ORDER PIZZA! @PizzaToThePolls will take your order and deliver pizza to\u2026", "id": 1059792634573737984, "clean_text": "RT If you are in a long line today don t leave ORDER PIZZA will take your order and deliver pizza to", "contain_address": false}, {"created_at": "Tue Nov 06 13:00:12 +0000 2018", "text": "RT @girlsreallyrule: If you are in a long line today, don't leave...ORDER PIZZA! @PizzaToThePolls will take your order and deliver pizza to\u2026", "id": 1059792566076370945, "clean_text": "RT If you are in a long line today don t leave ORDER PIZZA will take your order and deliver pizza to", "contain_address": false}, {"created_at": "Tue Nov 06 13:00:07 +0000 2018", "text": "RT @girlsreallyrule: If you are in a long line today, don't leave...ORDER PIZZA! @PizzaToThePolls will take your order and deliver pizza to\u2026", "id": 1059792546526912512, "clean_text": "RT If you are in a long line today don t leave ORDER PIZZA will take your order and deliver pizza to", "contain_address": false}, {"created_at": "Tue Nov 06 13:00:07 +0000 2018", "text": "RT @GMA: Getting out the vote - #ElectionDay angels are getting creative to get others to the polls! @PizzaToThePolls is sending free pizza\u2026", "id": 1059792546459729920, "clean_text": "RT Getting out the vote ElectionDay angels are getting creative to get others to the polls is sending free pizza", "contain_address": false}, {"created_at": "Tue Nov 06 13:00:05 +0000 2018", "text": "RT @AndiL727: @LateTweeter @ChelseaClinton Try @PizzaToThePolls", "id": 1059792537232257026, "clean_text": "RT Try", "contain_address": false}]