[{"created_at": "Tue Nov 06 19:06:51 +0000 2018", "text": "RT @PizzaToThePolls: @DJBuckhalter @kira_lerner On it!! Pizza coming your way soon! https://t.co/yQlOZd2s8d", "id": 1059884837144801281, "clean_text": "RT lerner On it Pizza coming your way soon", "contain_address": false}, {"created_at": "Tue Nov 06 19:06:50 +0000 2018", "text": "RT @dawgmommi_bird: If you tweet @PizzaToThePolls they\u2019ll bring pizza to people waiting in line to vote! #electionday #ElectionDay2018 #Vot\u2026", "id": 1059884834733076481, "clean_text": "RT bird If you tweet they ll bring pizza to people waiting in line to vote electionday ElectionDay2018 Vot", "contain_address": false}, {"created_at": "Tue Nov 06 19:06:49 +0000 2018", "text": "@MelissaCBS6 @DaveBratVA7th @SpanbergerVA07 @CBS6 @PizzaToThePolls", "id": 1059884826864615424, "clean_text": "", "contain_address": false}, {"created_at": "Tue Nov 06 19:06:48 +0000 2018", "text": "RT @hodgman: This is on purpose. If you're on the ground in ATL, please help your fellow citizens to hang in there. Offer rides/rides back.\u2026", "id": 1059884824276520960, "clean_text": "RT This is on purpose If you re on the ground in ATL please help your fellow citizens to hang in there Offer rides rides back", "contain_address": false}, {"created_at": "Tue Nov 06 19:06:47 +0000 2018", "text": "@funder Can we get @PizzaToThePolls out to these wonderful folks?", "id": 1059884821931974656, "clean_text": "Can we get out to these wonderful folks", "contain_address": false}, {"created_at": "Tue Nov 06 19:06:45 +0000 2018", "text": "RT @hodgman: This is on purpose. If you're on the ground in ATL, please help your fellow citizens to hang in there. Offer rides/rides back.\u2026", "id": 1059884813820354560, "clean_text": "RT This is on purpose If you re on the ground in ATL please help your fellow citizens to hang in there Offer rides rides back", "contain_address": false}, {"created_at": "Tue Nov 06 19:06:43 +0000 2018", "text": "RT @leahmcelrath: DONATE\nto send pizza to polling stations where there are long lines:\n\nhttps://t.co/bye4Ldoigk\n\nYou can also REQUEST pizza\u2026", "id": 1059884801661042689, "clean_text": "RT DONATE to send pizza to polling stations where there are long lines You can also REQUEST pizza", "contain_address": false}, {"created_at": "Tue Nov 06 19:06:38 +0000 2018", "text": "RT @hodgman: This is on purpose. If you're on the ground in ATL, please help your fellow citizens to hang in there. Offer rides/rides back.\u2026", "id": 1059884783461908481, "clean_text": "RT This is on purpose If you re on the ground in ATL please help your fellow citizens to hang in there Offer rides rides back", "contain_address": false}, {"created_at": "Tue Nov 06 19:06:36 +0000 2018", "text": "RT @hodgman: This is on purpose. If you're on the ground in ATL, please help your fellow citizens to hang in there. Offer rides/rides back.\u2026", "id": 1059884775287205888, "clean_text": "RT This is on purpose If you re on the ground in ATL please help your fellow citizens to hang in there Offer rides rides back", "contain_address": false}, {"created_at": "Tue Nov 06 19:06:36 +0000 2018", "text": "RT @zorandra: @AshleeEats Fyi, @PizzaToThePolls will send free pizza out to polling places with long lines. Check out their Twitter for det\u2026", "id": 1059884773232074752, "clean_text": "RT Fyi will send free pizza out to polling places with long lines Check out their Twitter for det", "contain_address": false}, {"created_at": "Tue Nov 06 19:06:31 +0000 2018", "text": "I just bought a pizza for voters in stuck in line @pizzatothepolls! Awesome.  https://t.co/zj38jUTN2L", "id": 1059884752226934784, "clean_text": "I just bought a pizza for voters in stuck in line Awesome", "contain_address": false}, {"created_at": "Tue Nov 06 19:06:28 +0000 2018", "text": "Really are #noexcuses @theskimm - the nonprofit @PizzatothePolls will send free pizza to people stuck on long lines\u2026 https://t.co/KTXtH6IrJi", "id": 1059884740134735872, "clean_text": "Really are noexcuses the nonprofit will send free pizza to people stuck on long lines", "contain_address": false}, {"created_at": "Tue Nov 06 19:06:25 +0000 2018", "text": "RT @kazweida: Stay the course, Georgia and refuse to be silenced.\n\nWe\u2019ll send legal help and @PizzaToThePolls \n\n#WaveCast #WaveCastGA https\u2026", "id": 1059884729669967873, "clean_text": "RT Stay the course Georgia and refuse to be silenced We ll send legal help and WaveCast WaveCastGA https", "contain_address": false}, {"created_at": "Tue Nov 06 19:06:25 +0000 2018", "text": "RT @PizzaToThePolls: \ud83d\udea8\ud83c\udf55  17 pizzas - headed there now  \ud83c\udf55 \ud83d\udea8", "id": 1059884727652507648, "clean_text": "RT 17 pizzas headed there now", "contain_address": false}, {"created_at": "Tue Nov 06 19:06:23 +0000 2018", "text": "RT @hodgman: This is on purpose. If you're on the ground in ATL, please help your fellow citizens to hang in there. Offer rides/rides back.\u2026", "id": 1059884720169930753, "clean_text": "RT This is on purpose If you re on the ground in ATL please help your fellow citizens to hang in there Offer rides rides back", "contain_address": false}, {"created_at": "Tue Nov 06 19:06:22 +0000 2018", "text": "RT @hodgman: This is on purpose. If you're on the ground in ATL, please help your fellow citizens to hang in there. Offer rides/rides back.\u2026", "id": 1059884716868952064, "clean_text": "RT This is on purpose If you re on the ground in ATL please help your fellow citizens to hang in there Offer rides rides back", "contain_address": false}, {"created_at": "Tue Nov 06 19:06:22 +0000 2018", "text": "RT @leahmcelrath: DONATE\nto send pizza to polling stations where there are long lines:\n\nhttps://t.co/bye4Ldoigk\n\nYou can also REQUEST pizza\u2026", "id": 1059884714654343170, "clean_text": "RT DONATE to send pizza to polling stations where there are long lines You can also REQUEST pizza", "contain_address": false}, {"created_at": "Tue Nov 06 19:06:21 +0000 2018", "text": "@PizzaToThePolls Emergency pizzas needed https://t.co/6vxBROsTqC", "id": 1059884711898763265, "clean_text": "Emergency pizzas needed", "contain_address": false}, {"created_at": "Tue Nov 06 19:06:20 +0000 2018", "text": "I just donated to @pizzatothepolls! You can give today at https://t.co/I7xRYWZWrI #StayInLineToVote #VoteThemOut2018 #IVoted", "id": 1059884706538221568, "clean_text": "I just donated to You can give today at StayInLineToVote VoteThemOut2018 IVoted", "contain_address": false}, {"created_at": "Tue Nov 06 19:06:18 +0000 2018", "text": "RT @melissacwalker: If you see reports of long lines, quote-tweet to @pizzatothepolls and they will get pizza there promptly.", "id": 1059884697898037248, "clean_text": "RT If you see reports of long lines quote tweet to and they will get pizza there promptly", "contain_address": false}, {"created_at": "Tue Nov 06 19:06:18 +0000 2018", "text": "RT @PizzaToThePolls: Help bring smiles to the faces of everyone hangning out at over-crowded polling places with a donation today \u27a1\ufe0f https:\u2026", "id": 1059884696652431360, "clean_text": "RT Help bring smiles to the faces of everyone hangning out at over crowded polling places with a donation today https", "contain_address": false}, {"created_at": "Tue Nov 06 19:06:17 +0000 2018", "text": "RT @PizzaToThePolls: Word on the street is there's a line at 315 Ralph McGill Blvd NE, Atlanta, GA 30312, USA \n\nvia https://t.co/ic5LgkYSxK", "id": 1059884693682761728, "clean_text": "RT Word on the street is there s a line at 315 Ralph McGill Blvd NE Atlanta GA 30312 USA via", "contain_address": false}, {"created_at": "Tue Nov 06 19:06:16 +0000 2018", "text": "Shoutout to @PizzaToThePolls. \ud83c\udf55 \ud83d\uddf3", "id": 1059884690981576704, "clean_text": "Shoutout to", "contain_address": false}, {"created_at": "Tue Nov 06 19:06:14 +0000 2018", "text": "RT @redfilaments: @PizzaToThePolls \u2014 Voters at PS 22 in Crown Heights have been dealing with long lines in the rain; no working scanners; a\u2026", "id": 1059884682073067520, "clean_text": "RT Voters at PS 22 in Crown Heights have been dealing with long lines in the rain no working scanners a", "contain_address": true}, {"created_at": "Tue Nov 06 19:06:09 +0000 2018", "text": "Just saw that @PizzaToThePolls is bringing sustinence to those who are waiting in long lines to vote. #electionday", "id": 1059884662116507648, "clean_text": "Just saw that is bringing sustinence to those who are waiting in long lines to vote electionday", "contain_address": false}, {"created_at": "Tue Nov 06 19:06:09 +0000 2018", "text": "RT @Alyssa_Milano: Do you all know about @PizzaToThePolls? \n\nYou can donate to the fund at https://t.co/3bdV8hIS0a! \n\nAnd if you see hungry\u2026", "id": 1059884660648366080, "clean_text": "RT Milano Do you all know about You can donate to the fund at And if you see hungry", "contain_address": false}, {"created_at": "Tue Nov 06 19:06:09 +0000 2018", "text": "RT @PizzaToThePolls: \ud83d\udc51\n\ud83c\udf55  \ud83c\udf55\n\ud83d\udc41  \ud83d\udc41\ud83d\udc42\n   \ud83d\udc43  \n   \ud83d\udc44 - Oh? They need pizza at Anderson Livsey Ln, Snellville, GA 30039, USA\n   \nvia https://t.co/r\u2026", "id": 1059884659381686272, "clean_text": "RT Oh They need pizza at Anderson Livsey Ln Snellville GA 30039 USA via", "contain_address": false}, {"created_at": "Tue Nov 06 19:06:08 +0000 2018", "text": "RT @hodgman: This is on purpose. If you're on the ground in ATL, please help your fellow citizens to hang in there. Offer rides/rides back.\u2026", "id": 1059884657859149825, "clean_text": "RT This is on purpose If you re on the ground in ATL please help your fellow citizens to hang in there Offer rides rides back", "contain_address": false}, {"created_at": "Tue Nov 06 19:06:08 +0000 2018", "text": "Reports of extremely long lines and unstaffed polling places are all over my feeds today. Sending @PizzaToThePolls\u2026 https://t.co/0Lq5ar6pCe", "id": 1059884655531438082, "clean_text": "Reports of extremely long lines and unstaffed polling places are all over my feeds today Sending", "contain_address": false}, {"created_at": "Tue Nov 06 19:06:07 +0000 2018", "text": "RT @PizzaToThePolls: Help bring smiles to the faces of everyone hangning out at over-crowded polling places with a donation today \u27a1\ufe0f https:\u2026", "id": 1059884652557688833, "clean_text": "RT Help bring smiles to the faces of everyone hangning out at over crowded polling places with a donation today https", "contain_address": false}, {"created_at": "Tue Nov 06 19:06:07 +0000 2018", "text": "RT @kazweida: Stay the course, Georgia and refuse to be silenced.\n\nWe\u2019ll send legal help and @PizzaToThePolls \n\n#WaveCast #WaveCastGA https\u2026", "id": 1059884651634929665, "clean_text": "RT Stay the course Georgia and refuse to be silenced We ll send legal help and WaveCast WaveCastGA https", "contain_address": false}, {"created_at": "Tue Nov 06 19:06:07 +0000 2018", "text": "Hi, Twitter dot com! Folks across the country trying to vote today are facing record lines. Already voted and want\u2026 https://t.co/qkYgl11hmw", "id": 1059884650426982400, "clean_text": "Hi Twitter dot com Folks across the country trying to vote today are facing record lines Already voted and want", "contain_address": false}, {"created_at": "Tue Nov 06 19:06:06 +0000 2018", "text": "@PizzaToThePolls Is there anyone getting them water?", "id": 1059884649432973314, "clean_text": "Is there anyone getting them water", "contain_address": false}, {"created_at": "Tue Nov 06 19:06:05 +0000 2018", "text": "I just donated to @pizzatothepolls! You can give today at https://t.co/ubuxgg5PG7", "id": 1059884645125369856, "clean_text": "I just donated to You can give today at", "contain_address": false}, {"created_at": "Tue Nov 06 19:06:03 +0000 2018", "text": "@PizzaToThePolls @DebraRiverabk @bnixon23 @Coalminetweety @croifaileas @tomreganWSB @wsbtv thank YOU!!!!", "id": 1059884636728365056, "clean_text": "thank YOU", "contain_address": false}, {"created_at": "Tue Nov 06 19:06:02 +0000 2018", "text": "RT @PizzaToThePolls: Hi, Pizza to the Polls is sending free pizza to voters waiting in line in Charleston, SC. We hope you will cover it! B\u2026", "id": 1059884630042730496, "clean_text": "RT Hi Pizza to the Polls is sending free pizza to voters waiting in line in Charleston SC We hope you will cover it B", "contain_address": false}, {"created_at": "Tue Nov 06 19:06:01 +0000 2018", "text": "RT @kazweida: Stay the course, Georgia and refuse to be silenced.\n\nWe\u2019ll send legal help and @PizzaToThePolls \n\n#WaveCast #WaveCastGA https\u2026", "id": 1059884627031142401, "clean_text": "RT Stay the course Georgia and refuse to be silenced We ll send legal help and WaveCast WaveCastGA https", "contain_address": false}, {"created_at": "Tue Nov 06 19:06:01 +0000 2018", "text": "RT @hodgman: This is on purpose. If you're on the ground in ATL, please help your fellow citizens to hang in there. Offer rides/rides back.\u2026", "id": 1059884626909499394, "clean_text": "RT This is on purpose If you re on the ground in ATL please help your fellow citizens to hang in there Offer rides rides back", "contain_address": false}, {"created_at": "Tue Nov 06 19:05:59 +0000 2018", "text": "RT @melissacwalker: If you see reports of long lines, quote-tweet to @pizzatothepolls and they will get pizza there promptly.", "id": 1059884616822091776, "clean_text": "RT If you see reports of long lines quote tweet to and they will get pizza there promptly", "contain_address": false}, {"created_at": "Tue Nov 06 19:05:58 +0000 2018", "text": "RT @hodgman: This is on purpose. If you're on the ground in ATL, please help your fellow citizens to hang in there. Offer rides/rides back.\u2026", "id": 1059884615773634561, "clean_text": "RT This is on purpose If you re on the ground in ATL please help your fellow citizens to hang in there Offer rides rides back", "contain_address": false}, {"created_at": "Tue Nov 06 19:05:58 +0000 2018", "text": "RT @tomreganWSB: @fkaburns @PizzaToThePolls They did get some pizza delivered. Folks in line really appreciated it!", "id": 1059884612678283266, "clean_text": "RT They did get some pizza delivered Folks in line really appreciated it", "contain_address": false}, {"created_at": "Tue Nov 06 19:05:56 +0000 2018", "text": "RT @hodgman: This is on purpose. If you're on the ground in ATL, please help your fellow citizens to hang in there. Offer rides/rides back.\u2026", "id": 1059884605002649600, "clean_text": "RT This is on purpose If you re on the ground in ATL please help your fellow citizens to hang in there Offer rides rides back", "contain_address": false}, {"created_at": "Tue Nov 06 19:05:55 +0000 2018", "text": "@TheOnlyKAVIN @rebelroyalty20 @PizzaToThePolls", "id": 1059884601299140609, "clean_text": "", "contain_address": false}, {"created_at": "Tue Nov 06 19:05:54 +0000 2018", "text": "RT @PizzaToThePolls: Help bring smiles to the faces of everyone hangning out at over-crowded polling places with a donation today \u27a1\ufe0f https:\u2026", "id": 1059884598849466368, "clean_text": "RT Help bring smiles to the faces of everyone hangning out at over crowded polling places with a donation today https", "contain_address": false}, {"created_at": "Tue Nov 06 19:05:53 +0000 2018", "text": "RT @joshchafetz: I just threw $100 to @PizzaToThePolls. It may sound somewhat silly, but long lines at polling places are largely a result\u2026", "id": 1059884595162832896, "clean_text": "RT I just threw 100 to It may sound somewhat silly but long lines at polling places are largely a result", "contain_address": false}, {"created_at": "Tue Nov 06 19:05:53 +0000 2018", "text": "RT @PizzaToThePolls: .    \ud83e\udd20\n    \ud83c\udf55\ud83c\udf55\ud83c\udf55\n   \ud83d\udc47 \ud83c\udf55 \ud83d\udc47\n  \u3000 \ud83c\udf55 \ud83c\udf55\n\u3000  \ud83c\udf55\u3000 \ud83c\udf55\n\u3000  \ud83d\udc62   \ud83d\udc62\nhowdy I'm the pizza sheriff - sending 14 pizzas now", "id": 1059884594827313159, "clean_text": "RT howdy I m the pizza sheriff sending 14 pizzas now", "contain_address": false}, {"created_at": "Tue Nov 06 19:05:50 +0000 2018", "text": "RT @Bup_Cake: Donate to @PizzaToThePolls if you can!  Help keep these folks in line! https://t.co/Pc3Tj9kUxA", "id": 1059884581917200386, "clean_text": "RT Cake Donate to if you can Help keep these folks in line", "contain_address": false}, {"created_at": "Tue Nov 06 19:05:48 +0000 2018", "text": "RT @PizzaToThePolls: Yaaas!! We love sending the Pizza!! https://t.co/cyRdJf2GjY", "id": 1059884573461540865, "clean_text": "RT Yaaas We love sending the Pizza", "contain_address": false}, {"created_at": "Tue Nov 06 19:05:46 +0000 2018", "text": "RT @kazweida: Stay the course, Georgia and refuse to be silenced.\n\nWe\u2019ll send legal help and @PizzaToThePolls \n\n#WaveCast #WaveCastGA https\u2026", "id": 1059884564884176899, "clean_text": "RT Stay the course Georgia and refuse to be silenced We ll send legal help and WaveCast WaveCastGA https", "contain_address": false}, {"created_at": "Tue Nov 06 19:05:46 +0000 2018", "text": "RT @leahmcelrath: DONATE\nto send pizza to polling stations where there are long lines:\n\nhttps://t.co/bye4Ldoigk\n\nYou can also REQUEST pizza\u2026", "id": 1059884563013484545, "clean_text": "RT DONATE to send pizza to polling stations where there are long lines You can also REQUEST pizza", "contain_address": false}, {"created_at": "Tue Nov 06 19:05:44 +0000 2018", "text": "RT @hodgman: This is on purpose. If you're on the ground in ATL, please help your fellow citizens to hang in there. Offer rides/rides back.\u2026", "id": 1059884555186982914, "clean_text": "RT This is on purpose If you re on the ground in ATL please help your fellow citizens to hang in there Offer rides rides back", "contain_address": false}, {"created_at": "Tue Nov 06 19:05:41 +0000 2018", "text": "RT @PizzaToThePolls: We sure do! All we need is an address and picture of the line. Reports can also be made at https://t.co/occwLt8XVy. ht\u2026", "id": 1059884542532640768, "clean_text": "RT We sure do All we need is an address and picture of the line Reports can also be made at ht", "contain_address": false}, {"created_at": "Tue Nov 06 19:05:41 +0000 2018", "text": "@PizzaToThePolls Keep up the good work!", "id": 1059884541685497856, "clean_text": "Keep up the good work", "contain_address": false}, {"created_at": "Tue Nov 06 19:05:40 +0000 2018", "text": "@PizzaToThePolls I'll donate more later depending on how things go. If you donate and you follow me, lemme know!", "id": 1059884538770481152, "clean_text": "I ll donate more later depending on how things go If you donate and you follow me lemme know", "contain_address": false}, {"created_at": "Tue Nov 06 19:05:40 +0000 2018", "text": "RT @kazweida: Stay the course, Georgia and refuse to be silenced.\n\nWe\u2019ll send legal help and @PizzaToThePolls \n\n#WaveCast #WaveCastGA https\u2026", "id": 1059884537373646848, "clean_text": "RT Stay the course Georgia and refuse to be silenced We ll send legal help and WaveCast WaveCastGA https", "contain_address": false}, {"created_at": "Tue Nov 06 19:05:36 +0000 2018", "text": "RT @kazweida: Stay the course, Georgia and refuse to be silenced.\n\nWe\u2019ll send legal help and @PizzaToThePolls \n\n#WaveCast #WaveCastGA https\u2026", "id": 1059884521972219906, "clean_text": "RT Stay the course Georgia and refuse to be silenced We ll send legal help and WaveCast WaveCastGA https", "contain_address": false}, {"created_at": "Tue Nov 06 19:05:33 +0000 2018", "text": "RT @kazweida: Stay the course, Georgia and refuse to be silenced.\n\nWe\u2019ll send legal help and @PizzaToThePolls \n\n#WaveCast #WaveCastGA https\u2026", "id": 1059884507854180353, "clean_text": "RT Stay the course Georgia and refuse to be silenced We ll send legal help and WaveCast WaveCastGA https", "contain_address": false}, {"created_at": "Tue Nov 06 19:05:32 +0000 2018", "text": "RT @DebraMessing: Tweet @PizzaToThePolls your address and they will send free pizza! https://t.co/E1sYqVwLYH", "id": 1059884505929080833, "clean_text": "RT Tweet your address and they will send free pizza", "contain_address": false}, {"created_at": "Tue Nov 06 19:05:32 +0000 2018", "text": "RT @kazweida: Stay the course, Georgia and refuse to be silenced.\n\nWe\u2019ll send legal help and @PizzaToThePolls \n\n#WaveCast #WaveCastGA https\u2026", "id": 1059884505538846721, "clean_text": "RT Stay the course Georgia and refuse to be silenced We ll send legal help and WaveCast WaveCastGA https", "contain_address": false}, {"created_at": "Tue Nov 06 19:05:32 +0000 2018", "text": "@AshleeEats Fyi, @PizzaToThePolls will send free pizza out to polling places with long lines. Check out their Twitt\u2026 https://t.co/V7PrTPmQoN", "id": 1059884503953522689, "clean_text": "Fyi will send free pizza out to polling places with long lines Check out their Twitt", "contain_address": false}, {"created_at": "Tue Nov 06 19:05:31 +0000 2018", "text": "RT @ClaraJeffery: attn @PizzaToThePolls https://t.co/LZsAO4Qu8J", "id": 1059884503483613184, "clean_text": "RT attn", "contain_address": false}, {"created_at": "Tue Nov 06 19:05:27 +0000 2018", "text": "RT @PizzaToThePolls: Help bring smiles to the faces of everyone hangning out at over-crowded polling places with a donation today \u27a1\ufe0f https:\u2026", "id": 1059884486471622656, "clean_text": "RT Help bring smiles to the faces of everyone hangning out at over crowded polling places with a donation today https", "contain_address": false}, {"created_at": "Tue Nov 06 19:05:27 +0000 2018", "text": "URGENT! Are you standing in a long line waiting to vote? FREE PIZZA is  just one click away. So far, 1,300+ pizzas\u2026 https://t.co/xYrfVyDJMi", "id": 1059884485594902528, "clean_text": "URGENT Are you standing in a long line waiting to vote FREE PIZZA is just one click away So far 1 300 pizzas", "contain_address": false}, {"created_at": "Tue Nov 06 19:05:27 +0000 2018", "text": "RT @scentoflilacs: Hungry? In a long line to vote? Stay in line. Vote. Call @PizzaToThePolls https://t.co/Wo9UnmMjEK", "id": 1059884483476930560, "clean_text": "RT Hungry In a long line to vote Stay in line Vote Call", "contain_address": false}, {"created_at": "Tue Nov 06 19:05:25 +0000 2018", "text": "RT @hodgman: This is on purpose. If you're on the ground in ATL, please help your fellow citizens to hang in there. Offer rides/rides back.\u2026", "id": 1059884474584969223, "clean_text": "RT This is on purpose If you re on the ground in ATL please help your fellow citizens to hang in there Offer rides rides back", "contain_address": false}, {"created_at": "Tue Nov 06 19:05:21 +0000 2018", "text": "RT @PizzaToThePolls: Help bring smiles to the faces of everyone hangning out at over-crowded polling places with a donation today \u27a1\ufe0f https:\u2026", "id": 1059884458550145024, "clean_text": "RT Help bring smiles to the faces of everyone hangning out at over crowded polling places with a donation today https", "contain_address": false}, {"created_at": "Tue Nov 06 19:05:21 +0000 2018", "text": "RT @PizzaToThePolls: Hi, Pizza to the Polls is sending free pizza to voters waiting in line in Charleston, SC. We hope you will cover it! B\u2026", "id": 1059884457853890568, "clean_text": "RT Hi Pizza to the Polls is sending free pizza to voters waiting in line in Charleston SC We hope you will cover it B", "contain_address": false}, {"created_at": "Tue Nov 06 19:05:20 +0000 2018", "text": "RT @DebraMessing: Tweet @PizzaToThePolls your address and they will send free pizza! https://t.co/E1sYqVwLYH", "id": 1059884457052770304, "clean_text": "RT Tweet your address and they will send free pizza", "contain_address": false}, {"created_at": "Tue Nov 06 19:05:20 +0000 2018", "text": "RT @hodgman: This is on purpose. If you're on the ground in ATL, please help your fellow citizens to hang in there. Offer rides/rides back.\u2026", "id": 1059884453445713920, "clean_text": "RT This is on purpose If you re on the ground in ATL please help your fellow citizens to hang in there Offer rides rides back", "contain_address": false}, {"created_at": "Tue Nov 06 19:05:19 +0000 2018", "text": "@taw381 @56blackcat @restaurant_mom @PizzaToThePolls Perhaps Nick would like these other asses Trump don\u2019t fit in that category so....\ud83e\udd2a\ud83d\udc49\ud83d\udc40\ud83e\udd43\ud83e\udd2b", "id": 1059884450127974405, "clean_text": "mom Perhaps Nick would like these other asses Trump don t fit in that category so", "contain_address": false}, {"created_at": "Tue Nov 06 19:05:18 +0000 2018", "text": "RT @WaywardWinifred: If the lines are long and the functioning machines are few, tweet to @PizzaToThePolls and get pizzas sent over asap.", "id": 1059884448412585984, "clean_text": "RT If the lines are long and the functioning machines are few tweet to and get pizzas sent over asap", "contain_address": false}, {"created_at": "Tue Nov 06 19:05:18 +0000 2018", "text": "RT @PizzaToThePolls: {\\__/}\n( \u2022 . \u2022)\n/ &gt; \ud83d\uddf3  psst. look at this polling place at it 645 Coleman Blvd, Mt Pleasant, SC 29464, USA\n\n{\\__/}\n(\u00f2\u2026", "id": 1059884446751420418, "clean_text": "RT gt psst look at this polling place at it 645 Coleman Blvd Mt Pleasant SC 29464 USA", "contain_address": false}, {"created_at": "Tue Nov 06 19:05:17 +0000 2018", "text": "RT @fkaburns: @tomreganWSB @PizzaToThePolls can we y'all get some pizza to this location?", "id": 1059884444008497153, "clean_text": "RT can we y all get some pizza to this location", "contain_address": false}, {"created_at": "Tue Nov 06 19:05:10 +0000 2018", "text": "RT @kazweida: Stay the course, Georgia and refuse to be silenced.\n\nWe\u2019ll send legal help and @PizzaToThePolls \n\n#WaveCast #WaveCastGA https\u2026", "id": 1059884411536228352, "clean_text": "RT Stay the course Georgia and refuse to be silenced We ll send legal help and WaveCast WaveCastGA https", "contain_address": false}, {"created_at": "Tue Nov 06 19:05:09 +0000 2018", "text": "@krassenstein @waggles111 Send them pizza! @PizzaToThePolls", "id": 1059884408562503685, "clean_text": "Send them pizza", "contain_address": false}, {"created_at": "Tue Nov 06 19:05:08 +0000 2018", "text": "RT @PizzaToThePolls: Help bring smiles to the faces of everyone hangning out at over-crowded polling places with a donation today \u27a1\ufe0f https:\u2026", "id": 1059884404581912576, "clean_text": "RT Help bring smiles to the faces of everyone hangning out at over crowded polling places with a donation today https", "contain_address": false}, {"created_at": "Tue Nov 06 19:05:07 +0000 2018", "text": "RT @PizzaToThePolls: {\\__/}\n( \u2022 . \u2022)\n/ &gt; \ud83d\uddf3  psst. look at this polling place at it 645 Coleman Blvd, Mt Pleasant, SC 29464, USA\n\n{\\__/}\n(\u00f2\u2026", "id": 1059884401838907392, "clean_text": "RT gt psst look at this polling place at it 645 Coleman Blvd Mt Pleasant SC 29464 USA", "contain_address": false}, {"created_at": "Tue Nov 06 19:05:06 +0000 2018", "text": "RT @shannonrwatts: It\u2019s voting day. Please don\u2019t tweet or RT rumors. Only RT official orgs. Call 866-OUR-VOTE to report verified issues.\u2026", "id": 1059884397426548743, "clean_text": "RT It s voting day Please don t tweet or RT rumors Only RT official orgs Call 866 OUR VOTE to report verified issues", "contain_address": false}, {"created_at": "Tue Nov 06 19:05:04 +0000 2018", "text": "Ok. Just donated a pizza via @pizzatothepolls.  Please join me? Literally took 20 seconds.\u2026 https://t.co/TQCT7WEx5P", "id": 1059884389612556288, "clean_text": "Ok Just donated a pizza via Please join me Literally took 20 seconds", "contain_address": false}, {"created_at": "Tue Nov 06 19:05:04 +0000 2018", "text": "RT @cameronkgvi: @_2lite @ljoywilliams @PizzaToThePolls They have already been reports that they did not turn on the machines for more than\u2026", "id": 1059884387968393218, "clean_text": "RT 2lite They have already been reports that they did not turn on the machines for more than", "contain_address": false}, {"created_at": "Tue Nov 06 19:05:03 +0000 2018", "text": "@PizzaToThePolls I voted and left, but there are still people waiting 2hrs in line and some very friendly poll workers who would love \ud83c\udf55\ud83c\udf55\ud83c\udf55!", "id": 1059884385103724545, "clean_text": "I voted and left but there are still people waiting 2hrs in line and some very friendly poll workers who would love", "contain_address": false}, {"created_at": "Tue Nov 06 19:05:01 +0000 2018", "text": "RT @SueinRockville: @Politidope #ElectionDay \nMUST RT to all Voters\nLong lines-you have water but now you're hungry?\n@PizzaToThePolls to th\u2026", "id": 1059884375007887360, "clean_text": "RT ElectionDay MUST RT to all Voters Long lines you have water but now you re hungry to th", "contain_address": false}, {"created_at": "Tue Nov 06 19:05:00 +0000 2018", "text": "RT @hodgman: This is on purpose. If you're on the ground in ATL, please help your fellow citizens to hang in there. Offer rides/rides back.\u2026", "id": 1059884370079744000, "clean_text": "RT This is on purpose If you re on the ground in ATL please help your fellow citizens to hang in there Offer rides rides back", "contain_address": false}, {"created_at": "Tue Nov 06 19:04:59 +0000 2018", "text": "RT @kazweida: Stay the course, Georgia and refuse to be silenced.\n\nWe\u2019ll send legal help and @PizzaToThePolls \n\n#WaveCast #WaveCastGA https\u2026", "id": 1059884367042928640, "clean_text": "RT Stay the course Georgia and refuse to be silenced We ll send legal help and WaveCast WaveCastGA https", "contain_address": false}, {"created_at": "Tue Nov 06 19:04:58 +0000 2018", "text": "RT @hodgman: This is on purpose. If you're on the ground in ATL, please help your fellow citizens to hang in there. Offer rides/rides back.\u2026", "id": 1059884363624591360, "clean_text": "RT This is on purpose If you re on the ground in ATL please help your fellow citizens to hang in there Offer rides rides back", "contain_address": false}, {"created_at": "Tue Nov 06 19:04:57 +0000 2018", "text": "RT @PizzaToThePolls: @RachelKasten @shaunking Yes, please do. We can get pizzas there stat. (Just the specific site or address &amp; a pic of t\u2026", "id": 1059884359694589952, "clean_text": "RT Yes please do We can get pizzas there stat Just the specific site or address amp a pic of t", "contain_address": false}, {"created_at": "Tue Nov 06 19:04:56 +0000 2018", "text": "RT @kazweida: Stay the course, Georgia and refuse to be silenced.\n\nWe\u2019ll send legal help and @PizzaToThePolls \n\n#WaveCast #WaveCastGA https\u2026", "id": 1059884355714252800, "clean_text": "RT Stay the course Georgia and refuse to be silenced We ll send legal help and WaveCast WaveCastGA https", "contain_address": false}, {"created_at": "Tue Nov 06 19:04:56 +0000 2018", "text": "I just donated to @pizzatothepolls! You can give today at https://t.co/vO7eEtp3lQ", "id": 1059884352920866817, "clean_text": "I just donated to You can give today at", "contain_address": false}, {"created_at": "Tue Nov 06 19:04:55 +0000 2018", "text": "@feltrrr2 @kira_lerner @PizzaToThePolls Theres already twitter account dedicated to this??? We live in the future!", "id": 1059884351100538881, "clean_text": "lerner Theres already twitter account dedicated to this We live in the future", "contain_address": false}, {"created_at": "Tue Nov 06 19:04:53 +0000 2018", "text": "RT @DebraMessing: Tweet @PizzaToThePolls your address and they will send free pizza! https://t.co/E1sYqVwLYH", "id": 1059884341487001600, "clean_text": "RT Tweet your address and they will send free pizza", "contain_address": false}, {"created_at": "Tue Nov 06 19:04:50 +0000 2018", "text": "@robertglennmd @AudreyGarden @postandcourier @JoeCunninghamSC @JamesSmithforSC cc @PizzaToThePolls", "id": 1059884330699419648, "clean_text": "cc", "contain_address": false}, {"created_at": "Tue Nov 06 19:04:49 +0000 2018", "text": "RT @QueenBussy: if there's a long line at your polling center, let @PizzaToThePolls know! they'll send pizza over!", "id": 1059884324907048961, "clean_text": "RT if there s a long line at your polling center let know they ll send pizza over", "contain_address": false}, {"created_at": "Tue Nov 06 19:04:47 +0000 2018", "text": "RT @suekhi: @krassenstein Please remember @PizzaToThePolls if line is long, and/or voting machines not plugged in as in Gwinnett,GA", "id": 1059884317948567553, "clean_text": "RT Please remember if line is long and or voting machines not plugged in as in Gwinnett GA", "contain_address": false}, {"created_at": "Tue Nov 06 19:04:44 +0000 2018", "text": "I don\u2019t know if this is more disgusting or depressing. But @PizzaToThePolls did get them pizza, hopefully, everyone\u2026 https://t.co/0OjjPX1OmY", "id": 1059884303881003008, "clean_text": "I don t know if this is more disgusting or depressing But did get them pizza hopefully everyone", "contain_address": false}, {"created_at": "Tue Nov 06 19:04:44 +0000 2018", "text": "RT @graceisnotgone: @SpanbergerVA07 \ud83d\udca5 Paging  \n@PizzaToThePolls! \ud83d\udca5\nEstimated 200 people in line here that are hungry... one just asked for\u2026", "id": 1059884303004381184, "clean_text": "RT Paging Estimated 200 people in line here that are hungry one just asked for", "contain_address": false}, {"created_at": "Tue Nov 06 19:04:43 +0000 2018", "text": "RT @kazweida: Stay the course, Georgia and refuse to be silenced.\n\nWe\u2019ll send legal help and @PizzaToThePolls \n\n#WaveCast #WaveCastGA https\u2026", "id": 1059884301221646336, "clean_text": "RT Stay the course Georgia and refuse to be silenced We ll send legal help and WaveCast WaveCastGA https", "contain_address": false}, {"created_at": "Tue Nov 06 19:04:37 +0000 2018", "text": "I just donated to @pizzatothepolls! You can give today at https://t.co/nz48nCk2St\n\n** The lines are particularly lo\u2026 https://t.co/0EStnjn8ib", "id": 1059884274751541249, "clean_text": "I just donated to You can give today at The lines are particularly lo", "contain_address": false}, {"created_at": "Tue Nov 06 19:04:32 +0000 2018", "text": "RT @PizzaToThePolls: \ud83d\udc51\n\ud83c\udf55  \ud83c\udf55\n\ud83d\udc41  \ud83d\udc41\ud83d\udc42\n   \ud83d\udc43  \n   \ud83d\udc44 - Oh? They need pizza at 300 Hawthorne Ln, Charlotte, NC 28204, USA\n   \nvia https://t.co/Lqv1\u2026", "id": 1059884255319285760, "clean_text": "RT Oh They need pizza at 300 Hawthorne Ln Charlotte NC 28204 USA via", "contain_address": false}, {"created_at": "Tue Nov 06 19:04:31 +0000 2018", "text": "@funder Send them some pizza!\n\nhttps://t.co/s4P9AmOUhb\n\n@PizzaToThePolls", "id": 1059884251691143170, "clean_text": "Send them some pizza", "contain_address": false}, {"created_at": "Tue Nov 06 19:04:30 +0000 2018", "text": "RT @hodgman: This is on purpose. If you're on the ground in ATL, please help your fellow citizens to hang in there. Offer rides/rides back.\u2026", "id": 1059884243940245505, "clean_text": "RT This is on purpose If you re on the ground in ATL please help your fellow citizens to hang in there Offer rides rides back", "contain_address": false}, {"created_at": "Tue Nov 06 19:04:28 +0000 2018", "text": "I just donated to @pizzatothepolls! You can give today at https://t.co/s30dHON48G", "id": 1059884238730940416, "clean_text": "I just donated to You can give today at", "contain_address": false}, {"created_at": "Tue Nov 06 19:04:24 +0000 2018", "text": "RT @hodgman: This is on purpose. If you're on the ground in ATL, please help your fellow citizens to hang in there. Offer rides/rides back.\u2026", "id": 1059884222087757824, "clean_text": "RT This is on purpose If you re on the ground in ATL please help your fellow citizens to hang in there Offer rides rides back", "contain_address": false}, {"created_at": "Tue Nov 06 19:04:24 +0000 2018", "text": "@Alyssa_Milano @PizzaToThePolls Cool Project! Gotta Feed the Troops!", "id": 1059884218732269568, "clean_text": "Milano Cool Project Gotta Feed the Troops", "contain_address": false}, {"created_at": "Tue Nov 06 19:04:21 +0000 2018", "text": "RT @dmichellebz: I just donated to @pizzatothepolls! You can give today at https://t.co/BODBSFLKxC", "id": 1059884207718195200, "clean_text": "RT I just donated to You can give today at", "contain_address": false}, {"created_at": "Tue Nov 06 19:04:19 +0000 2018", "text": "RT @catinlaca: @adamstein @grantstern @PizzaToThePolls Donate to @PizzaToThePolls here: https://t.co/egaCAskcLM\nThey will bring pizza to an\u2026", "id": 1059884198603845632, "clean_text": "RT Donate to here They will bring pizza to an", "contain_address": false}, {"created_at": "Tue Nov 06 19:04:16 +0000 2018", "text": "RT @ClaraJeffery: attn @PizzaToThePolls https://t.co/LZsAO4Qu8J", "id": 1059884186553638912, "clean_text": "RT attn", "contain_address": false}, {"created_at": "Tue Nov 06 19:04:15 +0000 2018", "text": "I just donated to @pizzatothepolls! You can give today at https://t.co/Tj7GkXUe8a", "id": 1059884183709982723, "clean_text": "I just donated to You can give today at", "contain_address": false}, {"created_at": "Tue Nov 06 19:04:13 +0000 2018", "text": "RT @leahmcelrath: DONATE\nto send pizza to polling stations where there are long lines:\n\nhttps://t.co/bye4Ldoigk\n\nYou can also REQUEST pizza\u2026", "id": 1059884174151217152, "clean_text": "RT DONATE to send pizza to polling stations where there are long lines You can also REQUEST pizza", "contain_address": false}, {"created_at": "Tue Nov 06 19:04:12 +0000 2018", "text": "RT @hodgman: This is on purpose. If you're on the ground in ATL, please help your fellow citizens to hang in there. Offer rides/rides back.\u2026", "id": 1059884170866905088, "clean_text": "RT This is on purpose If you re on the ground in ATL please help your fellow citizens to hang in there Offer rides rides back", "contain_address": false}, {"created_at": "Tue Nov 06 19:04:12 +0000 2018", "text": "RT @dawgmommi_bird: If you tweet @PizzaToThePolls they\u2019ll bring pizza to people waiting in line to vote! #electionday #ElectionDay2018 #Vot\u2026", "id": 1059884169453547521, "clean_text": "RT bird If you tweet they ll bring pizza to people waiting in line to vote electionday ElectionDay2018 Vot", "contain_address": false}, {"created_at": "Tue Nov 06 19:04:11 +0000 2018", "text": "RT @joshchafetz: I just threw $100 to @PizzaToThePolls. It may sound somewhat silly, but long lines at polling places are largely a result\u2026", "id": 1059884166404292608, "clean_text": "RT I just threw 100 to It may sound somewhat silly but long lines at polling places are largely a result", "contain_address": false}, {"created_at": "Tue Nov 06 19:04:10 +0000 2018", "text": "RT @QueenBussy: if there's a long line at your polling center, let @PizzaToThePolls know! they'll send pizza over!", "id": 1059884161270460416, "clean_text": "RT if there s a long line at your polling center let know they ll send pizza over", "contain_address": false}, {"created_at": "Tue Nov 06 19:04:06 +0000 2018", "text": "I just donated to @pizzatothepolls! You can give today at https://t.co/rU0w5sNGZL", "id": 1059884144703037440, "clean_text": "I just donated to You can give today at", "contain_address": false}, {"created_at": "Tue Nov 06 19:04:06 +0000 2018", "text": "RT @DebraMessing: Tweet @PizzaToThePolls your address and they will send free pizza! https://t.co/E1sYqVwLYH", "id": 1059884144488935424, "clean_text": "RT Tweet your address and they will send free pizza", "contain_address": false}, {"created_at": "Tue Nov 06 19:04:05 +0000 2018", "text": "@PizzaToThePolls https://t.co/JwpO4Sg52D", "id": 1059884139015475202, "clean_text": "", "contain_address": false}, {"created_at": "Tue Nov 06 19:04:03 +0000 2018", "text": "RT @gregorybrothers: Whether on purpose or by accident, long lines are going to make it difficult for some people to vote today. Help suppo\u2026", "id": 1059884132774412288, "clean_text": "RT Whether on purpose or by accident long lines are going to make it difficult for some people to vote today Help suppo", "contain_address": false}, {"created_at": "Tue Nov 06 19:04:03 +0000 2018", "text": "I just donated to @pizzatothepolls! You can give today at https://t.co/pCSUzlSJsn", "id": 1059884131893489665, "clean_text": "I just donated to You can give today at", "contain_address": false}, {"created_at": "Tue Nov 06 19:04:02 +0000 2018", "text": "@PizzaToThePolls I think other locations need Pizza more than we do. \ud83d\ude0a But two scanners is inefficient.", "id": 1059884128445849600, "clean_text": "I think other locations need Pizza more than we do But two scanners is inefficient", "contain_address": false}, {"created_at": "Tue Nov 06 19:03:58 +0000 2018", "text": "EAT SOME FOOD WHILE YOU'RE WAITING TO VOTE. Have some  @pizzatothepolls! Or donate: https://t.co/QJIzXd7mVr", "id": 1059884113212010496, "clean_text": "EAT SOME FOOD WHILE YOU RE WAITING TO VOTE Have some Or donate", "contain_address": false}, {"created_at": "Tue Nov 06 19:03:57 +0000 2018", "text": "I just donated to @pizzatothepolls! You can give today at https://t.co/MfifKHxbG5", "id": 1059884105712594944, "clean_text": "I just donated to You can give today at", "contain_address": false}, {"created_at": "Tue Nov 06 19:03:53 +0000 2018", "text": "RT @kazweida: Stay the course, Georgia and refuse to be silenced.\n\nWe\u2019ll send legal help and @PizzaToThePolls \n\n#WaveCast #WaveCastGA https\u2026", "id": 1059884089484824576, "clean_text": "RT Stay the course Georgia and refuse to be silenced We ll send legal help and WaveCast WaveCastGA https", "contain_address": false}, {"created_at": "Tue Nov 06 19:03:53 +0000 2018", "text": "The people at @PizzaToThePolls do great work. Please support them.", "id": 1059884088507711488, "clean_text": "The people at do great work Please support them", "contain_address": false}, {"created_at": "Tue Nov 06 19:03:52 +0000 2018", "text": "RT @hodgman: This is on purpose. If you're on the ground in ATL, please help your fellow citizens to hang in there. Offer rides/rides back.\u2026", "id": 1059884084846125056, "clean_text": "RT This is on purpose If you re on the ground in ATL please help your fellow citizens to hang in there Offer rides rides back", "contain_address": false}, {"created_at": "Tue Nov 06 19:03:45 +0000 2018", "text": "RT @kazweida: Stay the course, Georgia and refuse to be silenced.\n\nWe\u2019ll send legal help and @PizzaToThePolls \n\n#WaveCast #WaveCastGA https\u2026", "id": 1059884055976587264, "clean_text": "RT Stay the course Georgia and refuse to be silenced We ll send legal help and WaveCast WaveCastGA https", "contain_address": false}, {"created_at": "Tue Nov 06 19:03:44 +0000 2018", "text": "RT @leahmcelrath: DONATE\nto send pizza to polling stations where there are long lines:\n\nhttps://t.co/bye4Ldoigk\n\nYou can also REQUEST pizza\u2026", "id": 1059884051040034816, "clean_text": "RT DONATE to send pizza to polling stations where there are long lines You can also REQUEST pizza", "contain_address": false}, {"created_at": "Tue Nov 06 19:03:43 +0000 2018", "text": "RT @leahmcelrath: DONATE\nto send pizza to polling stations where there are long lines:\n\nhttps://t.co/bye4Ldoigk\n\nYou can also REQUEST pizza\u2026", "id": 1059884046937976832, "clean_text": "RT DONATE to send pizza to polling stations where there are long lines You can also REQUEST pizza", "contain_address": false}, {"created_at": "Tue Nov 06 19:03:41 +0000 2018", "text": "RT @kazweida: Stay the course, Georgia and refuse to be silenced.\n\nWe\u2019ll send legal help and @PizzaToThePolls \n\n#WaveCast #WaveCastGA https\u2026", "id": 1059884041627951104, "clean_text": "RT Stay the course Georgia and refuse to be silenced We ll send legal help and WaveCast WaveCastGA https", "contain_address": false}, {"created_at": "Tue Nov 06 19:03:41 +0000 2018", "text": "RT @DebraMessing: Tweet @PizzaToThePolls your address and they will send free pizza! https://t.co/E1sYqVwLYH", "id": 1059884039035858945, "clean_text": "RT Tweet your address and they will send free pizza", "contain_address": false}, {"created_at": "Tue Nov 06 19:03:39 +0000 2018", "text": "RT @frankieindc: @PizzaToThePolls Swift Creek Middle School. 3700 Old Hundred Rd S, Midlothian, VA 23112 https://t.co/t6rZ0bhs5u", "id": 1059884033499369472, "clean_text": "RT Swift Creek Middle School 3700 Old Hundred Rd S Midlothian VA 23112", "contain_address": true}, {"created_at": "Tue Nov 06 19:03:38 +0000 2018", "text": "RT @PizzaToThePolls: Help bring smiles to the faces of everyone hangning out at over-crowded polling places with a donation today \u27a1\ufe0f https:\u2026", "id": 1059884027782594560, "clean_text": "RT Help bring smiles to the faces of everyone hangning out at over crowded polling places with a donation today https", "contain_address": false}, {"created_at": "Tue Nov 06 19:03:37 +0000 2018", "text": "RT @leahmcelrath: DONATE\nto send pizza to polling stations where there are long lines:\n\nhttps://t.co/bye4Ldoigk\n\nYou can also REQUEST pizza\u2026", "id": 1059884023110098946, "clean_text": "RT DONATE to send pizza to polling stations where there are long lines You can also REQUEST pizza", "contain_address": false}, {"created_at": "Tue Nov 06 19:03:37 +0000 2018", "text": "RT @kazweida: Stay the course, Georgia and refuse to be silenced.\n\nWe\u2019ll send legal help and @PizzaToThePolls \n\n#WaveCast #WaveCastGA https\u2026", "id": 1059884022007033856, "clean_text": "RT Stay the course Georgia and refuse to be silenced We ll send legal help and WaveCast WaveCastGA https", "contain_address": false}, {"created_at": "Tue Nov 06 19:03:33 +0000 2018", "text": "RT @PizzaToThePolls: \ud83d\udc51\n\ud83c\udf55  \ud83c\udf55\n\ud83d\udc41  \ud83d\udc41\ud83d\udc42\n   \ud83d\udc43  \n   \ud83d\udc44 - Oh? They need pizza at 100 Byrd Way, Greenwood, IN 46143, USA\n   \nvia https://t.co/wQKeBoc3\u2026", "id": 1059884007419244549, "clean_text": "RT Oh They need pizza at 100 Byrd Way Greenwood IN 46143 USA via", "contain_address": true}, {"created_at": "Tue Nov 06 19:03:33 +0000 2018", "text": "RT @kazweida: Stay the course, Georgia and refuse to be silenced.\n\nWe\u2019ll send legal help and @PizzaToThePolls \n\n#WaveCast #WaveCastGA https\u2026", "id": 1059884007251472385, "clean_text": "RT Stay the course Georgia and refuse to be silenced We ll send legal help and WaveCast WaveCastGA https", "contain_address": false}, {"created_at": "Tue Nov 06 19:03:33 +0000 2018", "text": "@NicoleKowalski5 @PizzaToThePolls Folding chairs for those who could use them!", "id": 1059884006290808834, "clean_text": "Folding chairs for those who could use them", "contain_address": false}, {"created_at": "Tue Nov 06 19:03:32 +0000 2018", "text": "RT @DebraMessing: Tweet @PizzaToThePolls your address and they will send free pizza! https://t.co/E1sYqVwLYH", "id": 1059884003690336256, "clean_text": "RT Tweet your address and they will send free pizza", "contain_address": false}, {"created_at": "Tue Nov 06 19:03:32 +0000 2018", "text": "RT @kazweida: Stay the course, Georgia and refuse to be silenced.\n\nWe\u2019ll send legal help and @PizzaToThePolls \n\n#WaveCast #WaveCastGA https\u2026", "id": 1059884001966592000, "clean_text": "RT Stay the course Georgia and refuse to be silenced We ll send legal help and WaveCast WaveCastGA https", "contain_address": false}, {"created_at": "Tue Nov 06 19:03:31 +0000 2018", "text": "RT @casempire: @BryanDawsonUSA @oufenix @PizzaToThePolls", "id": 1059883999202467840, "clean_text": "RT", "contain_address": false}, {"created_at": "Tue Nov 06 19:03:30 +0000 2018", "text": "RT @space__elevator: If you see long lines at the poll, let @PizzaToThePolls know and they will send some pizzas to keep people from leavin\u2026", "id": 1059883995897516038, "clean_text": "RT elevator If you see long lines at the poll let know and they will send some pizzas to keep people from leavin", "contain_address": false}, {"created_at": "Tue Nov 06 19:03:30 +0000 2018", "text": "@fkaburns @kreativbeetle @tomreganWSB @PizzaToThePolls Democrats pizza involves pedophiles", "id": 1059883994710306816, "clean_text": "Democrats pizza involves pedophiles", "contain_address": false}, {"created_at": "Tue Nov 06 19:03:29 +0000 2018", "text": "RT @hodgman: This is on purpose. If you're on the ground in ATL, please help your fellow citizens to hang in there. Offer rides/rides back.\u2026", "id": 1059883991510237185, "clean_text": "RT This is on purpose If you re on the ground in ATL please help your fellow citizens to hang in there Offer rides rides back", "contain_address": false}, {"created_at": "Tue Nov 06 19:03:29 +0000 2018", "text": "RT @wassie: Brian Kemp trying to subvert democracy in Georgia! Stay patient people! I just donated to @pizzatothepolls! You can give today\u2026", "id": 1059883991229034496, "clean_text": "RT Brian Kemp trying to subvert democracy in Georgia Stay patient people I just donated to You can give today", "contain_address": false}, {"created_at": "Tue Nov 06 19:03:29 +0000 2018", "text": "RT @PizzaToThePolls: Investigating reports at 2701 Robious Crossing Dr, Midlothian, VA 23113, USA\n\nvia https://t.co/mx9NyHgKsJ", "id": 1059883988322521088, "clean_text": "RT Investigating reports at 2701 Robious Crossing Dr Midlothian VA 23113 USA via", "contain_address": true}, {"created_at": "Tue Nov 06 19:03:29 +0000 2018", "text": "RT @hodgman: This is on purpose. If you're on the ground in ATL, please help your fellow citizens to hang in there. Offer rides/rides back.\u2026", "id": 1059883988309995530, "clean_text": "RT This is on purpose If you re on the ground in ATL please help your fellow citizens to hang in there Offer rides rides back", "contain_address": false}, {"created_at": "Tue Nov 06 19:03:26 +0000 2018", "text": "RT @kazweida: Stay the course, Georgia and refuse to be silenced.\n\nWe\u2019ll send legal help and @PizzaToThePolls \n\n#WaveCast #WaveCastGA https\u2026", "id": 1059883978969243650, "clean_text": "RT Stay the course Georgia and refuse to be silenced We ll send legal help and WaveCast WaveCastGA https", "contain_address": false}, {"created_at": "Tue Nov 06 19:03:24 +0000 2018", "text": "RT @kazweida: Stay the course, Georgia and refuse to be silenced.\n\nWe\u2019ll send legal help and @PizzaToThePolls \n\n#WaveCast #WaveCastGA https\u2026", "id": 1059883967300562945, "clean_text": "RT Stay the course Georgia and refuse to be silenced We ll send legal help and WaveCast WaveCastGA https", "contain_address": false}, {"created_at": "Tue Nov 06 19:03:23 +0000 2018", "text": "@HeminYPatel @kira_lerner @PizzaToThePolls you hearing this??", "id": 1059883966218584070, "clean_text": "lerner you hearing this", "contain_address": false}, {"created_at": "Tue Nov 06 19:03:23 +0000 2018", "text": "I just donated to @pizzatothepolls! You can give today at https://t.co/IEZOIqUPmo", "id": 1059883965194981376, "clean_text": "I just donated to You can give today at", "contain_address": false}, {"created_at": "Tue Nov 06 19:03:23 +0000 2018", "text": "RT @leahmcelrath: DONATE\nto send pizza to polling stations where there are long lines:\n\nhttps://t.co/bye4Ldoigk\n\nYou can also REQUEST pizza\u2026", "id": 1059883964100419586, "clean_text": "RT DONATE to send pizza to polling stations where there are long lines You can also REQUEST pizza", "contain_address": false}, {"created_at": "Tue Nov 06 19:03:21 +0000 2018", "text": "RT @PizzaToThePolls: Help bring smiles to the faces of everyone hangning out at over-crowded polling places with a donation today \u27a1\ufe0f https:\u2026", "id": 1059883954281435136, "clean_text": "RT Help bring smiles to the faces of everyone hangning out at over crowded polling places with a donation today https", "contain_address": false}, {"created_at": "Tue Nov 06 19:03:18 +0000 2018", "text": "RT @kazweida: Stay the course, Georgia and refuse to be silenced.\n\nWe\u2019ll send legal help and @PizzaToThePolls \n\n#WaveCast #WaveCastGA https\u2026", "id": 1059883943833399296, "clean_text": "RT Stay the course Georgia and refuse to be silenced We ll send legal help and WaveCast WaveCastGA https", "contain_address": false}, {"created_at": "Tue Nov 06 19:03:17 +0000 2018", "text": "I just donated to @PizzaToThePolls \u2014 it's the least I can do to help make today's long lines less painful. Donate h\u2026 https://t.co/GSabX5ENIc", "id": 1059883938871762946, "clean_text": "I just donated to it s the least I can do to help make today s long lines less painful Donate h", "contain_address": false}, {"created_at": "Tue Nov 06 19:03:17 +0000 2018", "text": "RT @LeslieLKB: @lisa_gurley Thanks for sticking with it! If folks are hungry, and need help or a little happiness to encourage them to stay\u2026", "id": 1059883938255159296, "clean_text": "RT gurley Thanks for sticking with it If folks are hungry and need help or a little happiness to encourage them to stay", "contain_address": false}, {"created_at": "Tue Nov 06 19:03:16 +0000 2018", "text": "RT @DebraMessing: Tweet @PizzaToThePolls your address and they will send free pizza! https://t.co/E1sYqVwLYH", "id": 1059883936099262466, "clean_text": "RT Tweet your address and they will send free pizza", "contain_address": false}, {"created_at": "Tue Nov 06 19:03:16 +0000 2018", "text": "RT @graceisnotgone: @SpanbergerVA07 \ud83d\udca5 Paging  \n@PizzaToThePolls! \ud83d\udca5\nEstimated 200 people in line here that are hungry... one just asked for\u2026", "id": 1059883933712744453, "clean_text": "RT Paging Estimated 200 people in line here that are hungry one just asked for", "contain_address": false}, {"created_at": "Tue Nov 06 19:03:15 +0000 2018", "text": "@kazweida @PizzaToThePolls Clear sign of voter oppression so wrong it just proves how dirty the Republicans are \ud83d\ude21", "id": 1059883929031843841, "clean_text": "Clear sign of voter oppression so wrong it just proves how dirty the Republicans are", "contain_address": false}, {"created_at": "Tue Nov 06 19:03:14 +0000 2018", "text": "RT @Bup_Cake: Donate to @PizzaToThePolls if you can!  Help keep these folks in line! https://t.co/Pc3Tj9kUxA", "id": 1059883928377470976, "clean_text": "RT Cake Donate to if you can Help keep these folks in line", "contain_address": false}, {"created_at": "Tue Nov 06 19:03:13 +0000 2018", "text": "RT @kazweida: Stay the course, Georgia and refuse to be silenced.\n\nWe\u2019ll send legal help and @PizzaToThePolls \n\n#WaveCast #WaveCastGA https\u2026", "id": 1059883923080044544, "clean_text": "RT Stay the course Georgia and refuse to be silenced We ll send legal help and WaveCast WaveCastGA https", "contain_address": false}, {"created_at": "Tue Nov 06 19:03:10 +0000 2018", "text": "@DebraMessing @PizzaToThePolls Is the pizza just for liberals or all voters?  Asking for a friend?", "id": 1059883911990427649, "clean_text": "Is the pizza just for liberals or all voters Asking for a friend", "contain_address": false}, {"created_at": "Tue Nov 06 19:03:10 +0000 2018", "text": "RT @PizzaToThePolls: Investigating reports at 2701 Robious Crossing Dr, Midlothian, VA 23113, USA\n\nvia https://t.co/mx9NyHgKsJ", "id": 1059883909654167552, "clean_text": "RT Investigating reports at 2701 Robious Crossing Dr Midlothian VA 23113 USA via", "contain_address": true}, {"created_at": "Tue Nov 06 19:03:06 +0000 2018", "text": "I just donated to @pizzatothepolls! You can give today at https://t.co/nHkm9KkozV", "id": 1059883892902060032, "clean_text": "I just donated to You can give today at", "contain_address": false}, {"created_at": "Tue Nov 06 19:03:00 +0000 2018", "text": "RT @PizzaToThePolls: |\uffe3\uffe3\uffe3\uffe3\uffe3\uffe3|\n|  Pizza            |\n|   FOR             |\n|   2 Perry St, Charleston, SC 29403, USA\n| \uff3f\uff3f\uff3f\uff3f\uff3f__| \n(\\__/) ||\u2026", "id": 1059883868482949120, "clean_text": "RT Pizza FOR 2 Perry St Charleston SC 29403 USA", "contain_address": true}, {"created_at": "Tue Nov 06 19:02:59 +0000 2018", "text": "@ny2_va @SpanbergerVA07 @PizzaToThePolls please send reinforcements! \ud83c\udf55\ud83c\udf55\ud83c\udf55\n\n11001 W Providence Rd, Richmond, VA 23236", "id": 1059883863902687233, "clean_text": "va please send reinforcements 11001 W Providence Rd Richmond VA 23236", "contain_address": true}, {"created_at": "Tue Nov 06 19:02:58 +0000 2018", "text": "RT @hodgman: This is on purpose. If you're on the ground in ATL, please help your fellow citizens to hang in there. Offer rides/rides back.\u2026", "id": 1059883861444710400, "clean_text": "RT This is on purpose If you re on the ground in ATL please help your fellow citizens to hang in there Offer rides rides back", "contain_address": false}, {"created_at": "Tue Nov 06 19:02:57 +0000 2018", "text": "RT @kazweida: Stay the course, Georgia and refuse to be silenced.\n\nWe\u2019ll send legal help and @PizzaToThePolls \n\n#WaveCast #WaveCastGA https\u2026", "id": 1059883855430213635, "clean_text": "RT Stay the course Georgia and refuse to be silenced We ll send legal help and WaveCast WaveCastGA https", "contain_address": false}, {"created_at": "Tue Nov 06 19:02:53 +0000 2018", "text": "Guys, if you see a long line, report it to @PizzaToThePolls 's website https://t.co/UGTAJuxLAw! They send pizza to\u2026 https://t.co/duXGtZ7LHm", "id": 1059883840242663425, "clean_text": "Guys if you see a long line report it to s website They send pizza to", "contain_address": false}, {"created_at": "Tue Nov 06 19:02:52 +0000 2018", "text": "RT @PizzaToThePolls: Help bring smiles to the faces of everyone hangning out at over-crowded polling places with a donation today \u27a1\ufe0f https:\u2026", "id": 1059883835691692032, "clean_text": "RT Help bring smiles to the faces of everyone hangning out at over crowded polling places with a donation today https", "contain_address": false}, {"created_at": "Tue Nov 06 19:02:51 +0000 2018", "text": "RT @PizzaToThePolls: Hi, Pizza to the Polls is sending free pizza to voters waiting in line in Charleston, SC. We hope you will cover it! B\u2026", "id": 1059883832328028161, "clean_text": "RT Hi Pizza to the Polls is sending free pizza to voters waiting in line in Charleston SC We hope you will cover it B", "contain_address": false}, {"created_at": "Tue Nov 06 19:02:49 +0000 2018", "text": "RT @kazweida: Stay the course, Georgia and refuse to be silenced.\n\nWe\u2019ll send legal help and @PizzaToThePolls \n\n#WaveCast #WaveCastGA https\u2026", "id": 1059883822739791872, "clean_text": "RT Stay the course Georgia and refuse to be silenced We ll send legal help and WaveCast WaveCastGA https", "contain_address": false}, {"created_at": "Tue Nov 06 19:02:48 +0000 2018", "text": "RT @hodgman: This is on purpose. If you're on the ground in ATL, please help your fellow citizens to hang in there. Offer rides/rides back.\u2026", "id": 1059883816729395205, "clean_text": "RT This is on purpose If you re on the ground in ATL please help your fellow citizens to hang in there Offer rides rides back", "contain_address": false}, {"created_at": "Tue Nov 06 19:02:46 +0000 2018", "text": "RT @hodgman: This is on purpose. If you're on the ground in ATL, please help your fellow citizens to hang in there. Offer rides/rides back.\u2026", "id": 1059883810576318464, "clean_text": "RT This is on purpose If you re on the ground in ATL please help your fellow citizens to hang in there Offer rides rides back", "contain_address": false}, {"created_at": "Tue Nov 06 19:02:41 +0000 2018", "text": "@taw381 @56blackcat @restaurant_mom @PizzaToThePolls Not you that is for sure! yes I like Trump and all that he has\u2026 https://t.co/qhFe8InPhP", "id": 1059883787075665921, "clean_text": "mom Not you that is for sure yes I like Trump and all that he has", "contain_address": false}, {"created_at": "Tue Nov 06 19:02:41 +0000 2018", "text": "RT @PizzaToThePolls: @RachelKasten @shaunking Yes, please do. We can get pizzas there stat. (Just the specific site or address &amp; a pic of t\u2026", "id": 1059883786610135040, "clean_text": "RT Yes please do We can get pizzas there stat Just the specific site or address amp a pic of t", "contain_address": false}, {"created_at": "Tue Nov 06 19:02:38 +0000 2018", "text": "RT @Moedog97: @Lizerenity @50milesmore @ChangeTheRef @50MoreMass @joanwalsh @schoolwalkoutUS @PizzaToThePolls On the way! https://t.co/eItc\u2026", "id": 1059883776497590274, "clean_text": "RT On the way", "contain_address": false}, {"created_at": "Tue Nov 06 19:02:38 +0000 2018", "text": "RT @PizzaToThePolls: @rarosales15 @_2lite @ljoywilliams @NAACP @GeorgiaDemocrat Pizza should be there or on the way!  Keep us posted and le\u2026", "id": 1059883775990161409, "clean_text": "RT 2lite Pizza should be there or on the way Keep us posted and le", "contain_address": false}, {"created_at": "Tue Nov 06 19:02:37 +0000 2018", "text": "RT @leahmcelrath: DONATE\nto send pizza to polling stations where there are long lines:\n\nhttps://t.co/bye4Ldoigk\n\nYou can also REQUEST pizza\u2026", "id": 1059883773385474048, "clean_text": "RT DONATE to send pizza to polling stations where there are long lines You can also REQUEST pizza", "contain_address": false}, {"created_at": "Tue Nov 06 19:02:37 +0000 2018", "text": "RT @PizzaToThePolls: Hi, Pizza to the Polls is sending free pizza to voters waiting in line in Charleston, SC. We hope you will cover it! B\u2026", "id": 1059883771913072641, "clean_text": "RT Hi Pizza to the Polls is sending free pizza to voters waiting in line in Charleston SC We hope you will cover it B", "contain_address": false}, {"created_at": "Tue Nov 06 19:02:36 +0000 2018", "text": "RT @Bup_Cake: Donate to @PizzaToThePolls if you can!  Help keep these folks in line! https://t.co/Pc3Tj9kUxA", "id": 1059883767077179392, "clean_text": "RT Cake Donate to if you can Help keep these folks in line", "contain_address": false}, {"created_at": "Tue Nov 06 19:02:36 +0000 2018", "text": "RT @hodgman: This is on purpose. If you're on the ground in ATL, please help your fellow citizens to hang in there. Offer rides/rides back.\u2026", "id": 1059883766645174273, "clean_text": "RT This is on purpose If you re on the ground in ATL please help your fellow citizens to hang in there Offer rides rides back", "contain_address": false}, {"created_at": "Tue Nov 06 19:02:35 +0000 2018", "text": "I just donated to @pizzatothepolls! You can give today at https://t.co/lemuFRj7Rg", "id": 1059883763847446528, "clean_text": "I just donated to You can give today at", "contain_address": false}, {"created_at": "Tue Nov 06 19:02:31 +0000 2018", "text": "RT @PizzaToThePolls: @adv_project What\u2019s the specific polling place or address? We\u2019ll send pizzas immediately.", "id": 1059883748227899392, "clean_text": "RT project What s the specific polling place or address We ll send pizzas immediately", "contain_address": false}, {"created_at": "Tue Nov 06 19:02:31 +0000 2018", "text": "@leahmcelrath @PizzaToThePolls If anyone knows what else can be donated for the folks stuck in long voting lines, f\u2026 https://t.co/ti3aR3xz5m", "id": 1059883748135706624, "clean_text": "If anyone knows what else can be donated for the folks stuck in long voting lines f", "contain_address": false}, {"created_at": "Tue Nov 06 19:02:29 +0000 2018", "text": "RT @leahmcelrath: DONATE\nto send pizza to polling stations where there are long lines:\n\nhttps://t.co/bye4Ldoigk\n\nYou can also REQUEST pizza\u2026", "id": 1059883738736312322, "clean_text": "RT DONATE to send pizza to polling stations where there are long lines You can also REQUEST pizza", "contain_address": false}, {"created_at": "Tue Nov 06 19:02:26 +0000 2018", "text": "RT @leahmcelrath: DONATE\nto send pizza to polling stations where there are long lines:\n\nhttps://t.co/bye4Ldoigk\n\nYou can also REQUEST pizza\u2026", "id": 1059883726333771776, "clean_text": "RT DONATE to send pizza to polling stations where there are long lines You can also REQUEST pizza", "contain_address": false}, {"created_at": "Tue Nov 06 19:02:25 +0000 2018", "text": "RT @kazweida: Stay the course, Georgia and refuse to be silenced.\n\nWe\u2019ll send legal help and @PizzaToThePolls \n\n#WaveCast #WaveCastGA https\u2026", "id": 1059883723200647168, "clean_text": "RT Stay the course Georgia and refuse to be silenced We ll send legal help and WaveCast WaveCastGA https", "contain_address": false}, {"created_at": "Tue Nov 06 19:02:24 +0000 2018", "text": "RT @hodgman: This is on purpose. If you're on the ground in ATL, please help your fellow citizens to hang in there. Offer rides/rides back.\u2026", "id": 1059883717341208576, "clean_text": "RT This is on purpose If you re on the ground in ATL please help your fellow citizens to hang in there Offer rides rides back", "contain_address": false}, {"created_at": "Tue Nov 06 19:02:22 +0000 2018", "text": "RT @kazweida: Stay the course, Georgia and refuse to be silenced.\n\nWe\u2019ll send legal help and @PizzaToThePolls \n\n#WaveCast #WaveCastGA https\u2026", "id": 1059883708268703744, "clean_text": "RT Stay the course Georgia and refuse to be silenced We ll send legal help and WaveCast WaveCastGA https", "contain_address": false}, {"created_at": "Tue Nov 06 19:02:22 +0000 2018", "text": "@LuckyLyzzie @PizzaToThePolls @DebraMessing", "id": 1059883707136393217, "clean_text": "", "contain_address": false}, {"created_at": "Tue Nov 06 19:02:19 +0000 2018", "text": "RT @dmichellebz: I just donated to @pizzatothepolls! You can give today at https://t.co/BODBSFLKxC", "id": 1059883696566796288, "clean_text": "RT I just donated to You can give today at", "contain_address": false}, {"created_at": "Tue Nov 06 19:02:18 +0000 2018", "text": "RT @PizzaToThePolls: @adbeau @kira_lerner I believe 24 pizzas should be there or on their way!  Let us know if there is still a need!  You\u2026", "id": 1059883693320364032, "clean_text": "RT lerner I believe 24 pizzas should be there or on their way Let us know if there is still a need You", "contain_address": false}, {"created_at": "Tue Nov 06 19:02:18 +0000 2018", "text": "RT @leahmcelrath: DONATE\nto send pizza to polling stations where there are long lines:\n\nhttps://t.co/bye4Ldoigk\n\nYou can also REQUEST pizza\u2026", "id": 1059883692968026113, "clean_text": "RT DONATE to send pizza to polling stations where there are long lines You can also REQUEST pizza", "contain_address": false}, {"created_at": "Tue Nov 06 19:02:17 +0000 2018", "text": "RT @hodgman: This is on purpose. If you're on the ground in ATL, please help your fellow citizens to hang in there. Offer rides/rides back.\u2026", "id": 1059883689465700352, "clean_text": "RT This is on purpose If you re on the ground in ATL please help your fellow citizens to hang in there Offer rides rides back", "contain_address": false}, {"created_at": "Tue Nov 06 19:02:17 +0000 2018", "text": "RT @kazweida: Stay the course, Georgia and refuse to be silenced.\n\nWe\u2019ll send legal help and @PizzaToThePolls \n\n#WaveCast #WaveCastGA https\u2026", "id": 1059883688840908800, "clean_text": "RT Stay the course Georgia and refuse to be silenced We ll send legal help and WaveCast WaveCastGA https", "contain_address": false}, {"created_at": "Tue Nov 06 19:02:17 +0000 2018", "text": "RT @kazweida: Stay the course, Georgia and refuse to be silenced.\n\nWe\u2019ll send legal help and @PizzaToThePolls \n\n#WaveCast #WaveCastGA https\u2026", "id": 1059883688475815936, "clean_text": "RT Stay the course Georgia and refuse to be silenced We ll send legal help and WaveCast WaveCastGA https", "contain_address": false}, {"created_at": "Tue Nov 06 19:02:16 +0000 2018", "text": "RT @PizzaToThePolls: {\\__/}\n( \u2022 . \u2022)\n/ &gt; \ud83d\uddf3  psst. look at this polling place at it 1002 King St, Charleston, SC 29403, USA\n\n{\\__/}\n(\u00f2 . \u00f3)\u2026", "id": 1059883684495589377, "clean_text": "RT gt psst look at this polling place at it 1002 King St Charleston SC 29403 USA", "contain_address": true}, {"created_at": "Tue Nov 06 19:02:16 +0000 2018", "text": "RT @space__elevator: If you see long lines at the poll, let @PizzaToThePolls know and they will send some pizzas to keep people from leavin\u2026", "id": 1059883683052732416, "clean_text": "RT elevator If you see long lines at the poll let know and they will send some pizzas to keep people from leavin", "contain_address": false}, {"created_at": "Tue Nov 06 19:02:12 +0000 2018", "text": "RT @kazweida: Stay the course, Georgia and refuse to be silenced.\n\nWe\u2019ll send legal help and @PizzaToThePolls \n\n#WaveCast #WaveCastGA https\u2026", "id": 1059883665029775360, "clean_text": "RT Stay the course Georgia and refuse to be silenced We ll send legal help and WaveCast WaveCastGA https", "contain_address": false}, {"created_at": "Tue Nov 06 19:02:09 +0000 2018", "text": "RT @ClaraJeffery: attn @PizzaToThePolls https://t.co/LZsAO4Qu8J", "id": 1059883655760351233, "clean_text": "RT attn", "contain_address": false}, {"created_at": "Tue Nov 06 19:02:09 +0000 2018", "text": "RT @LuckyLyzzie: @PizzaToThePolls your help is needed at Wakefield High in Arlington VA 22204.", "id": 1059883653067620354, "clean_text": "RT your help is needed at Wakefield High in Arlington VA 22204", "contain_address": false}, {"created_at": "Tue Nov 06 19:02:07 +0000 2018", "text": "RT @DebraMessing: Tweet @PizzaToThePolls your address and they will send free pizza! https://t.co/E1sYqVwLYH", "id": 1059883647719890946, "clean_text": "RT Tweet your address and they will send free pizza", "contain_address": false}, {"created_at": "Tue Nov 06 19:02:05 +0000 2018", "text": "RT @kazweida: Stay the course, Georgia and refuse to be silenced.\n\nWe\u2019ll send legal help and @PizzaToThePolls \n\n#WaveCast #WaveCastGA https\u2026", "id": 1059883635849912320, "clean_text": "RT Stay the course Georgia and refuse to be silenced We ll send legal help and WaveCast WaveCastGA https", "contain_address": false}, {"created_at": "Tue Nov 06 19:02:03 +0000 2018", "text": "RT @hodgman: This is on purpose. If you're on the ground in ATL, please help your fellow citizens to hang in there. Offer rides/rides back.\u2026", "id": 1059883629604626433, "clean_text": "RT This is on purpose If you re on the ground in ATL please help your fellow citizens to hang in there Offer rides rides back", "contain_address": false}, {"created_at": "Tue Nov 06 19:02:03 +0000 2018", "text": "RT @kazweida: Stay the course, Georgia and refuse to be silenced.\n\nWe\u2019ll send legal help and @PizzaToThePolls \n\n#WaveCast #WaveCastGA https\u2026", "id": 1059883628623101957, "clean_text": "RT Stay the course Georgia and refuse to be silenced We ll send legal help and WaveCast WaveCastGA https", "contain_address": false}, {"created_at": "Tue Nov 06 19:02:03 +0000 2018", "text": "RT @bnixon23: @Cerriwin @kira_lerner @PizzaToThePolls says they're working on it!", "id": 1059883628036083714, "clean_text": "RT lerner says they re working on it", "contain_address": false}, {"created_at": "Tue Nov 06 19:02:00 +0000 2018", "text": "RT @hodgman: This is on purpose. If you're on the ground in ATL, please help your fellow citizens to hang in there. Offer rides/rides back.\u2026", "id": 1059883614970757126, "clean_text": "RT This is on purpose If you re on the ground in ATL please help your fellow citizens to hang in there Offer rides rides back", "contain_address": false}, {"created_at": "Tue Nov 06 19:01:59 +0000 2018", "text": "RT @Cerriwin: @kira_lerner Hey @PizzaToThePolls !!!", "id": 1059883613418860545, "clean_text": "RT lerner Hey", "contain_address": false}, {"created_at": "Tue Nov 06 19:01:58 +0000 2018", "text": "RT @Bup_Cake: Donate to @PizzaToThePolls if you can!  Help keep these folks in line! https://t.co/Pc3Tj9kUxA", "id": 1059883608775778304, "clean_text": "RT Cake Donate to if you can Help keep these folks in line", "contain_address": false}, {"created_at": "Tue Nov 06 19:01:57 +0000 2018", "text": "RT @kazweida: Stay the course, Georgia and refuse to be silenced.\n\nWe\u2019ll send legal help and @PizzaToThePolls \n\n#WaveCast #WaveCastGA https\u2026", "id": 1059883604216610822, "clean_text": "RT Stay the course Georgia and refuse to be silenced We ll send legal help and WaveCast WaveCastGA https", "contain_address": false}, {"created_at": "Tue Nov 06 19:01:57 +0000 2018", "text": "RT @bnixon23: @Cerriwin @kira_lerner @PizzaToThePolls 3150 Spain Rd, Snellville, GA 30039", "id": 1059883602345947136, "clean_text": "RT lerner 3150 Spain Rd Snellville GA 30039", "contain_address": true}, {"created_at": "Tue Nov 06 19:01:56 +0000 2018", "text": "RT @kazweida: Stay the course, Georgia and refuse to be silenced.\n\nWe\u2019ll send legal help and @PizzaToThePolls \n\n#WaveCast #WaveCastGA https\u2026", "id": 1059883599002923008, "clean_text": "RT Stay the course Georgia and refuse to be silenced We ll send legal help and WaveCast WaveCastGA https", "contain_address": false}, {"created_at": "Tue Nov 06 19:01:55 +0000 2018", "text": "@UpdogDemocrat @shaunking @PizzaToThePolls No, it definitely doesn't!", "id": 1059883595043614725, "clean_text": "No it definitely doesn t", "contain_address": false}, {"created_at": "Tue Nov 06 19:01:54 +0000 2018", "text": "In light of the problems in Georgia, we just donated to @pizzatothepolls! You can give today at https://t.co/nmjSCdqD2A", "id": 1059883591998545920, "clean_text": "In light of the problems in Georgia we just donated to You can give today at", "contain_address": false}, {"created_at": "Tue Nov 06 19:01:54 +0000 2018", "text": "RT @PizzaToThePolls: |\uffe3\uffe3\uffe3\uffe3\uffe3\uffe3|\n|  Pizza            |\n|   FOR             |\n|   2 Perry St, Charleston, SC 29403, USA\n| \uff3f\uff3f\uff3f\uff3f\uff3f__| \n(\\__/) ||\u2026", "id": 1059883589758787590, "clean_text": "RT Pizza FOR 2 Perry St Charleston SC 29403 USA", "contain_address": true}, {"created_at": "Tue Nov 06 19:01:54 +0000 2018", "text": "RT @bkehrt513: @Bridget96Rock Also, if you're in a real long line, @PizzaToThePolls will deliver pizza to your polling place on election da\u2026", "id": 1059883589549150208, "clean_text": "RT Also if you re in a real long line will deliver pizza to your polling place on election da", "contain_address": false}, {"created_at": "Tue Nov 06 19:01:51 +0000 2018", "text": "\ud83d\udc47\ud83d\udc47\nLet's do what we can to support voters. Bring water, snacks, hold their place in line, DOCUMENT.\nSend\u2026 https://t.co/XSiijpQS0d", "id": 1059883578387918848, "clean_text": "Let s do what we can to support voters Bring water snacks hold their place in line DOCUMENT Send", "contain_address": false}, {"created_at": "Tue Nov 06 19:01:50 +0000 2018", "text": "RT @leahmcelrath: DONATE\nto send pizza to polling stations where there are long lines:\n\nhttps://t.co/bye4Ldoigk\n\nYou can also REQUEST pizza\u2026", "id": 1059883575133097984, "clean_text": "RT DONATE to send pizza to polling stations where there are long lines You can also REQUEST pizza", "contain_address": false}, {"created_at": "Tue Nov 06 19:01:50 +0000 2018", "text": "RT @kazweida: Stay the course, Georgia and refuse to be silenced.\n\nWe\u2019ll send legal help and @PizzaToThePolls \n\n#WaveCast #WaveCastGA https\u2026", "id": 1059883572868333568, "clean_text": "RT Stay the course Georgia and refuse to be silenced We ll send legal help and WaveCast WaveCastGA https", "contain_address": false}, {"created_at": "Tue Nov 06 19:01:49 +0000 2018", "text": "Donate to @PizzaToThePolls if you can!  Help keep these folks in line! https://t.co/Pc3Tj9kUxA", "id": 1059883568686489600, "clean_text": "Donate to if you can Help keep these folks in line", "contain_address": false}, {"created_at": "Tue Nov 06 19:01:47 +0000 2018", "text": "RT @PizzaToThePolls: \ud83d\ude31\ud83c\udfa5 damn daniel daMn dAniel\n\nBACK AT IT AGAIN with those long lines at 412 NE 22nd St, Miami, FL 33137, USA\n\nvia https:\u2026", "id": 1059883560859926528, "clean_text": "RT damn daniel daMn dAniel BACK AT IT AGAIN with those long lines at 412 NE 22nd St Miami FL 33137 USA via https", "contain_address": true}, {"created_at": "Tue Nov 06 19:01:46 +0000 2018", "text": "RT @kazweida: Stay the course, Georgia and refuse to be silenced.\n\nWe\u2019ll send legal help and @PizzaToThePolls \n\n#WaveCast #WaveCastGA https\u2026", "id": 1059883556980252672, "clean_text": "RT Stay the course Georgia and refuse to be silenced We ll send legal help and WaveCast WaveCastGA https", "contain_address": false}, {"created_at": "Tue Nov 06 19:01:44 +0000 2018", "text": "RT @tawil786: Long lines are not an excuse NOT to vote! If there are long lines, head over to @PizzaToThePolls and get some pizza while you\u2026", "id": 1059883550135214080, "clean_text": "RT Long lines are not an excuse NOT to vote If there are long lines head over to and get some pizza while you", "contain_address": false}, {"created_at": "Tue Nov 06 19:01:44 +0000 2018", "text": "@PizzaToThePolls Annestown Elementary in Snellville, GA have 4 hour wait. \n\nHow can we help?  Thank you. @DemWrite\u2026 https://t.co/OyTKAlgVH6", "id": 1059883547794792449, "clean_text": "Annestown Elementary in Snellville GA have 4 hour wait How can we help Thank you", "contain_address": false}, {"created_at": "Tue Nov 06 19:01:40 +0000 2018", "text": "This is on purpose. If you're on the ground in ATL, please help your fellow citizens to hang in there. Offer rides/\u2026 https://t.co/EPaniSIDkR", "id": 1059883532645003266, "clean_text": "This is on purpose If you re on the ground in ATL please help your fellow citizens to hang in there Offer rides", "contain_address": false}, {"created_at": "Tue Nov 06 19:01:39 +0000 2018", "text": "@cary_northrop @PizzaToThePolls @arexismc Follow media outlets for updates. #azpol might have some numbers later", "id": 1059883529738297350, "clean_text": "northrop Follow media outlets for updates azpol might have some numbers later", "contain_address": false}, {"created_at": "Tue Nov 06 19:01:39 +0000 2018", "text": "RT @fkaburns: @tomreganWSB @PizzaToThePolls can we y'all get some pizza to this location?", "id": 1059883528194682880, "clean_text": "RT can we y all get some pizza to this location", "contain_address": false}, {"created_at": "Tue Nov 06 19:01:39 +0000 2018", "text": "RT @PizzaToThePolls: Hi, Pizza to the Polls is sending free pizza to voters waiting in line in Charleston, SC. We hope you will cover it! B\u2026", "id": 1059883527355883521, "clean_text": "RT Hi Pizza to the Polls is sending free pizza to voters waiting in line in Charleston SC We hope you will cover it B", "contain_address": false}, {"created_at": "Tue Nov 06 19:01:38 +0000 2018", "text": "RT @PizzaToThePolls: Help bring smiles to the faces of everyone hangning out at over-crowded polling places with a donation today \u27a1\ufe0f https:\u2026", "id": 1059883525887819776, "clean_text": "RT Help bring smiles to the faces of everyone hangning out at over crowded polling places with a donation today https", "contain_address": false}, {"created_at": "Tue Nov 06 19:01:38 +0000 2018", "text": "@PizzaToThePolls https://t.co/piifnAS7X4", "id": 1059883524503863296, "clean_text": "", "contain_address": false}, {"created_at": "Tue Nov 06 19:01:36 +0000 2018", "text": "RT @Passport2Dreams: I donated to @PizzaToThePolls - please consider chipping in to help keep voters fed!", "id": 1059883515917946880, "clean_text": "RT I donated to please consider chipping in to help keep voters fed", "contain_address": false}, {"created_at": "Tue Nov 06 19:01:30 +0000 2018", "text": "RT @PizzaToThePolls: Help bring smiles to the faces of everyone hangning out at over-crowded polling places with a donation today \u27a1\ufe0f https:\u2026", "id": 1059883491167535104, "clean_text": "RT Help bring smiles to the faces of everyone hangning out at over crowded polling places with a donation today https", "contain_address": false}, {"created_at": "Tue Nov 06 19:01:21 +0000 2018", "text": "RT @DebraMessing: It\u2019s voting day.!  Please don\u2019t tweet or RT rumors. Only RT official orgs. Call 866-OUR-VOTE to report verified issues.\u2026", "id": 1059883452823154688, "clean_text": "RT It s voting day Please don t tweet or RT rumors Only RT official orgs Call 866 OUR VOTE to report verified issues", "contain_address": false}, {"created_at": "Tue Nov 06 19:01:20 +0000 2018", "text": "I just donated to @pizzatothepolls! You can give today at https://t.co/ZlSwIHhCyV", "id": 1059883450201595904, "clean_text": "I just donated to You can give today at", "contain_address": false}, {"created_at": "Tue Nov 06 19:01:17 +0000 2018", "text": "@PizzaToThePolls this the greatest thing ever", "id": 1059883437581049856, "clean_text": "this the greatest thing ever", "contain_address": false}, {"created_at": "Tue Nov 06 19:01:15 +0000 2018", "text": "RT @PizzaToThePolls: Hi, Pizza to the Polls is sending free pizza to voters waiting in line in Charleston, SC. We hope you will cover it! B\u2026", "id": 1059883429112758272, "clean_text": "RT Hi Pizza to the Polls is sending free pizza to voters waiting in line in Charleston SC We hope you will cover it B", "contain_address": false}, {"created_at": "Tue Nov 06 19:01:15 +0000 2018", "text": "RT @PizzaToThePolls: \ud83d\udc51\n\ud83c\udf55  \ud83c\udf55\n\ud83d\udc41  \ud83d\udc41\ud83d\udc42\n   \ud83d\udc43  \n   \ud83d\udc44 - Oh? They need pizza at Anderson Livsey Ln, Snellville, GA 30039, USA\n   \nvia https://t.co/r\u2026", "id": 1059883427015675904, "clean_text": "RT Oh They need pizza at Anderson Livsey Ln Snellville GA 30039 USA via", "contain_address": false}, {"created_at": "Tue Nov 06 19:01:15 +0000 2018", "text": "RT @PizzaToThePolls: Hi, Pizza to the Polls is sending free pizza to voters waiting in line in Charleston, SC. We hope you will cover it! B\u2026", "id": 1059883426675748864, "clean_text": "RT Hi Pizza to the Polls is sending free pizza to voters waiting in line in Charleston SC We hope you will cover it B", "contain_address": false}, {"created_at": "Tue Nov 06 19:01:14 +0000 2018", "text": "RT @kazweida: Stay the course, Georgia and refuse to be silenced.\n\nWe\u2019ll send legal help and @PizzaToThePolls \n\n#WaveCast #WaveCastGA https\u2026", "id": 1059883425065328640, "clean_text": "RT Stay the course Georgia and refuse to be silenced We ll send legal help and WaveCast WaveCastGA https", "contain_address": false}, {"created_at": "Tue Nov 06 19:01:13 +0000 2018", "text": "RT @kazweida: Stay the course, Georgia and refuse to be silenced.\n\nWe\u2019ll send legal help and @PizzaToThePolls \n\n#WaveCast #WaveCastGA https\u2026", "id": 1059883419327434752, "clean_text": "RT Stay the course Georgia and refuse to be silenced We ll send legal help and WaveCast WaveCastGA https", "contain_address": false}, {"created_at": "Tue Nov 06 19:01:12 +0000 2018", "text": "RT @kazweida: Stay the course, Georgia and refuse to be silenced.\n\nWe\u2019ll send legal help and @PizzaToThePolls \n\n#WaveCast #WaveCastGA https\u2026", "id": 1059883413623189505, "clean_text": "RT Stay the course Georgia and refuse to be silenced We ll send legal help and WaveCast WaveCastGA https", "contain_address": false}, {"created_at": "Tue Nov 06 19:01:10 +0000 2018", "text": "RT @leahmcelrath: DONATE\nto send pizza to polling stations where there are long lines:\n\nhttps://t.co/bye4Ldoigk\n\nYou can also REQUEST pizza\u2026", "id": 1059883405242855425, "clean_text": "RT DONATE to send pizza to polling stations where there are long lines You can also REQUEST pizza", "contain_address": false}, {"created_at": "Tue Nov 06 19:01:07 +0000 2018", "text": "RT @fkaburns: @tomreganWSB @PizzaToThePolls can we y'all get some pizza to this location?", "id": 1059883393020780546, "clean_text": "RT can we y all get some pizza to this location", "contain_address": false}, {"created_at": "Tue Nov 06 19:01:06 +0000 2018", "text": "RT @KSadyLady: @dawsonfmuniv @RepSwalwell @GOP @PizzaToThePolls https://t.co/OAitEyjidL", "id": 1059883391506673664, "clean_text": "RT", "contain_address": false}, {"created_at": "Tue Nov 06 19:01:02 +0000 2018", "text": "RT @cameronkgvi: @_2lite @ljoywilliams @PizzaToThePolls please send pizzas to these people so that they stay.  Anyone in the area who can d\u2026", "id": 1059883373810905090, "clean_text": "RT 2lite please send pizzas to these people so that they stay Anyone in the area who can d", "contain_address": false}, {"created_at": "Tue Nov 06 19:01:00 +0000 2018", "text": "@kazweida @PizzaToThePolls Where the hell is @jeffsessions and the Civil Rights Division of DOJ?", "id": 1059883364751044608, "clean_text": "Where the hell is and the Civil Rights Division of DOJ", "contain_address": false}, {"created_at": "Tue Nov 06 19:01:00 +0000 2018", "text": "RT @PizzaToThePolls: @jennhsu @WNYC We have been sending pizzas throughout the day, we will continue to add these reports!  Thank you for a\u2026", "id": 1059883364709130240, "clean_text": "RT We have been sending pizzas throughout the day we will continue to add these reports Thank you for a", "contain_address": false}, {"created_at": "Tue Nov 06 19:00:58 +0000 2018", "text": "RT @PizzaToThePolls: @cameronkgvi @_2lite @ljoywilliams Can you share the exact location?  We would love to send pizza.", "id": 1059883357289426944, "clean_text": "RT 2lite Can you share the exact location We would love to send pizza", "contain_address": false}, {"created_at": "Tue Nov 06 19:00:57 +0000 2018", "text": "RT @kazweida: Stay the course, Georgia and refuse to be silenced.\n\nWe\u2019ll send legal help and @PizzaToThePolls \n\n#WaveCast #WaveCastGA https\u2026", "id": 1059883350893113344, "clean_text": "RT Stay the course Georgia and refuse to be silenced We ll send legal help and WaveCast WaveCastGA https", "contain_address": false}, {"created_at": "Tue Nov 06 19:00:54 +0000 2018", "text": "@morethanmySLE donate to @PizzaToThePolls", "id": 1059883341619453952, "clean_text": "donate to", "contain_address": false}, {"created_at": "Tue Nov 06 19:00:54 +0000 2018", "text": "RT @nobledemonsxo: Long line at your polling booth? Are people leaving? Don't let them, take a picture/tweet/snap about the line and let @P\u2026", "id": 1059883339132194816, "clean_text": "RT Long line at your polling booth Are people leaving Don t let them take a picture tweet snap about the line and let", "contain_address": false}, {"created_at": "Tue Nov 06 19:00:53 +0000 2018", "text": "RT @DebraMessing: Tweet @PizzaToThePolls your address and they will send free pizza! https://t.co/E1sYqVwLYH", "id": 1059883336011665409, "clean_text": "RT Tweet your address and they will send free pizza", "contain_address": false}, {"created_at": "Tue Nov 06 19:00:53 +0000 2018", "text": "RT @bathsalts2016: @carrieisbusy @kira_lerner @PizzaToThePolls THANKS!!! Just donated!", "id": 1059883333654642689, "clean_text": "RT lerner THANKS Just donated", "contain_address": false}, {"created_at": "Tue Nov 06 19:00:51 +0000 2018", "text": "RT @PizzaToThePolls: Help bring smiles to the faces of everyone hangning out at over-crowded polling places with a donation today \u27a1\ufe0f https:\u2026", "id": 1059883328302653440, "clean_text": "RT Help bring smiles to the faces of everyone hangning out at over crowded polling places with a donation today https", "contain_address": false}, {"created_at": "Tue Nov 06 19:00:51 +0000 2018", "text": "RT @ljhickey24: @dawsonfmuniv @KSadyLady @RepSwalwell @GOP @PizzaToThePolls @PizzaToThePolls what a FANTASTIC IDEA!!  Now we just need Coke\u2026", "id": 1059883327199567878, "clean_text": "RT what a FANTASTIC IDEA Now we just need Coke", "contain_address": false}, {"created_at": "Tue Nov 06 19:00:49 +0000 2018", "text": "RT @carrieisbusy: @bathsalts2016 @kira_lerner @PizzaToThePolls is on it! You can donate to them &amp; they send pizza for voters to eat while w\u2026", "id": 1059883317280063490, "clean_text": "RT lerner is on it You can donate to them amp they send pizza for voters to eat while w", "contain_address": false}, {"created_at": "Tue Nov 06 19:00:45 +0000 2018", "text": "RT @kazweida: Stay the course, Georgia and refuse to be silenced.\n\nWe\u2019ll send legal help and @PizzaToThePolls \n\n#WaveCast #WaveCastGA https\u2026", "id": 1059883301601796096, "clean_text": "RT Stay the course Georgia and refuse to be silenced We ll send legal help and WaveCast WaveCastGA https", "contain_address": false}, {"created_at": "Tue Nov 06 19:00:44 +0000 2018", "text": "RT @PizzaToThePolls: Word on the street is there's a line at 315 Ralph McGill Blvd NE, Atlanta, GA 30312, USA \n\nvia https://t.co/ic5LgkYSxK", "id": 1059883296883204096, "clean_text": "RT Word on the street is there s a line at 315 Ralph McGill Blvd NE Atlanta GA 30312 USA via", "contain_address": false}, {"created_at": "Tue Nov 06 19:00:43 +0000 2018", "text": "RT @dawsonfmuniv: @KSadyLady @RepSwalwell @GOP We can send @PizzaToThePolls if we have the specific address.", "id": 1059883293116694533, "clean_text": "RT We can send if we have the specific address", "contain_address": false}, {"created_at": "Tue Nov 06 19:00:42 +0000 2018", "text": "@funder @TeaPainUSA @PizzaToThePolls", "id": 1059883288985104384, "clean_text": "", "contain_address": false}, {"created_at": "Tue Nov 06 19:00:40 +0000 2018", "text": "@PizzaToThePolls @DebraMessing We have 439 polling places open and that was the one with the worst problems. Most o\u2026 https://t.co/fRK8R7ehK5", "id": 1059883278969167872, "clean_text": "We have 439 polling places open and that was the one with the worst problems Most o", "contain_address": false}, {"created_at": "Tue Nov 06 19:00:39 +0000 2018", "text": "RT @kazweida: Stay the course, Georgia and refuse to be silenced.\n\nWe\u2019ll send legal help and @PizzaToThePolls \n\n#WaveCast #WaveCastGA https\u2026", "id": 1059883275873804289, "clean_text": "RT Stay the course Georgia and refuse to be silenced We ll send legal help and WaveCast WaveCastGA https", "contain_address": false}, {"created_at": "Tue Nov 06 19:00:36 +0000 2018", "text": "RT @PizzaToThePolls: Hi, Pizza to the Polls is sending free pizza to voters waiting in line in Charleston, SC. We hope you will cover it! B\u2026", "id": 1059883264373129216, "clean_text": "RT Hi Pizza to the Polls is sending free pizza to voters waiting in line in Charleston SC We hope you will cover it B", "contain_address": false}, {"created_at": "Tue Nov 06 19:00:36 +0000 2018", "text": "RT @nbeaudrot: @brianbeutler I did a quick skim of the pictures on @PizzaToThePolls and there were a couple in Cobb (probably Kemp's best i\u2026", "id": 1059883262653407232, "clean_text": "RT I did a quick skim of the pictures on and there were a couple in Cobb probably Kemp s best i", "contain_address": false}, {"created_at": "Tue Nov 06 19:00:35 +0000 2018", "text": "@reallyruth @Freeyourmindkid @PizzaToThePolls Thank you!", "id": 1059883260019265537, "clean_text": "Thank you", "contain_address": false}, {"created_at": "Tue Nov 06 19:00:33 +0000 2018", "text": "@PizzaToThePolls Olney, MD", "id": 1059883251878236160, "clean_text": "Olney MD", "contain_address": false}, {"created_at": "Tue Nov 06 19:00:33 +0000 2018", "text": "RT @nobledemonsxo: Long line at your polling booth? Are people leaving? Don't let them, take a picture/tweet/snap about the line and let @P\u2026", "id": 1059883249613398021, "clean_text": "RT Long line at your polling booth Are people leaving Don t let them take a picture tweet snap about the line and let", "contain_address": false}, {"created_at": "Tue Nov 06 19:00:31 +0000 2018", "text": "RT @PizzaToThePolls: Checking our list (twice) but we hear lines aren't nice at 1518 Main Rd, Johns Island, SC 29455, USA\n\n\u2002\u2002\u2002\u2002\ud83c\udf55\n\u2002\u2002\u2002\u2002\ud83c\udf84\n\u2002\u2002\u2002\ud83c\udf84\u2026", "id": 1059883244093620224, "clean_text": "RT Checking our list twice but we hear lines aren t nice at 1518 Main Rd Johns Island SC 29455 USA", "contain_address": true}, {"created_at": "Tue Nov 06 19:00:29 +0000 2018", "text": "I just donated to @pizzatothepolls! You can give today at https://t.co/MdPJdBLpEn", "id": 1059883234782113793, "clean_text": "I just donated to You can give today at", "contain_address": false}, {"created_at": "Tue Nov 06 19:00:28 +0000 2018", "text": "RT @PizzaToThePolls: \ud83d\ude31\ud83c\udfa5 damn daniel daMn dAniel\n\nBACK AT IT AGAIN with those long lines at 2031 N Arizona Ave, Chandler, AZ 85225, USA\n\nvia\u2026", "id": 1059883232550965248, "clean_text": "RT damn daniel daMn dAniel BACK AT IT AGAIN with those long lines at 2031 N Arizona Ave Chandler AZ 85225 USA via", "contain_address": true}, {"created_at": "Tue Nov 06 19:00:28 +0000 2018", "text": "I just donated to @pizzatothepolls! You can give today at https://t.co/lC2SLUhnkC\nDon't forget to vote!", "id": 1059883230264872960, "clean_text": "I just donated to You can give today at Don t forget to vote", "contain_address": false}, {"created_at": "Tue Nov 06 19:00:28 +0000 2018", "text": "RT @nbeaudrot: @brianbeutler @PizzaToThePolls Okay, being a little more rigorous ... I counted pizza requests to 10 Abrams-friendly locatio\u2026", "id": 1059883229119963138, "clean_text": "RT Okay being a little more rigorous I counted pizza requests to 10 Abrams friendly locatio", "contain_address": false}, {"created_at": "Tue Nov 06 19:00:25 +0000 2018", "text": "RT @kimrrenfro: Seeing all these long lines and broken machines and structurally disenchfranchised communities? The LEAST we can do right n\u2026", "id": 1059883216532725760, "clean_text": "RT Seeing all these long lines and broken machines and structurally disenchfranchised communities The LEAST we can do right n", "contain_address": false}, {"created_at": "Tue Nov 06 19:00:24 +0000 2018", "text": "RT @kazweida: Stay the course, Georgia and refuse to be silenced.\n\nWe\u2019ll send legal help and @PizzaToThePolls \n\n#WaveCast #WaveCastGA https\u2026", "id": 1059883213701767174, "clean_text": "RT Stay the course Georgia and refuse to be silenced We ll send legal help and WaveCast WaveCastGA https", "contain_address": false}, {"created_at": "Tue Nov 06 19:00:24 +0000 2018", "text": "RT @kazweida: Stay the course, Georgia and refuse to be silenced.\n\nWe\u2019ll send legal help and @PizzaToThePolls \n\n#WaveCast #WaveCastGA https\u2026", "id": 1059883213160615942, "clean_text": "RT Stay the course Georgia and refuse to be silenced We ll send legal help and WaveCast WaveCastGA https", "contain_address": false}, {"created_at": "Tue Nov 06 19:00:20 +0000 2018", "text": "RT @nbeaudrot: @brianbeutler @PizzaToThePolls There has been some previous reporting of Gwinnett County officials, who are overwhelmingly w\u2026", "id": 1059883197113253888, "clean_text": "RT There has been some previous reporting of Gwinnett County officials who are overwhelmingly w", "contain_address": false}, {"created_at": "Tue Nov 06 19:00:18 +0000 2018", "text": "Hey @PizzaToThePolls is pretty awesome and everyone should check it out. Also VOTE!", "id": 1059883186748973056, "clean_text": "Hey is pretty awesome and everyone should check it out Also VOTE", "contain_address": false}, {"created_at": "Tue Nov 06 19:00:18 +0000 2018", "text": "RT @Alyssa_Milano: Do you all know about @PizzaToThePolls? \n\nYou can donate to the fund at https://t.co/3bdV8hIS0a! \n\nAnd if you see hungry\u2026", "id": 1059883186568749058, "clean_text": "RT Milano Do you all know about You can donate to the fund at And if you see hungry", "contain_address": false}, {"created_at": "Tue Nov 06 19:00:17 +0000 2018", "text": "RT @PizzaToThePolls: Help bring smiles to the faces of everyone hangning out at over-crowded polling places with a donation today \u27a1\ufe0f https:\u2026", "id": 1059883182458163200, "clean_text": "RT Help bring smiles to the faces of everyone hangning out at over crowded polling places with a donation today https", "contain_address": false}, {"created_at": "Tue Nov 06 19:00:13 +0000 2018", "text": "RT @DHRicker: @PizzaToThePolls \ud83d\udc4d\ud83c\udffcSend donut holes next time: Holes to the Polls!", "id": 1059883166733946880, "clean_text": "RT Send donut holes next time Holes to the Polls", "contain_address": false}, {"created_at": "Tue Nov 06 19:00:12 +0000 2018", "text": "RT @reallyruth: @EWKWA @Freeyourmindkid donate to @PizzaToThePolls they are aware of the situation and are sending food and drink.  I just\u2026", "id": 1059883164967956480, "clean_text": "RT donate to they are aware of the situation and are sending food and drink I just", "contain_address": false}, {"created_at": "Tue Nov 06 19:00:10 +0000 2018", "text": "RT @PizzaToThePolls: Happy voting everyone!! Here\u2019s hoping your voting journey is quick and easy today but if you get stuck in line, we\u2019re\u2026", "id": 1059883156621479943, "clean_text": "RT Happy voting everyone Here s hoping your voting journey is quick and easy today but if you get stuck in line we re", "contain_address": false}, {"created_at": "Tue Nov 06 19:00:09 +0000 2018", "text": "@hahheather @PizzaToThePolls Pizza Barn", "id": 1059883150917189632, "clean_text": "Pizza Barn", "contain_address": false}, {"created_at": "Tue Nov 06 19:00:06 +0000 2018", "text": "RT @DebraMessing: Tweet @PizzaToThePolls your address and they will send free pizza! https://t.co/E1sYqVwLYH", "id": 1059883136618819584, "clean_text": "RT Tweet your address and they will send free pizza", "contain_address": false}, {"created_at": "Tue Nov 06 19:00:04 +0000 2018", "text": "@PizzaToThePolls Thank you, thank you, thank you!!!!!", "id": 1059883129949900801, "clean_text": "Thank you thank you thank you", "contain_address": false}, {"created_at": "Tue Nov 06 19:00:03 +0000 2018", "text": "I just donated to @pizzatothepolls! You can give today at https://t.co/stAE8LouP7", "id": 1059883127097704449, "clean_text": "I just donated to You can give today at", "contain_address": false}, {"created_at": "Tue Nov 06 19:00:00 +0000 2018", "text": "RT @KristineTAllen: My hats off to @PizzaToThePolls. This is the greatest election thing ever \ud83c\udf55\ud83d\uddf3  If you've got a long line at your polling\u2026", "id": 1059883113558536192, "clean_text": "RT My hats off to This is the greatest election thing ever If you ve got a long line at your polling", "contain_address": false}, {"created_at": "Tue Nov 06 19:00:00 +0000 2018", "text": "RT @PizzaToThePolls: @rarosales15 @_2lite @ljoywilliams @NAACP @GeorgiaDemocrat Pizza should be there or on the way!  Keep us posted and le\u2026", "id": 1059883112702722053, "clean_text": "RT 2lite Pizza should be there or on the way Keep us posted and le", "contain_address": false}]